Time,RTT
9.10173,6.101
9.10373,5.33863
9.10448,4.67167
9.10449,4.08809
9.10535,3.57758
9.10536,3.13088
9.1066,2.74014
9.10661,2.398
9.10773,2.09863
9.10774,1.83667
9.10885,1.60759
9.10886,1.40714
9.10998,1.23175
9.10999,1.07828
9.1111,0.944244
9.11111,0.826964
9.11223,0.724343
9.11224,0.63455
9.11348,0.556107
9.11349,0.487468
9.1146,0.42741
9.11461,0.374859
9.11573,0.329001
9.11574,0.288876
9.11685,0.253767
9.11686,0.223046
9.11798,0.19629
9.11799,0.172879
9.1191,0.152519
9.11911,0.134704
9.12085,0.119241
9.12086,0.105711
9.12148,0.0937471
9.1216,0.0832787
9.12223,0.0742438
9.1226,0.0663384
9.1231,0.0594211
9.12373,0.0533684
9.12423,0.0481974
9.12623,0.0439227
9.12624,0.0400574
9.1266,0.0366752
9.12661,0.0337158
9.12773,0.0312513
9.12774,0.0289699
9.12885,0.0270987
9.12886,0.0254613
9.12998,0.0241537
9.12999,0.0228845
9.1311,0.0220239
9.13111,0.0212709
9.13235,0.020737
9.13236,0.0201449
9.13348,0.0197518
9.13349,0.0194078
9.1346,0.0192318
9.13535,0.0190779
9.13536,0.0189431
9.13635,0.0189502
9.1371,0.0190815
9.13711,0.0189463
9.13798,0.018828
9.13799,0.0187245
9.13923,0.0187589
9.13924,0.0187891
9.14035,0.0188154
9.14036,0.0188385
9.14148,0.0188587
9.14149,0.0188764
9.1426,0.0188918
9.14261,0.0189053
9.14373,0.0189172
9.14374,0.0186775
9.14498,0.0185928
9.14499,0.0185187
9.14598,0.0185789
9.14599,0.0185065
9.14723,0.0186932
9.14724,0.0187316
9.14835,0.0188901
9.14836,0.0189038
9.14948,0.0190409
9.14949,0.0191608
9.1506,0.0191407
9.15061,0.0191231
9.15173,0.0191077
9.15174,0.0190942
9.15285,0.0190825
9.15286,0.0190721
9.1541,0.0191881
9.15498,0.0191646
9.15499,0.019144
9.15573,0.019126
9.15648,0.0191103
9.15649,0.0190965
9.15748,0.0192094
9.15823,0.0194332
9.15824,0.0193791
9.15923,0.0194567
9.15998,0.0193996
9.15999,0.0193497
9.16085,0.019306
9.1616,0.0193927
9.16161,0.0194686
9.1626,0.019535
9.16335,0.0197182
9.16336,0.0197534
9.16435,0.0199092
9.16436,0.0199206
9.1656,0.0200555
9.16561,0.0200486
9.1666,0.0201675
9.16661,0.0200216
9.16773,0.0200189
9.16774,0.0198915
9.16898,0.0199051
9.16899,0.0197919
9.1701,0.0199429
9.17011,0.0199501
9.17123,0.0200813
9.17124,0.0200711
9.17235,0.0201873
9.17236,0.0201638
9.17348,0.0202684
9.17349,0.0203598
9.1746,0.0203148
9.17461,0.0202755
9.17573,0.020366
9.17648,0.0204453
9.17649,0.0203896
9.17748,0.0204659
9.17749,0.0204077
9.1786,0.0203567
9.17861,0.0203121
9.17985,0.0202731
9.17986,0.020239
9.18098,0.0203341
9.18099,0.0202923
9.1821,0.0203808
9.18211,0.0204582
9.18323,0.0205259
9.18324,0.0204602
9.18435,0.0205277
9.18436,0.0204617
9.1856,0.020529
9.18561,0.0205879
9.1866,0.0206394
9.18661,0.0206845
9.18785,0.0207239
9.18786,0.0207584
9.1896,0.0209136
9.18961,0.0210494
9.1901,0.0211682
9.19035,0.0212722
9.19085,0.0211132
9.19123,0.021099
9.19185,0.0209616
9.19235,0.0209664
9.19298,0.0208456
9.19348,0.0208649
9.1941,0.0208818
9.19473,0.0208966
9.19523,0.0209095
9.19585,0.0209208
9.19635,0.0209307
9.19698,0.0208144
9.19748,0.0208376
9.1981,0.0209829
9.19873,0.020985
9.19923,0.0211119
9.19985,0.0210979
9.20035,0.0212107
9.20098,0.0211843
9.20148,0.0212863
9.2021,0.0213755
9.20273,0.0214536
9.20323,0.0213969
9.20385,0.0213473
9.20435,0.0213039
9.20498,0.0212659
9.2056,0.0212326
9.2061,0.0213286
9.20673,0.0212875
9.20723,0.0213766
9.20785,0.0213295
9.20835,0.0214133
9.20898,0.0213616
9.2096,0.0214414
9.2101,0.0216362
9.21073,0.0215567
9.21123,0.0216121
9.21185,0.0215356
9.21235,0.0215937
9.21298,0.0216445
9.2136,0.0216889
9.2141,0.0218528
9.21473,0.0218712
9.21585,0.0220123
9.21598,0.0220107
9.21698,0.0220094
9.21773,0.0221332
9.21774,0.0221166
9.2181,0.022227
9.21873,0.0221986
9.21923,0.0222988
9.21985,0.0222614
9.22048,0.0222288
9.22098,0.0222002
9.2216,0.0223001
9.2221,0.0223876
9.22273,0.0224642
9.22323,0.0225312
9.22385,0.0225898
9.22448,0.022641
9.22498,0.0225609
9.2256,0.0226158
9.2261,0.0226638
9.22673,0.0227058
9.22723,0.0227426
9.22785,0.0227748
9.22848,0.0228029
9.22898,0.0227026
9.2296,0.0227397
9.2301,0.0227723
9.23073,0.0228007
9.23123,0.0228256
9.23248,0.0229724
9.2326,0.0229759
9.23298,0.0228539
9.2336,0.0228722
9.2341,0.0230131
9.23473,0.0230115
9.23598,0.0231351
9.23599,0.0231182
9.23648,0.0232284
9.23698,0.0231999
9.2376,0.0231749
9.2381,0.023278
9.23935,0.0233683
9.23948,0.0234472
9.23985,0.0233913
9.24048,0.0233424
9.24098,0.0232996
9.2416,0.0232622
9.2421,0.0233544
9.24273,0.0233101
9.24335,0.0233963
9.24385,0.0233468
9.24448,0.0234284
9.24498,0.0233749
9.2456,0.023453
9.24623,0.0235214
9.24673,0.0235812
9.24735,0.0236336
9.24785,0.0236794
9.24848,0.0237194
9.24898,0.0237545
9.2496,0.0237852
9.25023,0.0238121
9.25073,0.0238355
9.25135,0.0238561
9.25185,0.0238741
9.25248,0.0238898
9.25298,0.0239036
9.2536,0.0239156
9.25423,0.0239262
9.25473,0.0239354
9.25535,0.0239435
9.25585,0.0238256
9.25648,0.0238474
9.25698,0.0238664
9.2576,0.0240081
9.25885,0.0241321
9.25886,0.0241156
9.25935,0.0242261
9.25985,0.0241979
9.26048,0.0242981
9.2611,0.0243859
9.2616,0.0244626
9.26223,0.0245298
9.26273,0.0244636
9.26335,0.0244056
9.26385,0.0243549
9.26448,0.0244356
9.2651,0.0245061
9.2656,0.0245679
9.26623,0.0246219
9.26673,0.0245441
9.26798,0.0246011
9.26799,0.024526
9.26848,0.0245852
9.2691,0.0246371
9.2696,0.0246824
9.27023,0.0248471
9.27073,0.0248662
9.27135,0.024883
9.27185,0.0248976
9.27248,0.0249104
9.2731,0.0250466
9.2736,0.0250408
9.27423,0.0251607
9.27473,0.0251406
9.27535,0.025123
9.27598,0.0251076
9.27648,0.0250942
9.2771,0.0252074
9.2776,0.0251815
9.27823,0.0252838
9.27873,0.0252483
9.27935,0.0252173
9.27998,0.0251901
9.28048,0.0251664
9.28173,0.0252706
9.28174,0.0253617
9.28223,0.0254415
9.28273,0.0255113
9.28335,0.0255724
9.28398,0.0255009
9.28448,0.0255633
9.2851,0.0256178
9.2856,0.0256656
9.28623,0.0257074
9.28685,0.025619
9.28735,0.0256666
9.28798,0.0255833
9.28848,0.0256354
9.2891,0.025681
9.2896,0.0257208
9.29023,0.0257557
9.29085,0.0256613
9.29135,0.0257036
9.29198,0.0256157
9.29248,0.0256637
9.2931,0.0257057
9.2936,0.0257425
9.29423,0.0258997
9.29535,0.0260372
9.29536,0.0260326
9.29648,0.0261535
9.29649,0.0261343
9.2976,0.0262425
9.29761,0.0262122
9.29885,0.0263107
9.29886,0.0262719
9.29998,0.0262379
9.29999,0.0262081
9.3011,0.0263071
9.30111,0.0263937
9.30223,0.0264695
9.30224,0.0265358
9.30335,0.0265938
9.30336,0.0265196
9.30448,0.0265797
9.30449,0.0265072
9.30573,0.0265688
9.30574,0.0266227
9.30685,0.0266699
9.30686,0.0267111
9.30798,0.0267472
9.30799,0.0266538
9.3091,0.0268221
9.30911,0.0268443
9.31023,0.0269888
9.31024,0.0269902
9.31135,0.0271164
9.31136,0.0271019
9.3126,0.0270891
9.31261,0.027078
9.31373,0.0270682
9.31374,0.0270597
9.31498,0.0270522
9.31499,0.0270457
9.31598,0.02704
9.31599,0.02691
9.3171,0.0270463
9.31711,0.0270405
9.31823,0.0271604
9.31824,0.0272654
9.31998,0.0273572
9.31999,0.0274375
9.3206,0.0275078
9.32073,0.0274444
9.32135,0.0275138
9.32173,0.0274496
9.32223,0.0273934
9.32285,0.0273442
9.32335,0.0273012
9.32398,0.0272635
9.3246,0.0272306
9.3251,0.0273268
9.32573,0.0272859
9.32623,0.0273752
9.32685,0.0273283
9.32748,0.0274122
9.32798,0.0272357
9.3286,0.0272063
9.3291,0.0271805
9.32973,0.0271579
9.33023,0.0272632
9.33085,0.0272303
9.33148,0.0273265
9.33198,0.0272857
9.3326,0.027375
9.3331,0.0274531
9.33373,0.0275215
9.33423,0.0275813
9.3356,0.0277586
9.33561,0.0277888
9.3366,0.0279402
9.33661,0.0278227
9.33773,0.0278448
9.33774,0.0277392
9.33885,0.0277718
9.33886,0.0276753
9.33998,0.0277159
9.33999,0.0276264
9.3411,0.0277981
9.34111,0.0278234
9.34235,0.0279704
9.34236,0.0280991
9.34348,0.0282117
9.34349,0.0283103
9.3446,0.0283965
9.34461,0.0284719
9.34573,0.0284129
9.34574,0.0283613
9.34685,0.0283162
9.34686,0.0282766
9.34798,0.0282421
9.34799,0.0282118
9.3491,0.0283103
9.34911,0.0283965
9.35035,0.028472
9.35036,0.028538
9.35148,0.0285957
9.35149,0.0286463
9.3526,0.0286905
9.35261,0.0287292
9.35373,0.028763
9.35374,0.0287926
9.35498,0.0288186
9.35499,0.0288412
9.35598,0.0288611
9.35599,0.0288784
9.35723,0.0290186
9.35724,0.0291413
9.35835,0.0292486
9.35836,0.0292176
9.35948,0.0293154
9.35949,0.0292759
9.3606,0.0293665
9.36061,0.0293206
9.36173,0.0294056
9.36174,0.0293549
9.36285,0.0293105
9.36286,0.0292717
9.36398,0.0292377
9.36399,0.029083
9.36523,0.0291976
9.36524,0.0291729
9.36635,0.0292763
9.36636,0.0293668
9.36748,0.0294459
9.36749,0.0295152
9.3686,0.0295758
9.36861,0.0296288
9.36973,0.0296752
9.36974,0.0297158
9.37085,0.0296263
9.37086,0.029548
9.3721,0.0296045
9.37211,0.029654
9.37385,0.0296972
9.37386,0.0297351
9.37435,0.0297682
9.37436,0.0297972
9.3756,0.0298225
9.37561,0.0298447
9.3766,0.0298641
9.37661,0.0298811
9.37773,0.029896
9.37774,0.029909
9.37885,0.0300453
9.37886,0.0299147
9.3801,0.0300503
9.38011,0.030044
9.38123,0.0301635
9.38124,0.0301431
9.38235,0.0302502
9.38236,0.0302189
9.38348,0.0303166
9.38349,0.030277
9.3846,0.0303674
9.38461,0.0303214
9.38573,0.0304063
9.38574,0.0303555
9.38698,0.030436
9.38699,0.0302565
9.3881,0.0303495
9.38811,0.0303058
9.38923,0.0303926
9.38924,0.0303435
9.39035,0.0304256
9.39036,0.0304974
9.39148,0.0305602
9.39149,0.0306152
9.3926,0.0306633
9.39261,0.0307054
9.39385,0.0307422
9.39386,0.0307744
9.39498,0.0308026
9.39499,0.0308273
9.3961,0.0308489
9.39611,0.0308678
9.39723,0.0308843
9.39724,0.0308988
9.39835,0.0309114
9.39836,0.0309225
9.39948,0.0309322
9.39949,0.0309407
9.4006,0.0309481
9.40061,0.0309546
9.40185,0.0309602
9.40186,0.0309652
9.40298,0.0310946
9.40299,0.0309577
9.4041,0.031088
9.40411,0.031077
9.40523,0.0311924
9.40524,0.0311683
9.40635,0.0312723
9.40636,0.0312383
9.40748,0.0313335
9.40749,0.0312918
9.40873,0.0313803
9.40874,0.0313328
9.40985,0.0314162
9.40986,0.0313642
9.41098,0.0314436
9.41099,0.0312632
9.4121,0.0313553
9.41211,0.0313109
9.41323,0.031397
9.41324,0.0313474
9.41435,0.031429
9.41436,0.0315003
9.4156,0.0315628
9.41561,0.0316174
9.41673,0.0316653
9.41674,0.0317071
9.41785,0.0317437
9.41786,0.0317758
9.41898,0.0318038
9.41899,0.0318283
9.4201,0.0318498
9.42011,0.0318686
9.42123,0.031885
9.42124,0.0318994
9.42235,0.0319119
9.42236,0.0319229
9.4236,0.0319326
9.42361,0.031941
9.42473,0.0319484
9.42474,0.0319548
9.42585,0.0319605
9.42586,0.0319654
9.42698,0.0320947
9.42699,0.0320829
9.4281,0.0323225
9.42811,0.0322822
9.42923,0.0323719
9.42924,0.0323254
9.43035,0.0324098
9.43036,0.0323585
9.4316,0.0324387
9.43161,0.0323839
9.43273,0.0324609
9.43274,0.0324033
9.43385,0.0324779
9.43386,0.0324181
9.43498,0.0324909
9.43499,0.0324295
9.4361,0.0326258
9.43611,0.0325476
9.43723,0.0326041
9.43724,0.0325286
9.43848,0.0325875
9.43849,0.0326391
9.4396,0.0326842
9.43961,0.0327237
9.44073,0.0327582
9.44074,0.0327884
9.44185,0.0328149
9.44186,0.032838
9.44298,0.0328583
9.44299,0.032876
9.4441,0.0330165
9.44411,0.0331394
9.44523,0.033122
9.44524,0.0331067
9.44648,0.0330934
9.44649,0.0330817
9.44823,0.0331965
9.44824,0.0332969
9.44873,0.0332598
9.44874,0.0332274
9.44985,0.0331989
9.44986,0.0331741
9.45098,0.0332773
9.45099,0.0332426
9.4521,0.0334623
9.45211,0.0335295
9.45335,0.0337133
9.45336,0.0336242
9.45448,0.0336711
9.45449,0.0335872
9.4556,0.0336388
9.45561,0.033559
9.45673,0.0336141
9.45674,0.0335373
9.45785,0.0335952
9.45786,0.0335208
9.45898,0.0335807
9.45899,0.0335081
9.46023,0.0336946
9.46024,0.0337328
9.46135,0.0338912
9.46136,0.0337798
9.46248,0.0338073
9.46249,0.0338314
9.4636,0.0338525
9.46361,0.0338709
9.46473,0.033887
9.46474,0.0339012
9.46585,0.0339135
9.46586,0.0339243
9.46698,0.0339338
9.46699,0.0339421
9.46823,0.0340743
9.46824,0.03419
9.46935,0.0342913
9.46936,0.0343799
9.47048,0.0343324
9.47049,0.0342908
9.4716,0.0342545
9.47161,0.0342227
9.47273,0.0341948
9.47274,0.0341705
9.47385,0.0341492
9.47386,0.0341305
9.4751,0.0343642
9.47511,0.0344437
9.47623,0.0346382
9.47624,0.0346834
9.47735,0.034848
9.47736,0.034867
9.47848,0.0350086
9.47849,0.0348826
9.4796,0.0348972
9.47961,0.0347851
9.48073,0.0348119
9.48074,0.0347104
9.48185,0.0347466
9.48186,0.0345283
9.4831,0.0345873
9.48311,0.0346389
9.48423,0.034809
9.48424,0.0348329
9.48535,0.0349788
9.48536,0.0349814
9.48648,0.0351087
9.48649,0.0352202
9.4876,0.0351926
9.48761,0.0351686
9.48873,0.0351475
9.48874,0.035129
9.48998,0.0351129
9.48999,0.0350988
9.4911,0.0352114
9.49111,0.03531
9.49223,0.0353963
9.49224,0.0354717
9.49335,0.0355378
9.49336,0.0355955
9.49448,0.0356461
9.49449,0.0356903
9.4956,0.035604
9.49561,0.0355285
9.49673,0.0354625
9.49674,0.0354047
9.49798,0.0353541
9.49799,0.0353098
9.4991,0.0355211
9.49911,0.035581
9.50023,0.0357583
9.50024,0.0357885
9.50135,0.03594
9.50136,0.0359475
9.50248,0.036079
9.50249,0.0360692
9.5036,0.0361855
9.50361,0.0360373
9.50498,0.0360327
9.50499,0.0359036
9.50598,0.0359156
9.50599,0.0358012
9.5071,0.035951
9.50711,0.0359571
9.50823,0.0360875
9.50824,0.0360766
9.50935,0.036192
9.50936,0.036168
9.51048,0.036272
9.51049,0.036363
9.5116,0.0363176
9.51161,0.0362779
9.51285,0.0362432
9.51286,0.0362128
9.51398,0.0361862
9.51399,0.0361629
9.5151,0.0362675
9.51511,0.0363591
9.51623,0.0364392
9.51624,0.0365093
9.51735,0.0365706
9.51736,0.0366243
9.51848,0.0366713
9.51849,0.0367124
9.52035,0.0367483
9.52036,0.0367798
9.52085,0.0366823
9.52086,0.036597
9.52198,0.0365224
9.52199,0.0364571
9.5231,0.03665
9.52311,0.0366937
9.52423,0.036857
9.52424,0.0368749
9.52535,0.0370155
9.52536,0.0370136
9.52648,0.0371369
9.52649,0.0371198
9.52773,0.0372298
9.52774,0.0370761
9.52885,0.0370666
9.52886,0.0369332
9.52998,0.0369416
9.52999,0.0368239
9.5311,0.0369709
9.53111,0.0369745
9.53223,0.0371027
9.53224,0.0370899
9.53335,0.0372036
9.53336,0.0371782
9.5346,0.0372809
9.53461,0.0373708
9.53573,0.0374494
9.53574,0.0375183
9.53685,0.0374535
9.53686,0.0373968
9.53798,0.0373472
9.53799,0.0373038
9.5391,0.0373908
9.53911,0.037467
9.54023,0.0375336
9.54024,0.0375919
9.54148,0.0376429
9.54149,0.0376875
9.5426,0.0377266
9.54261,0.0377608
9.54373,0.0377907
9.54374,0.0378168
9.54498,0.0377147
9.54499,0.0376254
9.54598,0.0375472
9.54599,0.0374788
9.5471,0.037669
9.54711,0.0377103
9.54823,0.0378715
9.54824,0.0378876
9.54948,0.0380267
9.54949,0.0380233
9.5506,0.0381454
9.55061,0.0381272
9.55173,0.0382363
9.55174,0.0382068
9.55285,0.0383059
9.55286,0.0381427
9.55398,0.0381249
9.55399,0.0379842
9.5551,0.0381112
9.55511,0.0380973
9.55635,0.0382101
9.55636,0.0381839
9.55748,0.0382859
9.55749,0.0381252
9.5586,0.0381095
9.55861,0.0380958
9.55973,0.0382088
9.55974,0.0383077
9.56085,0.0383943
9.56086,0.03847
9.56198,0.0384112
9.56199,0.0383598
9.5631,0.0384399
9.56311,0.0385099
9.56435,0.0385711
9.56436,0.0386247
9.5656,0.0386717
9.56561,0.0387127
9.5666,0.0387486
9.56661,0.03878
9.56773,0.0388075
9.56774,0.0388316
9.56885,0.0388526
9.56886,0.0388711
9.56998,0.0387622
9.56999,0.0386669
9.57123,0.0388335
9.57124,0.0388543
9.57235,0.0389976
9.57236,0.0389979
9.57348,0.0391231
9.57349,0.0391077
9.5746,0.0392193
9.57461,0.0391919
9.57573,0.0392929
9.57574,0.0392563
9.57685,0.0393492
9.57686,0.0393056
9.57798,0.0393924
9.57799,0.0392183
9.57923,0.039316
9.57924,0.0392765
9.58035,0.039367
9.58036,0.0393211
9.58148,0.039406
9.58149,0.0393552
9.5826,0.0394358
9.58261,0.0395063
9.58373,0.039568
9.58374,0.039622
9.58498,0.0396693
9.58499,0.0397106
9.5861,0.0398718
9.58611,0.0400128
9.58723,0.0400112
9.58724,0.0400098
9.58835,0.0400086
9.58836,0.0400075
9.58948,0.0400066
9.58949,0.0400058
9.5906,0.040005
9.59061,0.0400044
9.59173,0.0400039
9.59174,0.0400034
9.59285,0.0400029
9.59286,0.0400026
9.5941,0.0401273
9.59411,0.0402363
9.59523,0.0404568
9.59524,0.0403997
9.59635,0.0404747
9.59636,0.0404154
9.59748,0.0404885
9.59749,0.0404274
9.5986,0.040499
9.59861,0.0404366
9.59973,0.040507
9.59974,0.0404437
9.60098,0.0405132
9.60099,0.040449
9.6021,0.0406429
9.60211,0.0406876
9.60323,0.0408516
9.60324,0.0407452
9.64748,0.041027
9.64749,0.0412736
9.64823,0.0414894
9.64824,0.0415533
9.64923,0.0417341
9.64924,0.0418923
9.65048,0.0421558
9.65049,0.0405113
9.6516,0.0391974
9.65161,0.0379227
9.65273,0.0369324
9.65274,0.0359408
9.65385,0.0351982
9.65386,0.0344235
9.65498,0.0337455
9.65499,0.0331523
9.6561,0.0327583
9.65611,0.0322885
9.65723,0.0320024
9.65724,0.0317521
9.65848,0.0315331
9.65849,0.0312165
9.6596,0.0310644
9.65961,0.0309314
9.66073,0.0308149
9.66074,0.0305881
9.66185,0.0305146
9.66186,0.0303252
9.66298,0.0301596
9.66299,0.0300146
9.6641,0.0300128
9.66411,0.0300112
9.66535,0.0300098
9.66536,0.0300086
9.66648,0.0300075
9.66649,0.0300066
9.6676,0.0300057
9.66761,0.030005
9.66873,0.0300044
9.66874,0.0298788
9.66985,0.029894
9.66986,0.0297822
9.67098,0.0296845
9.67099,0.0295989
9.6721,0.029649
9.67211,0.0296929
9.67335,0.0298563
9.67336,0.0298743
9.67448,0.02989
9.67449,0.0297787
9.6756,0.0298064
9.67561,0.0297056
9.67673,0.0297424
9.67674,0.0296496
9.67785,0.0296934
9.67786,0.0296067
9.67898,0.0296559
9.67899,0.0295739
9.68023,0.0297522
9.68024,0.0297831
9.68135,0.0299352
9.68136,0.0299433
9.68248,0.0300754
9.68249,0.030066
9.6836,0.0301827
9.68361,0.0301599
9.68473,0.0302649
9.68474,0.0302318
9.68585,0.0303278
9.68586,0.0301618
9.68698,0.0301416
9.68699,0.0299989
9.68823,0.030124
9.68824,0.0301085
9.68935,0.03022
9.68936,0.0301925
9.69048,0.0302934
9.69049,0.0302567
9.6916,0.0303496
9.69161,0.0303059
9.69273,0.0303927
9.69274,0.0303436
9.69385,0.0304257
9.69386,0.0302474
9.6951,0.0303415
9.69511,0.0302988
9.69623,0.0303865
9.69624,0.0303382
9.69735,0.0304209
9.69736,0.0303683
9.69848,0.0304472
9.69849,0.0303913
9.6996,0.0304674
9.69961,0.030409
9.70073,0.0304829
9.70074,0.0304225
9.70198,0.0304947
9.70199,0.0303079
9.7031,0.0303944
9.70311,0.0303451
9.70423,0.0304269
9.70424,0.0303736
9.70535,0.0304519
9.70536,0.0303954
9.70648,0.030471
9.70649,0.0304121
9.7076,0.0304856
9.70761,0.0304249
9.70873,0.0304968
9.70874,0.0304347
9.70998,0.0305053
9.70999,0.0303172
9.7111,0.0304025
9.71111,0.0303522
9.71223,0.0304332
9.71224,0.030379
9.71335,0.0304567
9.71336,0.0303996
9.71448,0.0304746
9.71449,0.0304153
9.7156,0.0304884
9.71561,0.0304273
9.71685,0.0304989
9.71686,0.0304366
9.71798,0.030507
9.71799,0.0303186
9.7191,0.0304038
9.71911,0.0303533
9.72023,0.0304341
9.72024,0.0303799
9.72135,0.0304574
9.72136,0.0304002
9.72248,0.0304752
9.72249,0.0304158
9.7236,0.0304888
9.72361,0.0304277
9.72498,0.0304992
9.72499,0.0303118
9.72598,0.0302729
9.72599,0.0301138
9.7271,0.0302245
9.72711,0.0301965
9.72823,0.0302969
9.72824,0.0302598
9.72935,0.0303523
9.72936,0.0303083
9.73048,0.0303947
9.73123,0.0304704
9.73124,0.0305366
9.73223,0.0305945
9.73298,0.0306452
9.73299,0.0306896
9.73398,0.0306034
9.73473,0.0306529
9.73474,0.0305713
9.73573,0.0306249
9.73574,0.0305468
9.73685,0.0306034
9.73686,0.030528
9.73798,0.030587
9.73799,0.0305136
9.7391,0.0306994
9.73911,0.030737
9.74023,0.0308949
9.74024,0.030908
9.74135,0.0310445
9.74136,0.0309139
9.7426,0.0309247
9.74261,0.0308091
9.74373,0.030833
9.74374,0.0307289
9.74498,0.0307627
9.74499,0.0306674
9.74598,0.030709
9.74599,0.0306204
9.7471,0.0307928
9.74711,0.0308187
9.74823,0.0309664
9.74824,0.0309706
9.74935,0.0310992
9.74936,0.0309618
9.7506,0.0309666
9.75061,0.0308458
9.75173,0.0308651
9.75174,0.0307569
9.75285,0.0307873
9.75286,0.0306889
9.75398,0.0307278
9.75399,0.0306368
9.7551,0.0308072
9.75511,0.0308313
9.75623,0.0309774
9.75624,0.0309802
9.75748,0.0311077
9.75749,0.0309692
9.7586,0.0309731
9.75861,0.0308514
9.75973,0.03087
9.75974,0.0307613
9.76085,0.0307911
9.76086,0.0306922
9.76198,0.0306057
9.76199,0.03053
9.7631,0.0305887
9.76311,0.0306401
9.76423,0.0308101
9.76498,0.0308339
9.76499,0.0307296
9.76598,0.0307634
9.76673,0.030793
9.76674,0.0308189
9.76773,0.0308415
9.76848,0.0309863
9.76849,0.030988
9.76948,0.0311145
9.76949,0.0309752
9.77123,0.0311033
9.77124,0.0310904
9.77173,0.0310791
9.77174,0.0309442
9.77285,0.0309512
9.77286,0.0308323
9.77398,0.0308532
9.77399,0.0307466
9.7751,0.0309033
9.77511,0.0309154
9.77635,0.0310509
9.7771,0.0311696
9.77711,0.0312734
9.77798,0.0311142
9.77873,0.0310999
9.77874,0.0309624
9.77973,0.0309671
9.78048,0.0309712
9.78049,0.0309748
9.7821,0.031103
9.78285,0.0312151
9.78286,0.0311882
9.7836,0.0312897
9.78361,0.0312535
9.78435,0.0313468
9.7851,0.0314284
9.78511,0.0314999
9.78598,0.0313124
9.78673,0.0312733
9.78674,0.0311142
9.78773,0.0310999
9.78848,0.0310874
9.78849,0.0310765
9.7901,0.0311919
9.79085,0.0312929
9.79086,0.0312563
9.7916,0.0313493
9.79161,0.0313056
9.79235,0.0313924
9.7931,0.0314684
9.79311,0.0315348
9.79398,0.031343
9.79535,0.0314251
9.79536,0.031372
9.79573,0.0313255
9.79673,0.0314098
9.79674,0.0313586
9.79685,0.0311887
9.79748,0.0311651
9.7981,0.0311445
9.79923,0.0311264
9.79935,0.0311106
9.79973,0.0309718
9.80035,0.0309753
9.80085,0.0307284
9.80148,0.0306374
9.8021,0.0306827
9.8026,0.0307224
9.80323,0.0307571
9.80373,0.0307874
9.80435,0.030814
9.80498,0.0308372
9.8056,0.0307326
9.8061,0.030766
9.8066,0.0306703
9.80723,0.0305865
9.80773,0.0305132
9.80835,0.030574
9.80898,0.0306273
9.80948,0.0306739
9.8101,0.0308396
9.8106,0.0308597
9.81123,0.0308772
9.81173,0.0308926
9.81235,0.030781
9.81298,0.0306834
9.81348,0.0307229
9.8141,0.0307576
9.8146,0.0307879
9.81523,0.0308144
9.81573,0.0307126
9.81635,0.0307485
9.81698,0.03078
9.81748,0.0308075
9.8181,0.0309565
9.8186,0.030962
9.81923,0.0309667
9.81973,0.0309709
9.82035,0.0308495
9.82098,0.0307433
9.82148,0.0307754
9.8221,0.0308035
9.8226,0.030828
9.82323,0.0308495
9.82385,0.0307433
9.82435,0.0307754
9.82498,0.0308035
9.8256,0.0307031
9.8261,0.0307402
9.8266,0.0307727
9.82723,0.0308011
9.82785,0.0308259
9.82835,0.0309727
9.82898,0.0309761
9.82948,0.0309791
9.8301,0.0309817
9.8306,0.030984
9.83123,0.031111
9.83185,0.0310971
9.83235,0.03121
9.83298,0.0311837
9.83348,0.0311608
9.8341,0.0312657
9.8346,0.0312325
9.83523,0.0313284
9.83585,0.0312873
9.83635,0.0313764
9.83698,0.0313294
9.83748,0.0312882
9.8381,0.0313772
9.83873,0.03133
9.83923,0.0314138
9.83985,0.0313621
9.84035,0.0314418
9.8416,0.0315116
9.84161,0.0314476
9.8421,0.0315167
9.84273,0.0314521
9.84323,0.0315206
9.84385,0.0314555
9.84435,0.0315236
9.84498,0.0314581
9.8456,0.0314009
9.8461,0.0314757
9.84673,0.0314163
9.84723,0.0314892
9.84785,0.0314281
9.84898,0.0314996
9.8491,0.0315621
9.8496,0.0314919
9.8501,0.0315554
9.85073,0.031486
9.85123,0.0315502
9.85248,0.0316064
9.85249,0.0316556
9.85298,0.0315737
9.8536,0.031502
9.8541,0.0315642
9.85473,0.0314937
9.85523,0.031557
9.85585,0.0314874
9.85635,0.0315514
9.85698,0.0314825
9.8576,0.0314222
9.8581,0.0314944
9.85873,0.0314326
9.85923,0.0315035
9.85985,0.0314406
9.86035,0.0315105
9.86098,0.0314467
9.8616,0.0313909
9.8621,0.031467
9.86273,0.0314086
9.86323,0.0314826
9.86385,0.0314222
9.86448,0.0314945
9.86498,0.0314326
9.8656,0.0313786
9.8661,0.0314562
9.86673,0.0313992
9.86723,0.0314743
9.86785,0.031415
9.86848,0.0314881
9.86898,0.0314271
9.8696,0.0313737
9.8701,0.031452
9.87073,0.0313955
9.87123,0.0314711
9.87185,0.0314122
9.87248,0.0313607
9.87298,0.0313156
9.8736,0.0312761
9.8741,0.0313666
9.87473,0.0313208
9.87523,0.0314057
9.87585,0.031355
9.87648,0.0314356
9.87698,0.0313812
9.8776,0.0313335
9.8781,0.0314168
9.87873,0.0313647
9.87935,0.0314441
9.87985,0.0313886
9.88048,0.03134
9.88098,0.0312975
9.8816,0.0312603
9.8821,0.0313528
9.88273,0.0313087
9.88335,0.0312701
9.88385,0.0312363
9.8851,0.0314568
9.88511,0.0315247
9.8856,0.0314591
9.8861,0.0315267
9.88673,0.0315859
9.88735,0.0316376
9.88785,0.0316829
9.88848,0.0317226
9.88898,0.0317573
9.8896,0.0317876
9.89023,0.0318141
9.89073,0.0318374
9.89135,0.0318577
9.89185,0.0318755
9.89248,0.0318911
9.89298,0.0319047
9.8936,0.0319166
9.89423,0.031927
9.89473,0.0319361
9.89535,0.0319441
9.89585,0.0319511
9.89648,0.0319572
9.89698,0.0319626
9.8976,0.0319672
9.89823,0.0319713
9.89873,0.0319749
9.89935,0.0319781
9.89985,0.0319808
9.90048,0.0319832
9.90098,0.0319853
9.9016,0.0319871
9.90223,0.0319887
9.90273,0.0319901
9.90335,0.0319914
9.90385,0.0319925
9.90448,0.0319934
9.9051,0.0321192
9.9056,0.0321043
9.90623,0.0320913
9.90673,0.0320799
9.90735,0.0320699
9.90785,0.0320611
9.90848,0.0320535
9.90973,0.0321718
9.90974,0.0321503
9.91023,0.0321315
9.91073,0.0321151
9.91135,0.0321007
9.91185,0.0320881
9.91248,0.0320771
9.9131,0.0321925
9.9136,0.0321684
9.91423,0.0321474
9.91473,0.0321289
9.91535,0.0321128
9.91585,0.0320987
9.91648,0.0319614
9.9171,0.0319662
9.9176,0.0319704
9.91823,0.0319741
9.91873,0.0319774
9.91935,0.0319802
9.91998,0.0319827
9.92048,0.0319848
9.9211,0.0321117
9.9216,0.0320978
9.92223,0.0320855
9.92273,0.0320748
9.92335,0.0320655
9.92398,0.0320573
9.92448,0.0320501
9.9251,0.0321689
9.9256,0.0321478
9.92623,0.0321293
9.92673,0.0321131
9.92735,0.032099
9.92798,0.0320866
9.92848,0.0320758
9.9291,0.0321913
9.9296,0.0321674
9.93023,0.0321465
9.93085,0.0321282
9.93135,0.0321121
9.93198,0.0320981
9.93248,0.0320859
9.9331,0.0322001
9.9336,0.0321751
9.93423,0.0321532
9.93535,0.0322591
9.93536,0.0322267
9.93648,0.0323233
9.93649,0.0322829
9.9376,0.0322476
9.93761,0.0322166
9.93885,0.0321895
9.93886,0.0321658
9.93998,0.0321451
9.93999,0.032127
9.9411,0.0322361
9.94111,0.0322066
9.94223,0.0323058
9.94224,0.0322675
9.94335,0.0323591
9.94336,0.0323142
9.94448,0.0323999
9.94449,0.0323499
9.94573,0.0323062
9.94574,0.0322679
9.94685,0.0322344
9.94686,0.0322051
9.94798,0.0321795
9.94799,0.0321571
9.9491,0.0322624
9.94911,0.0322296
9.95023,0.0323259
9.95024,0.0322852
9.95135,0.0323745
9.95136,0.0323277
9.95248,0.0324117
9.95249,0.0323603
9.95373,0.0323152
9.95374,0.0322758
9.95498,0.0322414
9.95499,0.0322112
9.95598,0.0321848
9.95599,0.0321617
9.9571,0.0322665
9.95711,0.0322332
9.95823,0.032329
9.95824,0.0322879
9.95935,0.0323769
9.95936,0.0323298
9.9606,0.0324136
9.96061,0.0323619
9.96173,0.0323166
9.96174,0.0322771
9.96285,0.0322424
9.96286,0.0322121
9.96398,0.0321856
9.96399,0.0321624
9.9651,0.0322671
9.96511,0.0322337
9.96623,0.0323295
9.96624,0.0322883
9.96735,0.0323773
9.96736,0.0323301
9.9686,0.0324138
9.96861,0.0323621
9.96973,0.0324419
9.96974,0.0323866
9.97085,0.0324633
9.97086,0.0324054
9.97198,0.0324797
9.97199,0.0324197
9.9731,0.0326173
9.97311,0.0325401
9.97423,0.0325976
9.97424,0.0325229
9.9756,0.0325825
9.97561,0.0325097
9.9766,0.032571
9.97661,0.0324996
9.97773,0.0325622
9.97774,0.0324919
9.97885,0.0325554
9.97886,0.032486
9.97998,0.0325502
9.97999,0.0324815
9.9811,0.0326713
9.98111,0.0325874
9.98223,0.0326389
9.98224,0.0325591
9.98348,0.0326142
9.98349,0.0325374
9.9846,0.0325952
9.98461,0.0325208
9.98573,0.0325807
9.98574,0.0325081
9.98685,0.0325696
9.98686,0.0324984
9.98798,0.0325611
9.98799,0.032491
9.9891,0.0326796
9.98911,0.0325947
9.99035,0.0326453
9.99036,0.0325647
9.99148,0.0326191
9.99149,0.0325417
9.9926,0.032599
9.99261,0.0325241
9.99373,0.0325836
9.99374,0.0325106
9.99498,0.0325718
9.99499,0.0325003
9.99598,0.0325628
9.99599,0.0324924
9.99723,0.0326809
9.99724,0.0325958
9.99835,0.0326463
9.99836,0.0325655
9.99948,0.0326198
9.99949,0.0325423
10.0006,0.0325996
10.0006,0.0325246
10.0017,0.032584
10.0017,0.032511
10.0029,0.0325721
10.0029,0.0325006
10.004,0.0325631
10.004,0.0324927
10.0052,0.0326811
10.0052,0.0325959
10.0064,0.0326465
10.0064,0.0325656
10.0075,0.0326199
10.0075,0.0325424
10.0086,0.0325996
10.0086,0.0325247
10.0097,0.0325841
10.0097,0.0325111
10.0109,0.0325722
10.0109,0.0325007
10.0121,0.0326881
10.0121,0.0327271
10.0132,0.0328862
10.0132,0.0327754
10.0144,0.0328035
10.0144,0.0327031
10.0156,0.0327402
10.0156,0.0326476
10.0166,0.0326917
10.0166,0.0326052
10.0177,0.0326546
10.0177,0.0325728
10.0189,0.0326262
10.0189,0.0325479
10.0201,0.0327294
10.0201,0.0327632
10.0212,0.0329178
10.0212,0.0328031
10.0224,0.0328277
10.0224,0.0327242
10.0235,0.0327587
10.0235,0.0326639
10.0246,0.0327059
10.0246,0.0326177
10.0257,0.0326654
10.0257,0.0325823
10.027,0.0326345
10.027,0.0325552
10.0281,0.0327358
10.0281,0.0327688
10.0292,0.0329227
10.0292,0.0328074
10.0304,0.0328314
10.0304,0.0327275
10.0315,0.0327616
10.0315,0.0326664
10.0326,0.0327081
10.0326,0.0326196
10.0337,0.0326671
10.0337,0.0325837
10.035,0.0326358
10.035,0.0325563
10.0361,0.0327368
10.0361,0.0327697
10.0372,0.0329235
10.0372,0.032808
10.0384,0.032832
10.0384,0.032728
10.0395,0.032762
10.0395,0.0326668
10.0406,0.0327084
10.0406,0.0326199
10.0419,0.0326674
10.0419,0.032584
10.043,0.032636
10.043,0.0325565
10.0441,0.0327369
10.0441,0.0326448
10.0452,0.0326892
10.0452,0.032603
10.0464,0.0326527
10.0464,0.0325711
10.0475,0.0326247
10.0475,0.0325466
10.0486,0.0326033
10.0486,0.0325279
10.0499,0.0325869
10.0499,0.0325135
10.051,0.0325743
10.051,0.0326275
10.0521,0.0327991
10.0521,0.0329492
10.0532,0.0329556
10.0532,0.0329611
10.0544,0.032966
10.0544,0.0329702
10.0556,0.0329739
10.0556,0.0329772
10.0567,0.0329801
10.0567,0.0329825
10.0579,0.0329847
10.0579,0.0329866
10.059,0.0329883
10.059,0.0329898
10.0601,0.033116
10.0601,0.0332265
10.0612,0.0331982
10.0612,0.0331734
10.0624,0.0331518
10.0624,0.0331328
10.0635,0.0331162
10.0635,0.0331017
10.0647,0.033089
10.0647,0.0330778
10.0659,0.0330681
10.0659,0.0330596
10.067,0.0330521
10.067,0.0330456
10.0681,0.0331649
10.0681,0.0332693
10.0692,0.0332356
10.0692,0.0332062
10.0704,0.0331804
10.0704,0.0331579
10.0716,0.0331381
10.0716,0.0331209
10.0727,0.0331058
10.0727,0.0330925
10.0739,0.033081
10.0739,0.0330708
10.075,0.033062
10.075,0.0330542
10.0761,0.0331725
10.0761,0.0332759
10.0772,0.0332414
10.0772,0.0332112
10.0785,0.0331848
10.0785,0.0331617
10.0796,0.0331415
10.0796,0.0331238
10.0807,0.0331083
10.0807,0.0330948
10.0819,0.0330829
10.0819,0.0330726
10.083,0.0330635
10.083,0.0330556
10.0841,0.0331736
10.0841,0.0332769
10.0852,0.0332423
10.0852,0.033212
10.0865,0.0331855
10.0865,0.0331623
10.0876,0.033142
10.0876,0.0331243
10.0887,0.0331087
10.0887,0.0330951
10.0899,0.0330833
10.0899,0.0330728
10.091,0.0330637
10.091,0.0330558
10.0921,0.0331738
10.0921,0.0332771
10.0934,0.0332424
10.0934,0.0332121
10.0945,0.0331856
10.0945,0.0331624
10.0956,0.0331421
10.0956,0.0331243
10.0967,0.0331088
10.0967,0.0330952
10.0979,0.0330833
10.0979,0.0330729
10.099,0.0330638
10.099,0.0330558
10.1001,0.0331738
10.1001,0.0332771
10.1014,0.0332425
10.1014,0.0332122
10.1025,0.0331856
10.1025,0.0331624
10.1036,0.0331421
10.1036,0.0331244
10.1047,0.0331088
10.1047,0.0330952
10.1059,0.0330833
10.1059,0.0330729
10.107,0.0330638
10.107,0.0330558
10.1082,0.0331738
10.1082,0.0332771
10.1094,0.0332425
10.1094,0.0332122
10.1105,0.0331856
10.1105,0.0331624
10.1116,0.0331421
10.1116,0.0331244
10.1127,0.0331088
10.1127,0.0330952
10.1139,0.0330833
10.1139,0.0330729
10.115,0.0330638
10.115,0.0330558
10.1162,0.0331738
10.1162,0.0332771
10.1174,0.0332425
10.1174,0.0332122
10.1185,0.0331856
10.1185,0.0331624
10.1202,0.0332671
10.1202,0.0333587
10.1207,0.0333139
10.1207,0.0332747
10.1219,0.0332403
10.1219,0.0332103
10.1231,0.033309
10.1231,0.0333954
10.1242,0.0334709
10.1242,0.0335371
10.1254,0.0334699
10.1254,0.0334112
10.1271,0.0334848
10.1271,0.0335492
10.1276,0.0334805
10.1276,0.0334205
10.1287,0.0333679
10.1295,0.0334469
10.1295,0.0333911
10.1305,0.0334672
10.1312,0.0335338
10.1312,0.0335921
10.1322,0.0336431
10.133,0.0336877
10.133,0.0334767
10.134,0.0334171
10.1347,0.033365
10.1347,0.0333194
10.1356,0.0332794
10.1364,0.0333695
10.1364,0.0333233
10.1374,0.0334079
10.1381,0.0336069
10.1381,0.033656
10.1391,0.033824
10.1399,0.033846
10.1399,0.0338653
10.1407,0.0338821
10.1415,0.0340219
10.1415,0.0338941
10.1425,0.0339074
10.1432,0.0339189
10.1432,0.0339291
10.1442,0.0339379
10.1442,0.0339457
10.1454,0.0339525
10.1454,0.0339584
10.1465,0.0339636
10.1465,0.0339682
10.1476,0.0339721
10.1476,0.0339756
10.1489,0.0339787
10.1496,0.0341063
10.1496,0.033968
10.1505,0.033972
10.1512,0.0339755
10.1512,0.0339786
10.1522,0.0339813
10.153,0.0339836
10.153,0.0337357
10.154,0.0336437
10.1547,0.0336882
10.1547,0.0337272
10.1556,0.0337613
10.1564,0.0339161
10.1564,0.0338016
10.1574,0.0338264
10.1581,0.0338481
10.1581,0.0338671
10.1591,0.0338837
10.1591,0.0338982
10.1609,0.033786
10.1609,0.0336877
10.162,0.0337268
10.162,0.0337609
10.1625,0.0337908
10.1627,0.0336919
10.1632,0.0337305
10.1637,0.0336391
10.1642,0.0335593
10.1654,0.0336143
10.1661,0.0336626
10.1661,0.0337047
10.1671,0.0338666
10.1671,0.0338833
10.1682,0.0338979
10.169,0.0339107
10.169,0.0337968
10.17,0.0336972
10.1707,0.0337351
10.1707,0.0336432
10.1717,0.0335628
10.1725,0.0336174
10.1725,0.0335403
10.1734,0.0335977
10.1741,0.033773
10.1741,0.0338014
10.1751,0.0338262
10.1751,0.0338479
10.1769,0.0338669
10.1769,0.0337586
10.1774,0.0337887
10.1774,0.0336902
10.1786,0.0337289
10.1786,0.0336378
10.1797,0.0336831
10.1797,0.0335977
10.1809,0.033648
10.1809,0.033567
10.182,0.0336211
10.182,0.0335435
10.1831,0.0336005
10.1831,0.0336505
10.1842,0.0336942
10.1842,0.0336074
10.1856,0.0336565
10.1856,0.0335744
10.1866,0.0336276
10.1866,0.0336741
10.1877,0.0337149
10.1877,0.0336255
10.1889,0.0336723
10.1889,0.0335883
10.19,0.0335148
10.19,0.0334504
10.1911,0.0335191
10.1911,0.0334542
10.1922,0.0335224
10.1922,0.0334571
10.1935,0.033525
10.1935,0.0334594
10.1946,0.0335269
10.1946,0.0334611
10.1957,0.0335284
10.1957,0.0334624
10.1969,0.0335296
10.1969,0.0334634
10.198,0.0335305
10.198,0.0334642
10.1991,0.0335311
10.1991,0.0334647
10.2004,0.0335317
10.2004,0.0334652
10.2021,0.033657
10.2021,0.0336999
10.2026,0.0337374
10.2026,0.0337702
10.2037,0.033799
10.2037,0.0336991
10.205,0.0337367
10.205,0.0336446
10.206,0.033564
10.206,0.0334935
10.2071,0.0335568
10.2071,0.0334872
10.2084,0.0335513
10.2084,0.0334824
10.2095,0.0335471
10.2095,0.0334787
10.2106,0.0335439
10.2106,0.0334759
10.2117,0.0335414
10.2117,0.0334737
10.2129,0.0335395
10.2129,0.0334721
10.214,0.0335381
10.214,0.0334708
10.2152,0.033662
10.2152,0.0337042
10.2164,0.0338662
10.2164,0.0337579
10.2175,0.0337882
10.2175,0.0336896
10.2186,0.0337284
10.2186,0.0336374
10.2197,0.0336827
10.2197,0.0335974
10.2209,0.0336477
10.2209,0.0335667
10.222,0.0336209
10.222,0.0335433
10.2232,0.0337254
10.2232,0.0337597
10.2244,0.0339147
10.2244,0.0338004
10.2256,0.0338253
10.2256,0.0337222
10.2266,0.0337569
10.2266,0.0336623
10.2277,0.0337045
10.2277,0.0337414
10.2289,0.0337738
10.2289,0.033802
10.2301,0.0339518
10.2301,0.0340828
10.2312,0.0341975
10.2312,0.0342978
10.2324,0.0343856
10.2324,0.0344624
10.2335,0.0344046
10.2335,0.034354
10.2346,0.0343097
10.2346,0.034271
10.2357,0.0341121
10.2357,0.0339731
10.2369,0.0339765
10.2369,0.0339794
10.2387,0.034107
10.2387,0.0342186
10.2392,0.0343163
10.2392,0.0344018
10.2404,0.0344765
10.2404,0.034542
10.2415,0.0344742
10.2415,0.0344149
10.2426,0.0343631
10.2426,0.0343177
10.2437,0.034278
10.2437,0.0342432
10.245,0.0342128
10.245,0.0341862
10.2461,0.0342879
10.2461,0.034377
10.2472,0.0344548
10.2472,0.034523
10.2484,0.0345826
10.2484,0.0346348
10.2501,0.0346804
10.2501,0.0347204
10.2506,0.0346303
10.2506,0.0345515
10.2519,0.0344826
10.2519,0.0344223
10.253,0.0343695
10.253,0.0343233
10.2541,0.0344079
10.2541,0.0344819
10.2552,0.0345467
10.2552,0.0346033
10.2564,0.0346529
10.2564,0.0346963
10.2575,0.0346093
10.2575,0.0345331
10.2586,0.0344665
10.2586,0.0344082
10.2599,0.0343571
10.2599,0.0343125
10.261,0.0342734
10.261,0.0342393
10.2621,0.0343343
10.2621,0.0344176
10.2632,0.0344904
10.264,0.0345541
10.264,0.0343598
10.265,0.0343148
10.2664,0.0344005
10.2664,0.0344754
10.2667,0.034416
10.2671,0.034489
10.2675,0.0344279
10.2679,0.0343744
10.2684,0.0343276
10.269,0.0342866
10.2695,0.0342508
10.2701,0.0343445
10.2714,0.0344264
10.2714,0.0344981
10.2719,0.0343108
10.2724,0.034272
10.273,0.034113
10.2735,0.0340989
10.2741,0.0340865
10.2747,0.0340757
10.2752,0.0340662
10.2759,0.0340579
10.2764,0.0340507
10.277,0.0340444
10.2775,0.0340388
10.2781,0.034159
10.2787,0.0341391
10.2792,0.0342467
10.2799,0.0340909
10.2804,0.0340795
10.281,0.0339446
10.2816,0.0339515
10.2821,0.0339576
10.2827,0.0339629
10.2832,0.0338425
10.2839,0.0337372
10.2844,0.03377
10.285,0.0337988
10.2856,0.0338239
10.2861,0.0339709
10.2867,0.0339746
10.2872,0.0341028
10.2879,0.0339649
10.2884,0.0339693
10.289,0.0338481
10.2896,0.0338671
10.2901,0.0338837
10.2907,0.0338983
10.2912,0.033911
10.2919,0.0339221
10.2925,0.0339318
10.293,0.0339404
10.2936,0.0339478
10.2941,0.0340793
10.2947,0.0340694
10.2952,0.0341857
10.2959,0.0340375
10.2965,0.0340328
10.297,0.0339037
10.2976,0.0339158
10.2981,0.0340513
10.2987,0.0340449
10.2992,0.0339143
10.2999,0.0338
10.3005,0.033825
10.301,0.0337219
10.3016,0.0337566
10.3021,0.033912
10.3027,0.033923
10.3032,0.0340577
10.3039,0.0340505
10.3045,0.0340441
10.305,0.0339136
10.3056,0.0339244
10.3061,0.0340589
10.3067,0.0340515
10.3074,0.0341701
10.3079,0.0341488
10.3085,0.0341302
10.309,0.0341139
10.3096,0.0340997
10.3101,0.0342122
10.3107,0.0341857
10.3114,0.0342875
10.3119,0.0342516
10.3125,0.0342201
10.313,0.0341926
10.3136,0.0341685
10.3141,0.0342725
10.3147,0.0342384
10.3154,0.0343336
10.3159,0.0342919
10.3165,0.0342554
10.317,0.0342235
10.3176,0.0341955
10.3181,0.0342961
10.3187,0.0342591
10.3194,0.0343517
10.3199,0.0343077
10.3205,0.0342693
10.321,0.0342356
10.3216,0.0343312
10.3222,0.0344148
10.3227,0.0344879
10.3234,0.0345519
10.3239,0.0346079
10.3245,0.0346569
10.325,0.0345748
10.3256,0.034628
10.3262,0.0346745
10.3267,0.0347152
10.3274,0.0347508
10.3279,0.0347819
10.3285,0.0348092
10.329,0.034708
10.3296,0.0347445
10.3302,0.0347765
10.3307,0.0348044
10.3314,0.0348289
10.3319,0.0348502
10.3325,0.034869
10.3331,0.0348853
10.3336,0.0348997
10.3342,0.0349122
10.3347,0.0349232
10.3354,0.0349328
10.3359,0.0349412
10.3365,0.0349485
10.3371,0.034955
10.3376,0.0349606
10.3382,0.0349655
10.3387,0.0349698
10.3394,0.0349736
10.3399,0.0349769
10.3405,0.0349798
10.3411,0.0349823
10.3416,0.0349845
10.3422,0.0349865
10.3427,0.0349882
10.3434,0.0349896
10.3439,0.0349909
10.3445,0.0349921
10.3451,0.0349931
10.3456,0.0349939
10.3462,0.0349947
10.3467,0.0349953
10.3474,0.0349959
10.348,0.0349964
10.3485,0.0349969
10.3491,0.0349973
10.3496,0.0349976
10.3502,0.0349979
10.3507,0.0349982
10.3514,0.0349984
10.352,0.0349986
10.3525,0.0349988
10.3531,0.0349989
10.3536,0.0349991
10.3542,0.0349992
10.3547,0.0349993
10.3554,0.0349994
10.356,0.0349994
10.3565,0.0349995
10.3571,0.0349996
10.3576,0.0349996
10.3582,0.0349997
10.3587,0.0349997
10.3594,0.0349998
10.36,0.0349998
10.3605,0.0349998
10.3611,0.0349998
10.3616,0.0349999
10.3622,0.0349999
10.3629,0.0349999
10.3634,0.0349999
10.364,0.0349999
10.3645,0.0349999
10.3651,0.0349999
10.3656,0.0349999
10.3662,0.0349999
10.3669,0.035
10.3674,0.035
10.368,0.034875
10.3685,0.0348906
10.3691,0.0349043
10.3696,0.0349162
10.3702,0.0349267
10.3709,0.0349359
10.372,0.0349439
10.3721,0.0349509
10.3725,0.034957
10.3731,0.0349624
10.3737,0.0349671
10.3742,0.0349712
10.3754,0.0350998
10.3754,0.0350873
10.3765,0.0350764
10.3772,0.0351919
10.3772,0.0351679
10.3782,0.0352719
10.3782,0.0352379
10.3794,0.0353332
10.3801,0.0354165
10.3801,0.0353645
10.3811,0.0354439
10.3819,0.0353884
10.3819,0.0353399
10.3829,0.0352974
10.3829,0.0352602
10.384,0.0352277
10.384,0.0350742
10.3851,0.0351899
10.3851,0.0351662
10.3862,0.0352704
10.3862,0.0352366
10.3874,0.035332
10.3874,0.0352905
10.3886,0.0352542
10.3886,0.0352224
10.3897,0.0351946
10.3897,0.0351703
10.3909,0.035149
10.3916,0.0352554
10.3916,0.0352235
10.3926,0.0351955
10.3934,0.0352961
10.3934,0.0352591
10.3942,0.0353517
10.395,0.0353077
10.395,0.0352693
10.396,0.0352356
10.3967,0.0352062
10.3967,0.0351804
10.3977,0.0351578
10.3985,0.0352631
10.3985,0.0352302
10.3995,0.0353264
10.4002,0.0354106
10.4002,0.0353593
10.4011,0.0354394
10.4019,0.0353845
10.4019,0.0353364
10.4029,0.0352944
10.4036,0.0353826
10.4036,0.0353347
10.4046,0.0352929
10.4054,0.0353813
10.4054,0.0353336
10.4062,0.0354169
10.407,0.0353648
10.407,0.0351942
10.408,0.0351699
10.4087,0.0351487
10.4087,0.0351301
10.4097,0.0351138
10.4105,0.0350996
10.4105,0.0350872
10.4121,0.0352013
10.4129,0.0351761
10.4129,0.0351541
10.4136,0.0351348
10.4136,0.035118
10.4144,0.0351032
10.4151,0.0350903
10.4151,0.035079
10.416,0.0349442
10.4167,0.0349511
10.4167,0.0349572
10.4177,0.0349626
10.4185,0.0350923
10.4185,0.0350807
10.4195,0.0351956
10.4202,0.0351712
10.4202,0.0351498
10.4217,0.0352561
10.4225,0.0353491
10.4225,0.0354304
10.4232,0.0355016
10.4232,0.0355639
10.424,0.0354934
10.4247,0.0355567
10.4247,0.0354872
10.4257,0.0355513
10.4265,0.0356074
10.4265,0.0355314
10.4275,0.03559
10.4282,0.0356413
10.4282,0.0355611
10.4292,0.035616
10.4292,0.035539
10.4304,0.0355966
10.4311,0.035772
10.4311,0.0358005
10.432,0.0357004
10.432,0.0356129
10.4332,0.0356613
10.4332,0.0355786
10.4344,0.0356313
10.4344,0.0355524
10.4356,0.0354833
10.4356,0.0354229
10.4366,0.0353701
10.4366,0.0353238
10.4377,0.0354083
10.4377,0.0353573
10.4389,0.0353126
10.4389,0.0352735
10.4401,0.0353643
10.4401,0.0353188
10.4412,0.035404
10.4412,0.0353535
10.4424,0.0354343
10.4424,0.035505
10.4441,0.0356919
10.4441,0.0357304
10.4446,0.0357641
10.4446,0.0356686
10.4457,0.035585
10.4457,0.0355119
10.4469,0.0353229
10.4469,0.0351575
10.4481,0.0352628
10.4481,0.03523
10.4492,0.0353262
10.4492,0.0352855
10.4504,0.0352498
10.4504,0.0352186
10.4515,0.0353162
10.4515,0.0352767
10.4526,0.0353671
10.4526,0.0353212
10.4537,0.0352811
10.4537,0.0352459
10.455,0.0352152
10.455,0.0350633
10.4561,0.0351804
10.4561,0.0351578
10.4572,0.0351381
10.4572,0.0351208
10.4584,0.0351057
10.4584,0.0350925
10.4595,0.035206
10.4595,0.0351802
10.4606,0.0352827
10.4606,0.0352473
10.4617,0.0352164
10.4617,0.0351894
10.463,0.0351657
10.463,0.03502
10.4641,0.0351425
10.4641,0.0351247
10.4652,0.0352341
10.4652,0.0352048
10.4664,0.0351792
10.4664,0.0351568
10.4675,0.0352622
10.4675,0.0353544
10.4686,0.0353101
10.4686,0.0352714
10.4699,0.0352374
10.4699,0.0352078
10.471,0.0351818
10.471,0.0351591
10.4721,0.0352642
10.4721,0.0353562
10.4732,0.0354366
10.4732,0.0355071
10.4744,0.0355687
10.4744,0.0356226
10.4756,0.0355448
10.4756,0.0354767
10.4766,0.0354171
10.4766,0.035365
10.4779,0.0353193
10.4779,0.0352794
10.479,0.0351195
10.479,0.0349796
10.4801,0.0351071
10.4801,0.0352187
10.4812,0.0353164
10.4812,0.0354018
10.4824,0.0354766
10.4824,0.035542
10.4835,0.0354743
10.4835,0.035415
10.4847,0.0353631
10.4847,0.0353177
10.4859,0.035278
10.4859,0.0352433
10.487,0.0352128
10.487,0.0351862
10.4881,0.035288
10.4881,0.035377
10.4892,0.0354548
10.4892,0.035523
10.4904,0.0355826
10.4904,0.0356348
10.4915,0.0355554
10.4915,0.035486
10.4927,0.0354253
10.4927,0.0353721
10.4939,0.0353256
10.4939,0.0352849
10.495,0.0352493
10.495,0.0352181
10.4961,0.0353159
10.4969,0.0354014
10.4969,0.0353512
10.4979,0.0354323
10.4979,0.0353783
10.499,0.035456
10.499,0.035274
10.5001,0.0353647
10.5001,0.0353191
10.5012,0.0354042
10.5012,0.0353537
10.5024,0.0354345
10.5024,0.0353802
10.5036,0.0354577
10.5036,0.0354005
10.5047,0.0354754
10.5047,0.035416
10.5059,0.035489
10.5059,0.0354279
10.507,0.0354994
10.507,0.035312
10.5081,0.035398
10.5081,0.0353482
10.5092,0.0354297
10.5092,0.035376
10.5105,0.035454
10.5105,0.0353972
10.5116,0.0354726
10.5116,0.0354135
10.5127,0.0354868
10.5127,0.035426
10.5139,0.0354977
10.5139,0.0354355
10.515,0.0355061
10.515,0.0353178
10.5161,0.0354031
10.5161,0.0353527
10.5172,0.0354336
10.5172,0.0353794
10.5185,0.035457
10.5185,0.0353999
10.5196,0.0354749
10.5196,0.0354155
10.5207,0.0354886
10.5207,0.0354275
10.5219,0.0354991
10.5219,0.0354367
10.523,0.0355071
10.523,0.0353187
10.5241,0.0354039
10.5241,0.0354784
10.5254,0.0355436
10.5254,0.0356006
10.5265,0.0356506
10.5265,0.0356942
10.5276,0.0357325
10.5276,0.0357659
10.5287,0.0357952
10.5287,0.0358208
10.5299,0.0358432
10.5299,0.0358628
10.531,0.0358799
10.531,0.0358949
10.5321,0.0359081
10.5321,0.0359196
10.5334,0.0360546
10.5334,0.0360478
10.5345,0.0361668
10.5345,0.036146
10.5356,0.0362527
10.5356,0.0360961
10.5367,0.0360841
10.5367,0.0359486
10.5379,0.035955
10.5379,0.0358356
10.539,0.0358562
10.539,0.0357492
10.5402,0.0359055
10.5402,0.0359173
10.5414,0.0360527
10.5414,0.0360461
10.5425,0.0361653
10.5432,0.0362697
10.5432,0.0363609
10.5442,0.0363158
10.5442,0.0362763
10.5454,0.0362418
10.5454,0.0362116
10.5465,0.0361851
10.5465,0.036162
10.5476,0.0361417
10.5476,0.036124
10.5487,0.0361085
10.5495,0.03622
10.5495,0.0361925
10.5505,0.0362934
10.5505,0.0362567
10.5516,0.0363496
10.5516,0.0361809
10.5527,0.0361583
10.5527,0.0360135
10.5539,0.0360118
10.5539,0.0358854
10.5551,0.0360247
10.5551,0.0360216
10.5562,0.0361439
10.5562,0.0361259
10.5574,0.0362352
10.5574,0.0362058
10.5585,0.0363051
10.5585,0.0362669
10.5596,0.0363586
10.5596,0.0361887
10.5607,0.0361651
10.5607,0.0360195
10.562,0.0360171
10.562,0.0358899
10.5631,0.0360287
10.5631,0.0360251
10.5642,0.036147
10.5642,0.0361286
10.5654,0.0362375
10.5654,0.0362078
10.5665,0.0363068
10.5665,0.0362685
10.5676,0.0363599
10.5676,0.0361899
10.5687,0.0361662
10.5687,0.0360204
10.57,0.0360179
10.57,0.0358906
10.5711,0.0360293
10.5711,0.0360256
10.5722,0.0361474
10.5722,0.036129
10.5734,0.0362379
10.5734,0.0362081
10.5745,0.0363071
10.5745,0.0362687
10.5756,0.0363601
10.5756,0.0361901
10.5769,0.0361664
10.5769,0.0360206
10.578,0.036018
10.578,0.0358907
10.5791,0.0359044
10.5791,0.0359163
10.5802,0.0359268
10.5802,0.035936
10.5814,0.035944
10.5821,0.036076
10.5821,0.0360665
10.5831,0.0361832
10.5831,0.0361603
10.5842,0.0362652
10.5842,0.0362321
10.5854,0.0362031
10.5861,0.0363027
10.5861,0.0362648
10.5871,0.0363567
10.5879,0.0363121
10.5879,0.0362731
10.5889,0.036239
10.5889,0.0362091
10.59,0.036183
10.59,0.0361601
10.5911,0.0361401
10.5911,0.0361226
10.5922,0.0361073
10.5922,0.0360938
10.5934,0.0360821
10.5934,0.0360719
10.5945,0.0360629
10.5945,0.036055
10.5957,0.0360481
10.5957,0.0360421
10.5969,0.0360369
10.5969,0.0360322
10.598,0.0360282
10.598,0.0360247
10.5991,0.0360216
10.5991,0.0360189
10.6002,0.0360165
10.6002,0.0360145
10.6014,0.0360127
10.6021,0.0361361
10.6021,0.0361191
10.6031,0.0362292
10.6031,0.0362005
10.6042,0.0363005
10.6042,0.0362629
10.6054,0.036355
10.6054,0.0363107
10.6066,0.0363968
10.6066,0.0362222
10.6077,0.0361944
10.6077,0.0360451
10.6089,0.0360395
10.6089,0.0359096
10.61,0.0359209
10.61,0.0358058
10.6111,0.035955
10.6119,0.0359607
10.6119,0.0359656
10.6129,0.0359699
10.6136,0.0360986
10.6136,0.0360863
10.6146,0.0362005
10.6154,0.0361755
10.6154,0.0361535
10.6162,0.0361343
10.617,0.0361175
10.617,0.0359778
10.618,0.0358556
10.6187,0.0358737
10.6187,0.0357645
10.6197,0.0357939
10.6205,0.0358197
10.6205,0.0358422
10.6215,0.0358619
10.6222,0.0358792
10.6222,0.0358943
10.6231,0.0359075
10.6239,0.0359191
10.6239,0.0359292
10.625,0.035938
10.6257,0.0360708
10.6257,0.0360619
10.6266,0.0361792
10.6274,0.0361568
10.6274,0.0361372
10.6284,0.03612
10.6291,0.03623
10.6291,0.0362013
10.63,0.0361761
10.6307,0.0361541
10.6307,0.0361348
10.6317,0.036118
10.6325,0.0362282
10.6325,0.0361997
10.6335,0.0362997
10.6342,0.0365123
10.6342,0.0365732
10.6351,0.0367516
10.6359,0.0366576
10.6359,0.0365754
10.6369,0.0365035
10.6376,0.0365656
10.6376,0.0364949
10.6386,0.036433
10.6394,0.0365039
10.6394,0.0364409
10.6404,0.0365108
10.6411,0.0365719
10.6411,0.0366254
10.642,0.0365473
10.6427,0.0366039
10.6427,0.0365284
10.6437,0.0365873
10.6445,0.0366389
10.6445,0.036684
10.6456,0.0367235
10.6464,0.0368831
10.6464,0.0368977
10.6472,0.0370355
10.6486,0.0370311
10.6486,0.0370272
10.6489,0.0370238
10.6494,0.0370208
10.6494,0.0368932
10.6506,0.0369066
10.6514,0.0369182
10.6514,0.0368035
10.6524,0.036828
10.6531,0.0368495
10.6539,0.0368683
10.6552,0.0371348
10.6552,0.0372429
10.656,0.0372126
10.656,0.037186
10.6567,0.0371627
10.6567,0.0370174
10.6575,0.0370152
10.6582,0.0370133
10.6582,0.0368867
10.6592,0.0369008
10.66,0.0367882
10.66,0.0366897
10.6609,0.0367285
10.6616,0.0367624
10.6616,0.0366671
10.6626,0.0367087
10.6634,0.0367451
10.6634,0.036652
10.6644,0.0366955
10.6657,0.0367336
10.6657,0.0366419
10.6661,0.0366866
10.6665,0.0367258
10.6669,0.0366351
10.6672,0.0366807
10.6677,0.0365956
10.6684,0.0365212
10.669,0.036456
10.6695,0.036399
10.6701,0.0363491
10.6706,0.0363055
10.6712,0.0362673
10.6717,0.0362339
10.6724,0.0363297
10.673,0.0362884
10.6735,0.0362524
10.6747,0.0363458
10.6747,0.0363026
10.6752,0.0362648
10.6757,0.0362317
10.677,0.0362027
10.6771,0.0361774
10.6775,0.0361552
10.7147,0.0361358
10.7152,0.0362438
10.7159,0.0363384
10.7164,0.0364211
10.717,0.0364934
10.7176,0.0365567
10.7181,0.0367372
10.7187,0.03677
10.7192,0.0365488
10.7199,0.0351052
10.7204,0.033967
10.721,0.0328461
10.7216,0.0318654
10.7221,0.0311322
10.7234,0.0306157
10.7234,0.0300387
10.7239,0.0294089
10.7245,0.0289828
10.725,0.0284849
10.7256,0.0281743
10.7261,0.0279025
10.7267,0.0276647
10.7272,0.0274566
10.7279,0.0271495
10.7285,0.0270058
10.729,0.0267551
10.7296,0.0266607
10.7301,0.0265781
10.7307,0.0263809
10.7312,0.0263333
10.7319,0.0261666
10.7325,0.0261458
10.733,0.0260026
10.7336,0.0260022
10.7341,0.026002
10.7347,0.0260017
10.7354,0.0260015
10.7359,0.0258763
10.7365,0.0258918
10.737,0.0257803
10.7376,0.0258078
10.7381,0.0258318
10.7387,0.0257278
10.7394,0.0257618
10.7399,0.0256666
10.7405,0.0257083
10.741,0.0256197
10.7416,0.0256673
10.7421,0.0257089
10.7427,0.0257453
10.7434,0.0257771
10.7439,0.02568
10.7445,0.02572
10.745,0.02563
10.7456,0.0256762
10.7461,0.0257167
10.7467,0.0257521
10.7474,0.0257831
10.7479,0.0256852
10.7485,0.0255996
10.749,0.0255246
10.7496,0.025584
10.7502,0.025636
10.7507,0.0256815
10.7514,0.0257213
10.7519,0.0256312
10.7525,0.0256773
10.753,0.0255926
10.7536,0.0256435
10.7542,0.0256881
10.7547,0.0257271
10.7554,0.0257612
10.7559,0.025666
10.7565,0.0257078
10.757,0.0256193
10.7576,0.0256669
10.7582,0.0257085
10.7587,0.025745
10.7594,0.0257768
10.7599,0.0256797
10.7605,0.0257198
10.761,0.0256298
10.7616,0.0256761
10.7622,0.0257166
10.7627,0.025752
10.7634,0.025783
10.7639,0.0256851
10.7645,0.0257245
10.7651,0.0257589
10.7656,0.0257891
10.7662,0.0258154
10.7667,0.0258385
10.7674,0.0258587
10.7679,0.0257513
10.7685,0.0257824
10.7691,0.0258096
10.7696,0.0258334
10.7702,0.0258542
10.7707,0.0258725
10.7714,0.0258884
10.7719,0.0257774
10.7725,0.0258052
10.7731,0.0258295
10.7736,0.0258508
10.7742,0.0258695
10.7747,0.0258858
10.7754,0.0259001
10.776,0.0257876
10.7765,0.0258141
10.7771,0.0258374
10.7776,0.0258577
10.7782,0.0258755
10.7787,0.025891
10.7794,0.0259047
10.78,0.0257916
10.7805,0.0258176
10.7817,0.0258404
10.7817,0.0258604
10.7822,0.0258778
10.7827,0.0258931
10.7834,0.0259065
10.784,0.0257932
10.7845,0.025819
10.7851,0.0258416
10.7862,0.0259864
10.7864,0.0259881
10.7867,0.0259896
10.7874,0.0261159
10.788,0.0261014
10.7885,0.0260887
10.7891,0.0262026
10.7896,0.0261773
10.7902,0.0262801
10.7909,0.0262451
10.7914,0.0262145
10.792,0.0261877
10.7925,0.0261642
10.7937,0.0262687
10.7942,0.0263601
10.7944,0.0264401
10.795,0.0263851
10.7954,0.0263369
10.796,0.0262948
10.7965,0.026258
10.7971,0.0263507
10.7982,0.0264319
10.7984,0.0265029
10.7989,0.02644
10.7994,0.026385
10.8,0.0263369
10.8005,0.0262948
10.8011,0.0263829
10.8016,0.0263351
10.8022,0.0264182
10.8029,0.0263659
10.8034,0.0263202
10.804,0.0262802
10.8045,0.0262451
10.8051,0.0263395
10.8057,0.0262971
10.8062,0.0263849
10.8069,0.0263368
10.8074,0.0262947
10.808,0.0262579
10.8085,0.0262256
10.8091,0.0263224
10.8097,0.0262821
10.8102,0.0263719
10.8109,0.0263254
10.8114,0.0262847
10.812,0.0261241
10.8125,0.0261086
10.8131,0.02622
10.8137,0.0261925
10.8142,0.0262935
10.8154,0.0263818
10.8161,0.0264591
10.8161,0.0265267
10.8171,0.0265858
10.8179,0.0266376
10.8179,0.0265579
10.8189,0.0266132
10.8196,0.0266615
10.8196,0.0265788
10.8206,0.0265065
10.8214,0.0265682
10.8214,0.0266221
10.8222,0.0266694
10.823,0.0267107
10.823,0.0266219
10.824,0.0265441
10.8247,0.0264761
10.8247,0.0264166
10.8257,0.0264895
10.8265,0.0265533
10.8265,0.0266092
10.828,0.026658
10.8287,0.0267008
10.8287,0.0267382
10.8295,0.0267709
10.8295,0.0267995
10.8302,0.0268246
10.831,0.0268465
10.831,0.0267407
10.832,0.0266481
10.8327,0.0266921
10.8327,0.0266056
10.8337,0.0266549
10.8345,0.026698
10.8345,0.0267358
10.8356,0.0267688
10.8364,0.0267977
10.8364,0.026823
10.8371,0.0268451
10.8379,0.0268645
10.8379,0.0267564
10.8389,0.0267869
10.8396,0.0268135
10.8396,0.0267118
10.8406,0.0267478
10.8414,0.0267794
10.8414,0.0266819
10.8424,0.0265967
10.8431,0.0266471
10.8431,0.0265662
10.844,0.0264954
10.8447,0.0265585
10.8447,0.0264887
10.8457,0.0264276
10.8471,0.0266242
10.8471,0.0266711
10.8475,0.0265872
10.8479,0.0265138
10.8482,0.0264496
10.8486,0.0263934
10.8491,0.0264692
10.8497,0.0264106
10.8504,0.0263593
10.8509,0.0263143
10.8515,0.0262751
10.852,0.0261157
10.8526,0.0261012
10.8531,0.0260886
10.8537,0.0259525
10.8544,0.0259584
10.855,0.0258386
10.8556,0.0258588
10.856,0.0257514
10.8566,0.0257825
10.8572,0.0259347
10.8577,0.0259429
10.8584,0.02595
10.8589,0.0259563
10.8595,0.0259617
10.86,0.0258415
10.8606,0.0258613
10.8612,0.0258787
10.8617,0.0257688
10.8624,0.0257977
10.8629,0.025698
10.8635,0.0257358
10.864,0.0257688
10.8646,0.0257977
10.8652,0.025823
10.8657,0.0258451
10.867,0.0258645
10.867,0.0257564
10.8675,0.0257869
10.868,0.0256885
10.8686,0.0256024
10.8692,0.0256521
10.8697,0.0256956
10.8704,0.0257337
10.8709,0.025767
10.8715,0.0257961
10.8721,0.0256966
10.8726,0.0256095
10.8732,0.0256583
10.8737,0.025701
10.8744,0.0257384
10.875,0.0257711
10.8756,0.0257997
10.8761,0.0259497
10.8766,0.025956
10.8772,0.0260865
10.8777,0.0260757
10.879,0.0261912
10.879,0.0261673
10.8795,0.0261464
10.8801,0.0262531
10.8806,0.0262215
10.8812,0.0263188
10.8817,0.0262789
10.8824,0.0263691
10.883,0.0263229
10.8835,0.0262826
10.8841,0.0263722
10.8846,0.0263257
10.8852,0.02641
10.8864,0.0264838
10.8865,0.0265483
10.887,0.0264797
10.8875,0.0264198
10.8881,0.0264923
10.8886,0.0264308
10.8892,0.0265019
10.8897,0.0264392
10.8904,0.0265093
10.891,0.0264456
10.8915,0.0263899
10.8921,0.0264662
10.8926,0.0264079
10.8932,0.0264819
10.8937,0.0264217
10.8944,0.026494
10.895,0.0264322
10.8956,0.0263782
10.8961,0.0264559
10.8966,0.0263989
10.8972,0.0264741
10.8979,0.0264148
10.8984,0.026363
10.899,0.0263176
10.8995,0.0264029
10.9001,0.0264775
10.9006,0.0265428
10.9012,0.0266
10.9019,0.02665
10.9024,0.0266937
10.903,0.026607
10.9035,0.0266561
10.9041,0.0266991
10.9046,0.0267367
10.9052,0.0267696
10.9059,0.0267984
10.9064,0.0268236
10.907,0.0267207
10.9075,0.0267556
10.9081,0.0267861
10.9086,0.0268129
10.9092,0.0268363
10.9099,0.0268567
10.9104,0.0268746
10.911,0.0267653
10.9115,0.0267946
10.9121,0.0268203
10.9127,0.0267178
10.9132,0.0267531
10.9139,0.0267839
10.9144,0.0268109
10.915,0.0267096
10.9156,0.0267459
10.9161,0.0267776
10.9167,0.0268054
10.9172,0.0268297
10.9179,0.026851
10.9184,0.0268697
10.919,0.0267609
10.9195,0.0267908
10.9201,0.026817
10.9207,0.0268398
10.9212,0.0268599
10.9219,0.0268774
10.923,0.0268927
10.9231,0.0269061
10.9236,0.0269179
10.9241,0.0269281
10.9247,0.0269371
10.9252,0.026945
10.9259,0.0269518
10.9264,0.0269579
10.9276,0.0269631
10.9277,0.0269677
10.9281,0.0269718
10.9287,0.0269753
10.9292,0.0269784
10.9299,0.0269811
10.9304,0.0269835
10.931,0.0268605
10.9316,0.026878
10.9321,0.0268932
10.9327,0.0269066
10.9332,0.0269182
10.9339,0.0269285
10.9344,0.0269374
10.935,0.0268202
10.9356,0.0268427
10.9361,0.0268624
10.9367,0.0268796
10.9372,0.0268946
10.9379,0.0269078
10.9385,0.0269193
10.939,0.0268044
10.9396,0.0268289
10.9401,0.0268502
10.9407,0.026869
10.9412,0.0268853
10.9419,0.0268997
10.9425,0.0269122
10.943,0.0267982
10.9436,0.0268234
10.9441,0.0268455
10.9447,0.0268648
10.9452,0.0268817
10.9459,0.0268965
10.9465,0.0269094
10.947,0.0267957
10.9476,0.0268213
10.9481,0.0268436
10.9487,0.0268632
10.9492,0.0268803
10.9499,0.0267702
10.9505,0.026799
10.951,0.0266991
10.9516,0.0267367
10.9521,0.0267696
10.9527,0.0267984
10.9534,0.0268236
10.9539,0.0267207
10.9545,0.0267556
10.955,0.0266611
10.9556,0.0267035
10.9561,0.0267405
10.9567,0.026773
10.9574,0.0268014
10.9579,0.0268262
10.9585,0.0268479
10.959,0.0267419
10.9596,0.0267742
10.9601,0.0268024
10.9607,0.0268271
10.9614,0.0268487
10.9619,0.0268676
10.9625,0.0268842
10.963,0.0267737
10.9636,0.0268019
10.9642,0.0268267
10.9647,0.0268484
10.966,0.0268673
10.966,0.0268839
10.9665,0.0268984
10.967,0.0267861
10.9676,0.0268128
10.9682,0.0268362
10.9687,0.0268567
10.9694,0.0268746
10.9699,0.0268903
10.9705,0.026904
10.971,0.026791
10.9722,0.0269421
10.973,0.0269494
10.973,0.0269557
10.9734,0.0269612
10.9739,0.0269661
10.9745,0.0269703
10.975,0.026849
10.9756,0.0268679
10.9762,0.0268844
10.9767,0.0268989
10.9774,0.0269115
10.9779,0.0269226
10.9785,0.0269322
10.9791,0.0269407
10.9796,0.0269481
10.9802,0.0269546
10.9807,0.0269603
10.9814,0.0269652
10.9819,0.0269696
10.9825,0.0269734
10.9831,0.0269767
10.9836,0.0269796
10.9842,0.0269822
10.9847,0.0269844
10.9854,0.0269863
10.9859,0.0269881
10.9865,0.0269895
10.9871,0.0269909
10.9876,0.026992
10.9882,0.026993
10.9887,0.0269939
10.9894,0.0269946
10.99,0.0269953
10.9905,0.0269959
10.9911,0.0269964
10.9916,0.0269969
10.9922,0.0269972
10.9927,0.0269976
10.9934,0.0269979
10.994,0.0269982
10.9945,0.0269984
10.9951,0.0269986
10.9956,0.0269988
10.9962,0.0269989
10.9967,0.0269991
10.9974,0.0269992
10.998,0.0269993
10.9985,0.0268744
10.9991,0.0268901
10.9996,0.0269038
11.0002,0.0270408
11.0007,0.0270357
11.0014,0.0271563
11.002,0.0271367
11.0025,0.0272446
11.0031,0.0273391
11.0036,0.0272967
11.0042,0.0273846
11.0054,0.0274615
11.0061,0.0276538
11.0061,0.0276971
11.0071,0.027735
11.0079,0.0277681
11.0079,0.0276721
11.0089,0.0277131
11.0096,0.0277489
11.0096,0.0277803
11.0105,0.0278078
11.0112,0.0278318
11.0112,0.0278528
11.0122,0.0278712
11.013,0.0278873
11.013,0.0277764
11.014,0.0278044
11.0147,0.0278288
11.0147,0.0277252
11.0156,0.0277596
11.0164,0.0277896
11.0164,0.0278159
11.0174,0.0278389
11.0181,0.0279841
11.0181,0.027986
11.0191,0.0279878
11.0199,0.0279893
11.0199,0.0278657
11.0209,0.0278824
11.0216,0.0278971
11.0216,0.02791
11.0225,0.0279212
11.0232,0.0279311
11.0232,0.0279397
11.0242,0.0279472
11.025,0.0279538
11.025,0.0278346
11.026,0.0278553
11.0267,0.0278734
11.0267,0.0277642
11.0277,0.0277937
11.0285,0.0278195
11.0285,0.027842
11.0294,0.0278618
11.0307,0.0280041
11.0307,0.0280035
11.0311,0.0280031
11.0315,0.0280027
11.0319,0.0278774
11.0322,0.0277677
11.0329,0.0275467
11.0334,0.0274784
11.034,0.0272936
11.0346,0.0272569
11.0351,0.0273498
11.0357,0.0273061
11.0362,0.0272678
11.0369,0.0272343
11.0374,0.027205
11.038,0.0270544
11.0386,0.0270476
11.0391,0.0270417
11.0397,0.0270364
11.0402,0.0271569
11.0409,0.0271373
11.0414,0.0271201
11.042,0.0271051
11.0426,0.027092
11.0431,0.0270805
11.0437,0.0270704
11.0442,0.0270616
11.0456,0.0270539
11.0464,0.0271722
11.0464,0.0271506
11.0471,0.0272568
11.0479,0.0273497
11.0479,0.027306
11.0489,0.0272677
11.0496,0.0273593
11.0496,0.0273144
11.0512,0.0274001
11.052,0.0274751
11.052,0.0274157
11.0527,0.0274887
11.0527,0.0275526
11.0535,0.0276086
11.0542,0.0276575
11.0542,0.0277003
11.0551,0.0277378
11.0559,0.0276455
11.0559,0.0275648
11.0569,0.0274942
11.0576,0.0274325
11.0576,0.0273784
11.0586,0.0273311
11.0594,0.0274147
11.0594,0.0274879
11.0604,0.0275519
11.0611,0.0277329
11.0611,0.0277663
11.062,0.0277955
11.0627,0.0278211
11.0627,0.0277184
11.0637,0.0277536
11.0645,0.0277844
11.0645,0.0278114
11.0656,0.0278349
11.0664,0.0279806
11.0664,0.027983
11.0671,0.0279851
11.0679,0.027987
11.0679,0.0278636
11.0689,0.0278807
11.0696,0.0278956
11.0696,0.0279086
11.0706,0.0279201
11.0714,0.02793
11.0714,0.0279388
11.0724,0.0279464
11.0731,0.0279531
11.0731,0.027834
11.074,0.0277297
11.0747,0.0276385
11.0747,0.0275587
11.0757,0.0276139
11.0765,0.0276621
11.0765,0.0275794
11.0775,0.0276319
11.0782,0.027553
11.0782,0.0274838
11.0792,0.0275484
11.08,0.0274798
11.08,0.0274198
11.0809,0.0273674
11.0816,0.0273214
11.0816,0.0272813
11.0826,0.0272461
11.0834,0.0273403
11.0834,0.0274228
11.0844,0.0274949
11.0851,0.0275581
11.0851,0.0276133
11.0861,0.0276616
11.0869,0.0275789
11.0869,0.0275066
11.0877,0.0274433
11.0885,0.0273878
11.0885,0.0273394
11.0895,0.0274219
11.0902,0.0274942
11.0902,0.0275574
11.0912,0.0276127
11.092,0.0275362
11.092,0.0274691
11.0929,0.0274105
11.0936,0.0273592
11.0936,0.0273143
11.0946,0.027275
11.0954,0.0273656
11.0954,0.0274449
11.0964,0.0275143
11.0971,0.027575
11.0971,0.0276281
11.0981,0.0276746
11.0989,0.0275903
11.0989,0.0275165
11.0997,0.0274519
11.1005,0.0273954
11.1005,0.027346
11.1015,0.0274278
11.1022,0.0274993
11.1022,0.0275619
11.1032,0.0276166
11.104,0.0276646
11.104,0.0275815
11.105,0.0276338
11.1057,0.0276796
11.1057,0.0275946
11.1066,0.0276453
11.1074,0.0276896
11.1074,0.0277284
11.1084,0.0278874
11.1091,0.0280265
11.1091,0.0280231
11.1101,0.0281453
11.1109,0.0281271
11.1109,0.0279862
11.1119,0.0279879
11.1126,0.0279894
11.1126,0.0278658
11.1135,0.0278825
11.1142,0.0278972
11.1142,0.0279101
11.1152,0.0280463
11.116,0.0280405
11.116,0.0279105
11.117,0.0279216
11.1177,0.0279314
11.1177,0.027815
11.1186,0.0278381
11.1194,0.0278584
11.1194,0.0278761
11.1204,0.0280166
11.1211,0.0281395
11.1211,0.0281221
11.1221,0.0282318
11.1229,0.0282028
11.1229,0.0280525
11.1239,0.0280459
11.1246,0.0280402
11.1246,0.0279101
11.1256,0.0279214
11.1264,0.0279312
11.1264,0.0279398
11.1272,0.0280723
11.1286,0.0281883
11.1286,0.0281648
11.129,0.0281442
11.1294,0.0281261
11.1305,0.0281104
11.1312,0.0282216
11.1312,0.0281939
11.132,0.0281696
11.132,0.0281484
11.133,0.0281299
11.1337,0.0281136
11.1337,0.0280994
11.1347,0.028087
11.1355,0.0280761
11.1355,0.0280666
11.1364,0.0280583
11.1377,0.028051
11.1377,0.0280446
11.1381,0.028039
11.1385,0.0280342
11.1389,0.0280299
11.1392,0.0280262
11.1399,0.0278979
11.1404,0.0279107
11.141,0.0277968
11.1416,0.0276972
11.1421,0.0277351
11.1427,0.0276432
11.1432,0.0276878
11.1439,0.0277268
11.1444,0.027761
11.145,0.0276658
11.1456,0.0277076
11.1461,0.0277442
11.1467,0.0276511
11.1472,0.0276947
11.1479,0.0276079
11.1484,0.0275319
11.149,0.0274654
11.1496,0.0274072
11.1501,0.0274813
11.1507,0.0275462
11.1512,0.0276029
11.1519,0.0275275
11.1525,0.0275866
11.153,0.0275133
11.1536,0.0274491
11.1541,0.027518
11.1547,0.0274532
11.1552,0.0273966
11.1559,0.027347
11.1565,0.0274286
11.157,0.027375
11.1576,0.0273282
11.1581,0.0272871
11.1587,0.0272513
11.1592,0.0273448
11.1605,0.0275517
11.1606,0.0276078
11.161,0.0275318
11.1616,0.0275903
11.1621,0.0276415
11.1627,0.0275613
11.1632,0.0276162
11.1639,0.0275391
11.1645,0.0274718
11.165,0.0274128
11.1656,0.0273612
11.1661,0.027441
11.1667,0.0275109
11.1674,0.027572
11.1679,0.0276255
11.1685,0.0276723
11.169,0.0277133
11.1696,0.0277491
11.1707,0.0277805
11.1709,0.0278079
11.1714,0.0278319
11.1719,0.0278529
11.1725,0.0278713
11.173,0.0278874
11.1742,0.0280265
11.1742,0.0280232
11.1747,0.0280203
11.1754,0.0280177
11.1759,0.0280155
11.1765,0.0280136
11.177,0.0280119
11.1776,0.0280104
11.1782,0.0280091
11.1787,0.028008
11.1794,0.028007
11.1799,0.0280061
11.1805,0.0280053
11.181,0.0280047
11.1816,0.0280041
11.1822,0.0280036
11.1827,0.0280031
11.1834,0.0280027
11.1839,0.0280024
11.1845,0.0280021
11.185,0.0280018
11.1856,0.0280016
11.1862,0.0280014
11.1867,0.0280012
11.1874,0.0280011
11.1879,0.0278759
11.1885,0.0278914
11.189,0.027905
11.1896,0.0279169
11.1902,0.0279273
11.1907,0.0279364
11.1914,0.0279443
11.1919,0.0279513
11.1925,0.0279574
11.1931,0.0280877
11.1936,0.0280767
11.1942,0.0280671
11.1947,0.0280587
11.1954,0.0280514
11.1959,0.028045
11.1965,0.0280394
11.1971,0.0281594
11.1976,0.0281395
11.1982,0.0281221
11.1987,0.0281068
11.1994,0.0280935
11.1999,0.0280818
11.2005,0.0280716
11.2011,0.0281876
11.2016,0.0280392
11.2022,0.0280343
11.2027,0.02803
11.2034,0.0280262
11.2039,0.028023
11.2045,0.0280201
11.2051,0.0281426
11.2056,0.0281248
11.2062,0.0281092
11.2074,0.0282205
11.2075,0.0281929
11.208,0.0281688
11.2085,0.0282727
11.2091,0.0283636
11.2096,0.0284432
11.2102,0.0285128
11.2107,0.0284487
11.2114,0.0285176
11.212,0.0284529
11.2125,0.0285213
11.2131,0.0285811
11.2136,0.0286335
11.2142,0.0286793
11.2147,0.0285944
11.2154,0.0286451
11.216,0.0285645
11.2165,0.0286189
11.2171,0.0286665
11.2176,0.0287082
11.2182,0.0287447
11.2189,0.0286516
11.2194,0.0286951
11.22,0.0286083
11.2205,0.0286572
11.2211,0.0287001
11.2216,0.0286126
11.2222,0.028661
11.2235,0.0287034
11.2235,0.0287404
11.224,0.0286479
11.2245,0.0286919
11.2251,0.0287304
11.2256,0.0286391
11.2262,0.0286842
11.2269,0.0285987
11.2274,0.0286489
11.228,0.0285677
11.2285,0.0286218
11.2291,0.0286691
11.2296,0.0285854
11.2302,0.0286372
11.2309,0.0285576
11.2314,0.0286129
11.232,0.0285363
11.2325,0.0285942
11.2331,0.028645
11.2337,0.0285643
11.2342,0.0286188
11.2354,0.0286664
11.2361,0.0287081
11.2361,0.0287446
11.2371,0.0289015
11.2379,0.0289139
11.2379,0.0287996
11.2389,0.0288247
11.2396,0.0288466
11.2396,0.0288658
11.2405,0.0288825
11.2412,0.0290222
11.2412,0.0290194
11.2422,0.029017
11.243,0.0290149
11.243,0.028888
11.244,0.028902
11.2447,0.0289143
11.2447,0.028925
11.2457,0.0289344
11.2465,0.0289426
11.2465,0.0289497
11.2474,0.028956
11.2481,0.0290865
11.2481,0.0290757
11.2491,0.0291912
11.2499,0.0291673
11.2499,0.0290214
11.2509,0.0290187
11.2516,0.0290164
11.2516,0.0288893
11.2526,0.0289032
11.2534,0.0290403
11.2534,0.0290352
11.2542,0.0290308
11.255,0.029027
11.255,0.0288986
11.256,0.0289113
11.2567,0.0289224
11.2567,0.0289321
11.2577,0.0289406
11.2585,0.028948
11.2585,0.0289545
11.2595,0.0289602
11.2602,0.0290902
11.2602,0.0290789
11.2611,0.029194
11.2619,0.0291698
11.2619,0.0290236
11.2629,0.0290206
11.2636,0.029018
11.2636,0.0288908
11.2646,0.0287794
11.2654,0.028807
11.2654,0.0287061
11.2662,0.0287429
11.267,0.028775
11.267,0.0286781
11.268,0.0285934
11.2687,0.0286442
11.2687,0.0285637
11.2697,0.0284932
11.2705,0.0285566
11.2705,0.028487
11.2715,0.0285511
11.2722,0.0287322
11.2722,0.0287657
11.2731,0.028795
11.2739,0.0288206
11.2739,0.028718
11.275,0.0286283
11.2757,0.0286747
11.2757,0.0285904
11.2766,0.0285166
11.2774,0.028577
11.2774,0.0285049
11.2784,0.0285668
11.2791,0.0287459
11.2791,0.0287777
11.28,0.0286805
11.2807,0.0287204
11.2807,0.0286304
11.2817,0.0285516
11.2825,0.0286076
11.2825,0.0285317
11.2835,0.0285902
11.2842,0.0287664
11.2842,0.0287956
11.2852,0.0288212
11.286,0.0288435
11.286,0.0287381
11.2869,0.0286458
11.2876,0.0286901
11.2876,0.0286038
11.2886,0.0285284
11.2894,0.0285873
11.2894,0.0285139
11.2904,0.0285747
11.2917,0.0287528
11.2917,0.0287837
11.292,0.0286858
11.2925,0.028725
11.2927,0.0286344
11.2932,0.0285551
11.2937,0.0284857
11.295,0.028425
11.2951,0.0284969
11.2956,0.0285598
11.296,0.0284898
11.2966,0.0284286
11.2972,0.0285
11.2977,0.0284375
11.2984,0.0283828
11.2989,0.028335
11.2995,0.0282931
11.3001,0.0282565
11.3006,0.0282244
11.3012,0.0281963
11.3017,0.0281718
11.3024,0.0282753
11.3029,0.0282409
11.3035,0.0282108
11.3041,0.0283094
11.3046,0.0282708
11.3052,0.0282369
11.3057,0.0282073
11.3064,0.0281814
11.3069,0.0280337
11.3075,0.0280295
11.3081,0.0281508
11.3086,0.028132
11.3092,0.0282405
11.3097,0.0282104
11.3104,0.0281841
11.3109,0.0281611
11.3115,0.028141
11.3121,0.0281233
11.3126,0.0281079
11.3132,0.0280944
11.3137,0.0280826
11.3144,0.0281973
11.315,0.0282976
11.3156,0.0283854
11.3161,0.0284622
11.3166,0.0285295
11.3172,0.0285883
11.3177,0.0285147
11.3184,0.0285754
11.319,0.0285035
11.3201,0.0285655
11.3202,0.0286198
11.3206,0.0286674
11.3212,0.0287089
11.3217,0.0287453
11.3224,0.0287772
11.323,0.028805
11.3235,0.0288294
11.3241,0.0288507
11.3246,0.0288694
11.3252,0.0290107
11.3259,0.0290094
11.3264,0.0290082
11.327,0.0290072
11.3275,0.0290063
11.3281,0.0291305
11.3286,0.0291142
11.3292,0.0290999
11.3299,0.0290874
11.3304,0.0290765
11.331,0.0290669
11.3315,0.0290586
11.3321,0.0291762
11.3326,0.0291542
11.3332,0.0291349
11.3339,0.0291181
11.3344,0.0291033
11.335,0.0290904
11.3356,0.0290791
11.3361,0.0291942
11.3366,0.0291699
11.3372,0.0291487
11.3379,0.0291301
11.3384,0.0291138
11.339,0.0290996
11.3395,0.0290872
11.3401,0.0292013
11.3407,0.0291761
11.3412,0.0291541
11.3419,0.0291348
11.3424,0.029118
11.343,0.0291032
11.3435,0.0290903
11.3441,0.029204
11.3447,0.0291785
11.3452,0.0291562
11.3459,0.0291367
11.3464,0.0291196
11.347,0.0291046
11.3475,0.0290916
11.3481,0.0292051
11.3487,0.0290545
11.3492,0.0290477
11.3499,0.0290417
11.3504,0.0290365
11.351,0.0290319
11.3515,0.0290279
11.3521,0.0291494
11.3527,0.0291308
11.3532,0.0291144
11.3539,0.0291001
11.3544,0.0290876
11.3556,0.0292017
11.3557,0.0291764
11.3561,0.0292794
11.3567,0.0292445
11.3572,0.0292139
11.3579,0.0291872
11.3584,0.0291638
11.359,0.0291433
11.3596,0.0291254
11.3601,0.0292347
11.3607,0.0292054
11.3612,0.0291797
11.3619,0.0291572
11.3624,0.0291376
11.363,0.0291204
11.3636,0.0291053
11.3641,0.0292172
11.3647,0.02919
11.3652,0.0291663
11.3659,0.0291455
11.3665,0.0291273
11.3682,0.0293614
11.369,0.0294412
11.369,0.0295111
11.3697,0.0295722
11.3697,0.0295007
11.3705,0.0295631
11.3712,0.0296177
11.3712,0.0296655
11.3721,0.0297073
11.3729,0.0297439
11.3729,0.0296509
11.3739,0.0295695
11.3746,0.0296233
11.3746,0.0295454
11.3756,0.0296022
11.377,0.029652
11.377,0.0296955
11.3772,0.0297335
11.3777,0.0296418
11.378,0.0295616
11.3785,0.0294914
11.379,0.02943
11.3796,0.0293762
11.3801,0.0294542
11.3807,0.0293974
11.3814,0.0293477
11.3819,0.0293043
11.3825,0.0292662
11.383,0.029233
11.3836,0.0292038
11.3841,0.0291784
11.3847,0.0291561
11.3854,0.0291366
11.3865,0.0292445
11.3866,0.0292139
11.387,0.0291872
11.3876,0.0291638
11.3881,0.0292683
11.3887,0.0292348
11.3894,0.0292054
11.3899,0.0291797
11.3905,0.0291573
11.391,0.0291376
11.3916,0.0291204
11.3929,0.0292304
11.3929,0.0292016
11.3934,0.0291764
11.3939,0.0291543
11.3951,0.02926
11.3951,0.0293525
11.3956,0.0293085
11.3962,0.0291449
11.3967,0.0290018
11.3974,0.0290016
11.3979,0.0288764
11.3985,0.0288918
11.399,0.0287803
11.3996,0.0286828
11.4002,0.0287225
11.4007,0.0286321
11.4014,0.0286781
11.4019,0.0287184
11.4025,0.0287536
11.403,0.0286594
11.4036,0.0287019
11.4042,0.0287392
11.4047,0.0286468
11.4054,0.028691
11.4059,0.0286046
11.4065,0.028654
11.4071,0.0288223
11.4076,0.0288445
11.4082,0.0289889
11.4087,0.0289903
11.4094,0.0289915
11.4099,0.0289926
11.4105,0.0289935
11.4111,0.0291193
11.4116,0.0291044
11.4122,0.0292163
11.4127,0.0291893
11.4134,0.0291656
11.4139,0.0291449
11.4145,0.0291268
11.4151,0.029111
11.4156,0.0290971
11.4162,0.02921
11.4167,0.0291837
11.4174,0.0291607
11.4179,0.0291407
11.4185,0.0291231
11.4191,0.0292327
11.4196,0.0292036
11.4202,0.0293032
11.4207,0.0292653
11.4214,0.0292321
11.422,0.0292031
11.4225,0.0291777
11.4231,0.0292805
11.4236,0.0291204
11.4242,0.0291054
11.4247,0.0290922
11.4254,0.0292057
11.426,0.02918
11.4265,0.0292825
11.4271,0.0293722
11.4276,0.0294506
11.4282,0.0295193
11.4287,0.0295794
11.4294,0.029632
11.43,0.029553
11.4305,0.0296089
11.4311,0.0296577
11.4316,0.0297005
11.4322,0.029738
11.4329,0.0297707
11.4334,0.0297994
11.434,0.0296995
11.4345,0.029737
11.4351,0.0297699
11.4356,0.0297987
11.4362,0.0298238
11.4369,0.0297208
11.4374,0.0297557
11.438,0.0296613
11.4385,0.0297036
11.4391,0.0297407
11.4396,0.0297731
11.4402,0.0298014
11.4409,0.0297013
11.4414,0.0297386
11.442,0.0296463
11.4425,0.0296905
11.4431,0.0297292
11.4436,0.029763
11.4442,0.0297927
11.4454,0.0298186
11.4461,0.0299662
11.4461,0.0299705
11.4471,0.0300992
11.4471,0.0300868
11.4482,0.0302009
11.449,0.0301758
11.449,0.0300288
11.45,0.0300252
11.45,0.0298971
11.4511,0.0300349
11.4511,0.0300306
11.4522,0.0301517
11.4522,0.0301328
11.4534,0.0301162
11.4534,0.0301017
11.4545,0.0300889
11.4545,0.0300778
11.4557,0.0300681
11.4557,0.0300596
11.4569,0.0300521
11.4569,0.0299206
11.458,0.0299305
11.4587,0.0299392
11.4587,0.0299468
11.4597,0.0299535
11.4605,0.0300843
11.4605,0.0300737
11.4614,0.0300645
11.4621,0.0301815
11.4621,0.0301588
11.4631,0.0302639
11.4639,0.0302309
11.4639,0.0302021
11.465,0.0301768
11.4657,0.0301547
11.4657,0.0301354
11.4666,0.0301184
11.4674,0.0302286
11.4674,0.0302001
11.4682,0.0303001
11.469,0.0302625
11.469,0.0301047
11.47,0.0300916
11.4707,0.0300802
11.4707,0.0300702
11.4717,0.0300614
11.4725,0.0301787
11.4725,0.0301564
11.4735,0.0301368
11.4742,0.0302447
11.4742,0.0302141
11.4751,0.0301874
11.4759,0.0300389
11.4759,0.0299091
11.4769,0.0297954
11.4776,0.029821
11.4776,0.0297184
11.4786,0.0297536
11.4786,0.0297844
11.4797,0.0298113
11.4797,0.0298349
11.4809,0.0297306
11.4809,0.0296392
11.482,0.0295593
11.4827,0.0296144
11.4827,0.0295376
11.4837,0.0295954
11.4845,0.029646
11.4845,0.0296902
11.4856,0.029729
11.4864,0.0298878
11.4864,0.0299019
11.4871,0.0300391
11.4879,0.0300342
11.4879,0.029905
11.4889,0.0299168
11.4896,0.0299272
11.4896,0.0298113
11.4906,0.0298349
11.4914,0.0298555
11.4914,0.0297486
11.4924,0.02978
11.4931,0.0298075
11.4931,0.0298316
11.494,0.0298526
11.4947,0.0298711
11.4947,0.0297622
11.4957,0.0297919
11.4965,0.0298179
11.4965,0.0297157
11.4975,0.0297512
11.4982,0.0297823
11.4982,0.0298095
11.4991,0.0299583
11.4991,0.0299635
11.5004,0.0299681
11.5004,0.0299721
11.5015,0.0299756
11.5022,0.0299786
11.5022,0.0299813
11.5032,0.0299836
11.5032,0.0298607
11.5044,0.0298781
11.5044,0.0297683
11.5056,0.0297973
11.5056,0.0298226
11.5066,0.0298448
11.5066,0.0297392
11.5077,0.0297718
11.5077,0.0296753
11.5089,0.0297159
11.5089,0.0296264
11.51,0.0296731
11.51,0.029589
11.5112,0.0297654
11.5112,0.0297947
11.5124,0.0298203
11.5124,0.0298428
11.5135,0.0298625
11.5135,0.0297546
11.5146,0.0297853
11.5146,0.0296871
11.5157,0.0296013
11.5157,0.0295261
11.5169,0.0294603
11.5169,0.0294028
11.5181,0.0296024
11.5181,0.0296521
11.5192,0.0296956
11.5192,0.0297337
11.5204,0.029767
11.5204,0.0296711
11.5215,0.0297122
11.5215,0.0296232
11.5226,0.0295453
11.5226,0.0294771
11.5237,0.0295425
11.5237,0.0294747
11.525,0.0295403
11.525,0.0294728
11.5261,0.0295387
11.5261,0.0295964
11.5272,0.0296468
11.5272,0.029566
11.5284,0.0296202
11.5284,0.0295427
11.5295,0.0295999
11.5295,0.0295249
11.5306,0.0295843
11.5306,0.0295112
11.5317,0.0294473
11.5317,0.0293914
11.533,0.0293425
11.533,0.0292997
11.5341,0.0293872
11.5341,0.0294638
11.5352,0.0295308
11.5352,0.0295895
11.5364,0.0297658
11.5364,0.0297951
11.5375,0.0299457
11.5375,0.0299525
11.5386,0.0300834
11.5386,0.030073
11.5399,0.0301889
11.5399,0.0301653
11.541,0.0302696
11.541,0.0301109
11.5421,0.030222
11.5421,0.0301943
11.5432,0.030295
11.5432,0.0302581
11.5444,0.0303509
11.5444,0.030307
11.5456,0.0303936
11.5456,0.0303444
11.5466,0.0304264
11.5466,0.0303731
11.5479,0.0304514
11.5479,0.03027
11.549,0.0302363
11.549,0.0300817
11.5501,0.0301965
11.5501,0.0301719
11.5512,0.0302754
11.5512,0.030241
11.5524,0.0303359
11.5524,0.0302939
11.5535,0.0303822
11.5535,0.0303344
11.5547,0.0304176
11.5547,0.0303654
11.5559,0.0304447
11.5559,0.0302641
11.557,0.0302311
11.557,0.0300772
11.5581,0.0301926
11.5581,0.0301685
11.5592,0.0302724
11.5592,0.0302384
11.5604,0.0303336
11.5604,0.0302919
11.5615,0.0303804
11.5615,0.0303328
11.5627,0.0304162
11.5627,0.0303642
11.5639,0.0304437
11.5639,0.0302632
11.565,0.0302303
11.565,0.0300765
11.5661,0.030192
11.5661,0.030168
11.5672,0.030272
11.5672,0.030238
11.5684,0.0303332
11.5684,0.0302916
11.5696,0.0303801
11.5696,0.0303326
11.5707,0.030416
11.5707,0.030364
11.5719,0.0304435
11.5719,0.0302631
11.573,0.0302302
11.573,0.0300764
11.5741,0.0301919
11.5741,0.0301679
11.5752,0.0302719
11.5752,0.0302379
11.5764,0.0303332
11.5764,0.0302915
11.5776,0.0303801
11.5776,0.0303326
11.5787,0.030416
11.5787,0.030364
11.5799,0.0304435
11.5799,0.0302631
11.581,0.0302302
11.581,0.0300764
11.5821,0.0301919
11.5821,0.0301679
11.5832,0.0302719
11.5832,0.0302379
11.5845,0.0303332
11.5845,0.0302915
11.5856,0.0303801
11.5856,0.0303326
11.5867,0.030416
11.5867,0.030364
11.5879,0.0304435
11.5879,0.0302631
11.589,0.0302302
11.589,0.0300764
11.5901,0.0301919
11.5901,0.0301679
11.5912,0.0302719
11.5912,0.0302379
11.5925,0.0303332
11.5925,0.0302915
11.5936,0.0303801
11.5936,0.0303326
11.5947,0.030416
11.5947,0.030364
11.5959,0.0304435
11.5959,0.0302631
11.597,0.0302302
11.597,0.0300764
11.5981,0.0301919
11.5981,0.0301679
11.5994,0.0302719
11.5994,0.0302379
11.6005,0.0303332
11.6005,0.0302915
11.6016,0.0303801
11.6024,0.0304576
11.6024,0.0305254
11.6034,0.0305847
11.6034,0.0306366
11.6045,0.030557
11.6045,0.0304874
11.6056,0.0304265
11.6064,0.0304982
11.6064,0.0304359
11.608,0.0305064
11.608,0.0304431
11.6085,0.0305127
11.6087,0.0304486
11.6092,0.0305175
11.6096,0.0304529
11.6102,0.0305212
11.6107,0.0304561
11.6114,0.0305241
11.6119,0.0303336
11.6131,0.0304169
11.6131,0.0303648
11.6136,0.0303192
11.6148,0.0302793
11.6149,0.0302444
11.6154,0.0302138
11.6159,0.0301871
11.6165,0.0301637
11.617,0.0301432
11.6176,0.0301253
11.6189,0.0302347
11.6189,0.0302053
11.6194,0.0303047
11.6199,0.0301416
11.6205,0.0301239
11.6211,0.0301084
11.6216,0.0300948
11.6222,0.030083
11.6227,0.0300726
11.6234,0.0300635
11.6239,0.0300556
11.6245,0.0300486
11.6251,0.0301676
11.6256,0.0301466
11.6262,0.0302533
11.6267,0.0302216
11.6274,0.0303189
11.6279,0.0301541
11.6285,0.0301348
11.6291,0.030118
11.6296,0.0301032
11.6302,0.0300903
11.6307,0.030079
11.6314,0.0300691
11.6319,0.0299355
11.6325,0.0299436
11.6331,0.0299506
11.6336,0.0299568
11.6342,0.0299622
11.6347,0.0299669
11.6354,0.029971
11.636,0.0298497
11.6365,0.0298685
11.6371,0.0298849
11.6376,0.0298993
11.6382,0.0299119
11.6387,0.0299229
11.6394,0.0299325
11.64,0.029941
11.6405,0.0299483
11.6411,0.0300798
11.6416,0.0300698
11.6422,0.0301861
11.6427,0.0300378
11.6434,0.0300331
11.644,0.030029
11.6445,0.0300253
11.6451,0.0301472
11.6456,0.0301288
11.6462,0.0302377
11.6467,0.030208
11.6474,0.030307
11.648,0.0302686
11.6485,0.030235
11.6491,0.0303306
11.6496,0.0304143
11.6502,0.0304875
11.6509,0.0305516
11.6514,0.0306076
11.652,0.0305317
11.6525,0.0305902
11.6531,0.0306414
11.6536,0.0306863
11.6542,0.0307255
11.6554,0.0308848
11.6554,0.0308992
11.6565,0.0309118
11.6565,0.0309228
11.6576,0.0309325
11.6576,0.0309409
11.6589,0.0309483
11.6589,0.0309548
11.66,0.0309604
11.66,0.0308404
11.6611,0.0309853
11.6611,0.0309871
11.6622,0.0311138
11.6622,0.0310995
11.6634,0.0312121
11.6634,0.0311856
11.6645,0.0311624
11.6645,0.0311421
11.6657,0.0311243
11.6657,0.0311088
11.6669,0.0310952
11.6669,0.0310833
11.668,0.0310729
11.668,0.0309388
11.6691,0.0310714
11.6691,0.0310625
11.6702,0.0311797
11.6702,0.0311572
11.6714,0.0312626
11.6714,0.0312297
11.6725,0.031201
11.6725,0.0311759
11.6737,0.0311539
11.6737,0.0311347
11.675,0.0311178
11.675,0.0311031
11.676,0.0310902
11.676,0.0309539
11.6771,0.0310847
11.6771,0.0310741
11.6782,0.0311898
11.6782,0.0311661
11.6794,0.0312703
11.6794,0.0312366
11.6806,0.031207
11.6806,0.0311811
11.6817,0.0311585
11.6817,0.0311387
11.6829,0.0311213
11.6829,0.0311062
11.684,0.0310929
11.684,0.0309563
11.6851,0.0310867
11.6851,0.0310759
11.6862,0.0310664
11.6862,0.0310581
11.6875,0.0310508
11.6875,0.0310445
11.6886,0.0310389
11.6886,0.0310341
11.6897,0.0310298
11.6897,0.0310261
11.6909,0.0310228
11.6909,0.03102
11.692,0.0308925
11.692,0.0307809
11.6931,0.0308083
11.6931,0.0308323
11.6942,0.0308532
11.6942,0.0308716
11.6956,0.0308876
11.6956,0.0309017
11.6966,0.030914
11.6966,0.0309247
11.6977,0.0309341
11.6977,0.0309424
11.6989,0.0309496
11.6989,0.0309559
11.7,0.0308364
11.7,0.0307318
11.7011,0.0307654
11.7011,0.0307947
11.7024,0.0308203
11.7024,0.0308428
11.7035,0.0308625
11.7035,0.0308796
11.7046,0.0308947
11.7046,0.0309079
11.7057,0.0309194
11.7057,0.0309295
11.7069,0.0309383
11.7069,0.030946
11.708,0.0308277
11.708,0.0307243
11.7091,0.0307587
11.7091,0.0307889
11.7104,0.0308153
11.7104,0.0308384
11.7115,0.0308586
11.7115,0.0308763
11.7126,0.0308917
11.7126,0.0309053
11.7137,0.0309171
11.7137,0.0309275
11.715,0.0309365
11.715,0.0309445
11.716,0.0308264
11.716,0.0307231
11.7172,0.0307577
11.7172,0.030788
11.7184,0.0308145
11.7184,0.0308377
11.7195,0.030858
11.7195,0.0308757
11.7206,0.0308913
11.7206,0.0309049
11.7217,0.0309167
11.7217,0.0309272
11.7229,0.0309363
11.7229,0.0309442
11.724,0.0308262
11.724,0.0307229
11.7252,0.0307576
11.7252,0.0307879
11.7264,0.0308144
11.7264,0.0308376
11.7275,0.0308579
11.7275,0.0308756
11.7286,0.0308912
11.7286,0.0309048
11.7297,0.0309167
11.7297,0.0309271
11.7309,0.0309362
11.7309,0.0309442
11.7321,0.0309512
11.7321,0.0309573
11.7332,0.0309626
11.7332,0.0309673
11.7344,0.0309714
11.7344,0.030975
11.7356,0.0309781
11.7356,0.0309808
11.7366,0.0309832
11.7366,0.0309853
11.7377,0.0309871
11.7377,0.0309888
11.7389,0.0309902
11.7389,0.0309914
11.7401,0.0309925
11.7401,0.0309934
11.7412,0.0309942
11.7412,0.030995
11.7424,0.0309956
11.7424,0.0309961
11.7435,0.0309966
11.7435,0.030997
11.7446,0.0309974
11.7446,0.0309977
11.7457,0.030998
11.7457,0.0309983
11.747,0.0309985
11.747,0.0309987
11.7481,0.0309988
11.7481,0.030999
11.7492,0.0309991
11.7492,0.0309992
11.7504,0.0309993
11.7504,0.0309994
11.7515,0.0309995
11.7515,0.0309995
11.7526,0.0309996
11.7526,0.0309996
11.7537,0.0309997
11.7537,0.0309997
11.755,0.0309998
11.755,0.0309998
11.7561,0.0309998
11.7561,0.0309998
11.7572,0.0309999
11.7572,0.0309999
11.7584,0.0309999
11.7584,0.0309999
11.7595,0.0309999
11.7595,0.0309999
11.7606,0.0309999
11.7606,0.0309999
11.7619,0.0309999
11.7619,0.031
11.763,0.030875
11.763,0.0307656
11.7641,0.0307949
11.7641,0.0308205
11.7652,0.030968
11.7652,0.030972
11.7664,0.0311005
11.7664,0.0310879
11.7675,0.0312019
11.7675,0.0311767
11.7687,0.0312796
11.7687,0.0312446
11.7699,0.0313391
11.7699,0.0312967
11.771,0.0313846
11.771,0.0312115
11.7721,0.0313101
11.7721,0.0312713
11.7732,0.0313624
11.7732,0.0313171
11.7744,0.0314025
11.7744,0.0313522
11.7756,0.0314331
11.7756,0.031379
11.7767,0.0314566
11.7767,0.0313995
11.7779,0.0314746
11.7779,0.0314153
11.779,0.0314884
11.779,0.0313023
11.7801,0.0313895
11.7801,0.0313408
11.7812,0.0314232
11.7812,0.0313703
11.7824,0.031449
11.7824,0.0313929
11.7836,0.0314688
11.7836,0.0314102
11.7847,0.0314839
11.7847,0.0314234
11.7859,0.0314955
11.7859,0.0314336
11.7876,0.0316294
11.7876,0.0315507
11.7881,0.0316069
11.7881,0.031531
11.7892,0.0315896
11.7892,0.0315159
11.7904,0.0315764
11.7904,0.0315044
11.7916,0.0315663
11.7916,0.0314955
11.7927,0.0315586
11.7927,0.0314888
11.7939,0.0315527
11.7939,0.0314836
11.795,0.0315481
11.795,0.0313546
11.7961,0.0314353
11.7961,0.0313809
11.7972,0.0314583
11.7972,0.031401
11.7985,0.0314759
11.7985,0.0314164
11.7996,0.0314893
11.7996,0.0314282
11.8007,0.0314996
11.8007,0.0314372
11.8019,0.0315075
11.8019,0.0314441
11.803,0.0315136
11.803,0.0313244
11.8041,0.0314088
11.8041,0.0313577
11.8052,0.031438
11.8052,0.0313833
11.8065,0.0314604
11.8065,0.0314028
11.8076,0.0314775
11.8076,0.0314178
11.8087,0.0314906
11.8087,0.0314292
11.8099,0.0315006
11.8099,0.031438
11.811,0.0315083
11.811,0.0313197
11.8121,0.0314048
11.8121,0.0313542
11.8134,0.0314349
11.8134,0.0313805
11.8145,0.031458
11.8145,0.0314007
11.8156,0.0314756
11.8156,0.0314162
11.8167,0.0314892
11.8167,0.031428
11.8179,0.0314995
11.8179,0.0313121
11.819,0.0312731
11.819,0.0311139
11.8201,0.0312247
11.8201,0.0311966
11.8214,0.031297
11.8214,0.0312599
11.8225,0.0313524
11.8225,0.0313084
11.8236,0.0313948
11.8236,0.0313455
11.8247,0.0314273
11.8247,0.0313739
11.8259,0.0314521
11.8259,0.0313956
11.827,0.0314712
11.827,0.0312873
11.8282,0.0313764
11.8282,0.0313293
11.8294,0.0314131
11.8294,0.0313615
11.8305,0.0314413
11.8305,0.0313862
11.8316,0.0314629
11.8316,0.031405
11.8327,0.0314794
11.8327,0.0314195
11.8339,0.031492
11.8339,0.0314305
11.8351,0.0316267
11.8351,0.0315484
11.8362,0.0316048
11.8362,0.0315292
11.8374,0.0315881
11.8374,0.0315146
11.8385,0.0315752
11.8385,0.0315033
11.8396,0.0315654
11.8396,0.0314947
11.8407,0.0315579
11.8407,0.0314882
11.8419,0.0315521
11.8419,0.0314831
11.8431,0.0316727
11.8431,0.0315886
11.8442,0.0316401
11.8442,0.03156
11.8454,0.031615
11.8454,0.0315382
11.8465,0.0315959
11.8465,0.0315214
11.8476,0.0315812
11.8476,0.0315086
11.8487,0.03157
11.8487,0.0314988
11.85,0.0315614
11.85,0.0314912
11.8511,0.0316798
11.8511,0.0315948
11.8522,0.0316455
11.8522,0.0315648
11.8534,0.0316192
11.8534,0.0315418
11.8545,0.0315991
11.8545,0.0315242
11.8556,0.0315837
11.8556,0.0315107
11.8567,0.0315719
11.8567,0.0315004
11.858,0.0315628
11.858,0.0314925
11.8591,0.0316809
11.8591,0.0315958
11.8602,0.0316463
11.8602,0.0315655
11.8614,0.0316198
11.8614,0.0315424
11.8625,0.0315996
11.8625,0.0315246
11.8636,0.031584
11.8636,0.031511
11.865,0.0315722
11.865,0.0315006
11.866,0.0315631
11.866,0.0313677
11.8671,0.0314467
11.8671,0.0313909
11.8682,0.031467
11.8682,0.0314086
11.8694,0.0314826
11.8694,0.0314222
11.8705,0.0314945
11.8705,0.0314326
11.8716,0.0315036
11.8716,0.0314406
11.8729,0.0315105
11.8729,0.0314467
11.874,0.0315159
11.874,0.0313264
11.8751,0.0314106
11.8751,0.0313593
11.8762,0.0314394
11.8762,0.0313844
11.8774,0.0314614
11.8774,0.0314037
11.8785,0.0314782
11.8785,0.0314185
11.8797,0.0314912
11.8797,0.0314298
11.8809,0.031501
11.8809,0.0314384
11.882,0.0315086
11.882,0.03132
11.8837,0.031405
11.8837,0.0314794
11.8842,0.0315445
11.8842,0.0316014
11.8854,0.0316512
11.8854,0.0316948
11.8865,0.031733
11.8865,0.0317664
11.8877,0.0317956
11.8877,0.0318211
11.8889,0.0318435
11.8889,0.031863
11.89,0.0318802
11.89,0.0318951
11.8911,0.0319082
11.8911,0.0319197
11.8922,0.0319298
11.8922,0.0319385
11.8934,0.0319462
11.8934,0.0319529
11.8946,0.0319588
11.8946,0.031964
11.8957,0.0319685
11.8957,0.0319724
11.8969,0.0319759
11.8969,0.0319789
11.898,0.0319815
11.898,0.0319838
11.8991,0.0319858
11.8991,0.0319876
11.9002,0.0319892
11.9002,0.0319905
11.9014,0.0319917
11.9014,0.0319927
11.9026,0.0319936
11.9026,0.0319944
11.9037,0.0319951
11.9037,0.0319957
11.905,0.0319963
11.905,0.0319967
11.906,0.0319971
11.906,0.0319975
11.9071,0.0319978
11.9071,0.0319981
11.9082,0.0319983
11.9082,0.0319985
11.9095,0.0319987
11.9095,0.0319989
11.9106,0.031999
11.9106,0.0319991
11.9117,0.0319992
11.9117,0.0319993
11.9129,0.0319994
11.9129,0.0319995
11.914,0.0319996
11.914,0.0319996
11.9151,0.0319997
11.9151,0.0319997
11.9164,0.0319997
11.9164,0.0319998
11.9175,0.0319998
11.9175,0.0319998
11.9186,0.0319998
11.9186,0.0319999
11.9197,0.0319999
11.9197,0.0319999
11.9209,0.0319999
11.9209,0.0319999
11.922,0.0319999
11.922,0.0319999
11.9231,0.0319999
11.9231,0.032
11.925,0.032
11.925,0.032
11.9256,0.032
11.9256,0.032
11.9266,0.032
11.9266,0.032
11.9277,0.032
11.9277,0.032
11.9295,0.032125
11.9295,0.0322344
11.93,0.0322051
11.93,0.0321794
11.9312,0.032157
11.9312,0.0321374
11.9324,0.0321202
11.9324,0.0321052
11.9335,0.032092
11.9335,0.0320805
11.9346,0.0320705
11.9346,0.0320617
11.9357,0.0320539
11.9357,0.0320472
11.9369,0.0320413
11.9369,0.0320361
11.938,0.0320316
11.938,0.0320277
11.9392,0.0320242
11.9392,0.0320212
11.9404,0.0320185
11.9404,0.0320162
11.9415,0.0320142
11.9415,0.0320124
11.9426,0.0320109
11.9426,0.0320095
11.9444,0.0321333
11.9444,0.0322417
11.945,0.0322114
11.945,0.032185
11.9461,0.0322869
11.9461,0.032376
11.9472,0.032329
11.9472,0.0322879
11.949,0.0322519
11.949,0.0322204
11.9495,0.0321929
11.9495,0.0321688
11.9506,0.0321477
11.9506,0.0321292
11.9517,0.0321131
11.9517,0.0320989
11.9529,0.0320866
11.9529,0.0320757
11.9541,0.0321913
11.9541,0.0322924
11.9552,0.0322558
11.9552,0.0322238
11.9564,0.0321959
11.9564,0.0321714
11.9575,0.03215
11.9575,0.0321312
11.9586,0.0321148
11.9586,0.0321005
11.9597,0.0320879
11.9597,0.0320769
11.961,0.0319423
11.961,0.0318245
11.9621,0.0319714
11.9621,0.0321
11.9632,0.0320875
11.9632,0.0320766
11.9644,0.032067
11.9644,0.0320586
11.9656,0.0320513
11.9656,0.0320449
11.9666,0.0320393
11.9666,0.0320344
11.9677,0.0320301
11.9677,0.0320263
11.969,0.032023
11.969,0.0320201
11.9701,0.0321426
11.9701,0.0322498
11.9712,0.0322186
11.9712,0.0321912
11.9724,0.0321673
11.9724,0.0321464
11.9735,0.0321281
11.9735,0.0321121
11.9746,0.0320981
11.9746,0.0320858
11.9759,0.0319501
11.9759,0.0318313
11.977,0.0318524
11.977,0.0318709
11.9781,0.031887
11.9781,0.0319011
11.9792,0.0319135
11.9792,0.0319243
11.9804,0.0319338
11.9804,0.031942
11.9815,0.0319493
11.9815,0.0319556
11.9827,0.0319612
11.9827,0.031966
11.9839,0.0319703
11.9839,0.031974
11.985,0.0319772
11.985,0.0319801
11.9861,0.0319826
11.9861,0.0319847
11.9872,0.0319867
11.9872,0.0319883
11.9884,0.0319898
11.9884,0.0319911
11.9895,0.0319922
11.9895,0.0319932
11.9907,0.031994
11.9907,0.0319948
11.9919,0.0319954
11.9919,0.031996
11.993,0.0319965
11.993,0.0319969
11.9941,0.0319973
11.9941,0.0319976
11.9952,0.0319979
11.9952,0.0319982
11.9964,0.0319984
11.9964,0.0319986
11.9976,0.0319988
11.9976,0.0319989
11.9987,0.0319991
11.9987,0.0319992
11.9999,0.0319993
11.9999,0.0319994
12.001,0.0319995
12.001,0.0319995
12.0021,0.0319996
12.0021,0.0319996
12.0032,0.0321247
12.0032,0.0321091
12.0044,0.0322205
12.0044,0.0321929
12.0056,0.0322938
12.0056,0.0322571
12.0067,0.0323499
12.0067,0.0323062
12.0079,0.0323929
12.0079,0.0323438
12.009,0.0324258
12.009,0.0323726
12.0101,0.032576
12.0101,0.032504
12.0112,0.032566
12.0112,0.0324953
12.0125,0.0325584
12.0125,0.0324886
12.0136,0.0325525
12.0136,0.0324834
12.0147,0.032548
12.0147,0.0324795
12.0159,0.0325446
12.0159,0.0324765
12.017,0.0325419
12.017,0.0324742
12.0181,0.0326649
12.0181,0.0325818
12.0192,0.0326341
12.0192,0.0325548
12.0205,0.0326105
12.0205,0.0325342
12.0216,0.0325924
12.0216,0.0325183
12.0227,0.0325785
12.0227,0.0325062
12.0239,0.0325679
12.0239,0.032497
12.025,0.0325598
12.025,0.0324899
12.0261,0.0326786
12.0261,0.0325938
12.0274,0.0326446
12.0274,0.032564
12.0285,0.0326185
12.0285,0.0325412
12.0296,0.0325985
12.0296,0.0325237
12.0307,0.0325833
12.0307,0.0325103
12.0319,0.0325716
12.0319,0.0325001
12.033,0.0325626
12.033,0.0324923
12.0341,0.0326807
12.0341,0.0325956
12.0354,0.0326462
12.0354,0.0325654
12.0365,0.0326197
12.0365,0.0325423
12.0376,0.0325995
12.0376,0.0325245
12.0387,0.032584
12.0387,0.032511
12.0399,0.0325721
12.0399,0.0325006
12.041,0.032563
12.041,0.0324926
12.0422,0.0326811
12.0422,0.0325959
12.0434,0.0326464
12.0434,0.0325656
12.0445,0.0326199
12.0445,0.0325424
12.0456,0.0325996
12.0456,0.0325247
12.0467,0.0325841
12.0467,0.0325111
12.0479,0.0325722
12.0479,0.0325007
12.049,0.0325631
12.049,0.0324927
12.0502,0.0326811
12.0502,0.032596
12.0514,0.0326465
12.0514,0.0325657
12.0525,0.03262
12.0525,0.0325425
12.0536,0.0325997
12.0536,0.0325247
12.0547,0.0325841
12.0547,0.0325111
12.0559,0.0325722
12.0559,0.0325007
12.0571,0.0326881
12.0571,0.0327271
12.0582,0.0328862
12.0582,0.0327754
12.0594,0.0328035
12.0594,0.0327031
12.0605,0.0327402
12.0605,0.0326477
12.0616,0.0326917
12.0616,0.0326052
12.0627,0.0326546
12.0627,0.0325728
12.064,0.0326262
12.064,0.0325479
12.0651,0.0327294
12.0651,0.0327632
12.0662,0.0329178
12.0662,0.0328031
12.0674,0.0328277
12.0674,0.0327242
12.0685,0.0327587
12.0685,0.0326639
12.0696,0.0327059
12.0696,0.0326177
12.0707,0.0326654
12.0707,0.0325823
12.072,0.0326345
12.072,0.0325552
12.0731,0.0327358
12.0731,0.0327688
12.0742,0.0329227
12.0742,0.0328074
12.0754,0.0328314
12.0754,0.0327275
12.0765,0.0327616
12.0765,0.0326664
12.0776,0.0327081
12.0776,0.0326196
12.0789,0.0326671
12.0789,0.0325837
12.08,0.0326358
12.08,0.0325563
12.0811,0.0327368
12.0811,0.0327697
12.0822,0.0329235
12.0822,0.032808
12.0834,0.032832
12.0834,0.032728
12.0845,0.032762
12.0845,0.0326668
12.0856,0.0327084
12.0856,0.0326199
12.0869,0.0326674
12.0869,0.032584
12.088,0.032636
12.088,0.0325565
12.0891,0.0327369
12.0891,0.0326448
12.0902,0.0326892
12.0902,0.032603
12.0914,0.0326527
12.0914,0.0325711
12.0925,0.0326247
12.0925,0.0325466
12.0937,0.0326033
12.0937,0.0325279
12.095,0.0325869
12.095,0.0325135
12.096,0.0325743
12.096,0.0325025
12.0971,0.0326897
12.0971,0.0326035
12.0982,0.0326531
12.0982,0.0325714
12.0994,0.032625
12.0994,0.0325469
12.1005,0.0326035
12.1005,0.0325281
12.1017,0.0325871
12.1017,0.0325137
12.1029,0.0325745
12.1029,0.0325027
12.104,0.0325648
12.104,0.0324942
12.1051,0.0326824
12.1051,0.0325971
12.1062,0.0326475
12.1062,0.0325666
12.1074,0.0326207
12.1074,0.0325431
12.1086,0.0326003
12.1086,0.0325252
12.1097,0.0325846
12.1097,0.0325115
12.1109,0.0325726
12.1109,0.032501
12.112,0.0325634
12.112,0.0324929
12.1131,0.0326813
12.1131,0.0325962
12.1142,0.0326466
12.1142,0.0325658
12.1154,0.0326201
12.1154,0.0325426
12.1166,0.0325997
12.1166,0.0325248
12.1177,0.0325842
12.1177,0.0325112
12.1189,0.0325723
12.1189,0.0325007
12.12,0.0325631
12.12,0.0324927
12.1211,0.0326812
12.1211,0.032596
12.1222,0.0326465
12.1222,0.0325657
12.1235,0.03262
12.1235,0.0325425
12.1246,0.0325997
12.1246,0.0326497
12.1257,0.0326935
12.1257,0.0327318
12.1269,0.0327653
12.1269,0.0327947
12.128,0.0328203
12.128,0.0328428
12.1291,0.0329874
12.1291,0.033114
12.1304,0.0330998
12.1304,0.0330873
12.1315,0.0330764
12.1315,0.0330668
12.1326,0.0330585
12.1326,0.0330512
12.1337,0.0330448
12.1337,0.0330392
12.135,0.0330343
12.135,0.03303
12.136,0.0330262
12.136,0.033023
12.1371,0.0331451
12.1371,0.033252
12.1384,0.0332205
12.1384,0.0331929
12.1395,0.0331688
12.1395,0.0331477
12.1406,0.0331292
12.1406,0.0331131
12.1417,0.0330989
12.1417,0.0330866
12.1429,0.0330757
12.1429,0.0330663
12.144,0.033058
12.144,0.0330507
12.1452,0.0331694
12.1452,0.0332732
12.1464,0.0332391
12.1464,0.0332092
12.1475,0.033183
12.1475,0.0331602
12.1486,0.0331401
12.1486,0.0331226
12.1497,0.0331073
12.1497,0.0330939
12.1509,0.0330821
12.1509,0.0330719
12.152,0.0330629
12.152,0.033055
12.1532,0.0331731
12.1532,0.0332765
12.1544,0.0332419
12.1544,0.0332117
12.1556,0.0331852
12.1556,0.0331621
12.1566,0.0331418
12.1566,0.0331241
12.1577,0.0331086
12.1577,0.033095
12.1589,0.0330831
12.1589,0.0330727
12.1601,0.0331886
12.1601,0.0332901
12.1612,0.0333788
12.1612,0.0334565
12.1624,0.0333994
12.1624,0.0333495
12.1635,0.0333058
12.1635,0.0332676
12.1646,0.0332341
12.1646,0.0332049
12.1657,0.0331792
12.1657,0.0331568
12.1669,0.0331372
12.1669,0.0331201
12.1681,0.0332301
12.1681,0.0333263
12.1692,0.0334105
12.1692,0.0334842
12.1704,0.0334237
12.1704,0.0333707
12.1715,0.0333244
12.1715,0.0332838
12.1726,0.0332484
12.1726,0.0332173
12.1737,0.0331901
12.1737,0.0331664
12.1756,0.0332706
12.1756,0.0333618
12.1761,0.0334415
12.1761,0.0335113
12.1772,0.0335724
12.1772,0.0336259
12.1784,0.0335476
12.1784,0.0334792
12.1795,0.0334193
12.1795,0.0333669
12.1806,0.033321
12.1806,0.0332809
12.1817,0.0332458
12.1817,0.0332151
12.183,0.0331882
12.183,0.0331646
12.1841,0.0332691
12.1841,0.0333604
12.1852,0.0334404
12.1852,0.0335103
12.1864,0.0334465
12.1864,0.0333907
12.1875,0.0333419
12.1875,0.0332991
12.1886,0.0332618
12.1886,0.033229
12.1899,0.0332004
12.1899,0.0331754
12.191,0.0331534
12.191,0.0331343
12.1921,0.0332425
12.1921,0.0333372
12.1932,0.033295
12.1932,0.0332581
12.1944,0.0332259
12.1944,0.0331976
12.1956,0.0331729
12.1956,0.0331513
12.1966,0.0331324
12.1966,0.0331159
12.1979,0.0331014
12.1979,0.0330887
12.199,0.0330776
12.199,0.0330679
12.2001,0.0331844
12.2001,0.0332864
12.2012,0.0332506
12.2012,0.0332192
12.2024,0.0331918
12.2024,0.0331679
12.2035,0.0331469
12.2035,0.0331285
12.2047,0.0331125
12.2047,0.0330984
12.2059,0.0330861
12.2059,0.0330753
12.207,0.0330659
12.207,0.0330577
12.2081,0.0330505
12.2081,0.0330442
12.2092,0.0330386
12.2092,0.0330338
12.2104,0.0330296
12.2104,0.0330259
12.2116,0.0330226
12.2116,0.0330198
12.2127,0.0330173
12.2127,0.0330152
12.2139,0.0330133
12.2139,0.0330116
12.215,0.0330102
12.215,0.0330089
12.2161,0.0331328
12.2161,0.0332412
12.2172,0.033211
12.2172,0.0331847
12.2184,0.0331616
12.2184,0.0331414
12.2196,0.0331237
12.2196,0.0331082
12.2207,0.0330947
12.2207,0.0330829
12.2219,0.0330725
12.2219,0.0330634
12.223,0.0330555
12.223,0.0330486
12.2241,0.0331675
12.2241,0.0332716
12.2252,0.0332376
12.2252,0.0332079
12.2265,0.0331819
12.2265,0.0331592
12.2276,0.0331393
12.2276,0.0331219
12.2287,0.0331066
12.2287,0.0330933
12.2299,0.0330816
12.2299,0.0330714
12.231,0.0330625
12.231,0.0330547
12.2321,0.0331729
12.2321,0.0332763
12.2332,0.0332417
12.2332,0.0332115
12.2345,0.0331851
12.2345,0.0331619
12.2356,0.0331417
12.2356,0.033124
12.2367,0.0331085
12.2367,0.0330949
12.2379,0.0330831
12.2379,0.0330727
12.239,0.0330636
12.239,0.0330556
12.2401,0.0331737
12.2401,0.033277
12.2414,0.0332424
12.2414,0.0332121
12.2425,0.0331855
12.2425,0.0331624
12.2436,0.0331421
12.2436,0.0331243
12.2447,0.0331088
12.2447,0.0330952
12.2459,0.0330833
12.2459,0.0330729
12.247,0.0330638
12.247,0.0330558
12.2481,0.0331738
12.2481,0.0332771
12.2494,0.0334924
12.2494,0.0334309
12.2505,0.033502
12.2505,0.0334393
12.2516,0.0335094
12.2516,0.0334457
12.2527,0.033515
12.2527,0.0334506
12.2539,0.0335193
12.2539,0.0334544
12.255,0.0335226
12.255,0.0334573
12.2562,0.0336501
12.2562,0.0336938
12.2574,0.0338571
12.2574,0.03375
12.2585,0.0337812
12.2585,0.0336836
12.2596,0.0337231
12.2596,0.0336327
12.2607,0.0336786
12.2607,0.0335938
12.2619,0.0336446
12.2619,0.033564
12.263,0.0336185
12.263,0.0335412
12.2642,0.0337235
12.2642,0.0337581
12.2654,0.0339133
12.2654,0.0337992
12.2665,0.0338243
12.2665,0.0337212
12.2676,0.0337561
12.2676,0.0336616
12.2687,0.0337039
12.2687,0.0336159
12.2699,0.0336639
12.2699,0.0335809
12.2711,0.0337583
12.2711,0.0337885
12.2722,0.0339399
12.2722,0.0339475
12.2734,0.034079
12.2734,0.0339441
12.2745,0.0339511
12.2745,0.0338322
12.2756,0.0338532
12.2756,0.0337466
12.2767,0.0337782
12.2767,0.033681
12.278,0.0337208
12.278,0.0336307
12.2791,0.0338019
12.2791,0.0338267
12.2802,0.0339733
12.2802,0.0339767
12.2814,0.0341046
12.2814,0.0339665
12.2825,0.0339707
12.2825,0.0338494
12.2836,0.0338682
12.2836,0.0337597
12.2847,0.0337897
12.2847,0.033691
12.286,0.0337296
12.286,0.0336384
12.2871,0.0338086
12.2871,0.0338325
12.2882,0.0339785
12.2882,0.0339812
12.2894,0.0341085
12.2894,0.0339699
12.2905,0.0339737
12.2905,0.033852
12.2916,0.0338705
12.2916,0.0337617
12.2929,0.0337915
12.2929,0.0336925
12.294,0.033731
12.294,0.0336396
12.2951,0.0338096
12.2951,0.0338334
12.2962,0.0339793
12.2962,0.0339819
12.2974,0.0341091
12.2974,0.0339705
12.2985,0.0339742
12.2985,0.0338524
12.2996,0.0338708
12.2996,0.033762
12.3009,0.0337917
12.3009,0.0336928
12.302,0.0337312
12.302,0.0336398
12.3031,0.0338098
12.3031,0.0338336
12.3042,0.0339794
12.3042,0.033857
12.3054,0.0338748
12.3054,0.0337655
12.3065,0.0337948
12.3065,0.0336954
12.3077,0.0337335
12.3077,0.0336418
12.3089,0.0336866
12.3089,0.0336008
12.31,0.0336507
12.31,0.0335693
12.3111,0.0337482
12.3111,0.0337797
12.3122,0.0339322
12.3122,0.0338157
12.3134,0.0338387
12.3134,0.0337339
12.3145,0.0337671
12.3145,0.0336712
12.3157,0.0337123
12.3157,0.0336233
12.3169,0.0336704
12.3169,0.0335866
12.318,0.0336383
12.318,0.0335585
12.3191,0.0337387
12.3191,0.0337713
12.3202,0.0339249
12.3202,0.0338093
12.322,0.0338331
12.322,0.033729
12.3226,0.0337629
12.3226,0.0336675
12.3237,0.0337091
12.3237,0.0336204
12.3256,0.0337929
12.3256,0.0338188
12.326,0.0338414
12.326,0.0337362
12.3271,0.0338942
12.3271,0.0339074
12.3282,0.034044
12.3282,0.0339135
12.3294,0.0339243
12.3294,0.0338088
12.3306,0.0338327
12.3306,0.0337286
12.3317,0.0337625
12.3317,0.0336672
12.3329,0.0337088
12.3329,0.0336202
12.334,0.0336677
12.334,0.0335842
12.3351,0.0337612
12.3351,0.033791
12.3362,0.0339422
12.3362,0.0338244
12.3375,0.0338463
12.3375,0.0337405
12.3392,0.033898
12.3392,0.0339107
12.3397,0.0339219
12.3397,0.0338067
12.3409,0.0338308
12.3409,0.033727
12.342,0.0337611
12.342,0.033666
12.3431,0.0338327
12.3431,0.0338536
12.3442,0.0339969
12.3442,0.0338723
12.3456,0.0338883
12.3456,0.0337772
12.3466,0.0338051
12.3466,0.0337044
12.3477,0.0337414
12.3477,0.0336487
12.3489,0.0336926
12.3489,0.033606
12.35,0.0336553
12.35,0.0335734
12.3511,0.0337517
12.3511,0.0337827
12.3524,0.0339349
12.3524,0.033818
12.3535,0.0338408
12.3535,0.0337357
12.3546,0.0337687
12.3546,0.0336726
12.3557,0.0337136
12.3557,0.0336244
12.3569,0.0336713
12.3569,0.0335874
12.358,0.033639
12.358,0.0334341
12.3592,0.0335048
12.3592,0.0335667
12.3604,0.0337459
12.3604,0.0336527
12.3615,0.0336961
12.3615,0.0336091
12.3626,0.0336579
12.3626,0.0335757
12.3637,0.0336287
12.3637,0.0335501
12.365,0.0336064
12.365,0.0335306
12.366,0.0335893
12.366,0.0335156
12.3672,0.0337011
12.3672,0.0337385
12.3684,0.0338962
12.3684,0.0337842
12.3695,0.0338111
12.3695,0.0337097
12.3706,0.033746
12.3706,0.0336528
12.3717,0.0336962
12.3717,0.0334842
12.3729,0.0334236
12.3729,0.0333707
12.3741,0.0335743
12.3741,0.0336276
12.3752,0.0337991
12.3752,0.0339492
12.3764,0.0340806
12.3764,0.0341955
12.3775,0.0341711
12.3775,0.0341497
12.3786,0.034131
12.3786,0.0341146
12.3797,0.0341003
12.3797,0.0340877
12.3809,0.0340768
12.3809,0.0340672
12.3821,0.0341838
12.3821,0.0342858
12.3832,0.0343751
12.3832,0.0344532
12.385,0.0345215
12.385,0.0345813
12.3856,0.0345087
12.3856,0.0344451
12.3866,0.0343895
12.3866,0.0343408
12.3877,0.0342982
12.3877,0.0342609
12.389,0.0342283
12.389,0.0341998
12.3901,0.0342998
12.3901,0.0343873
12.3912,0.0344639
12.3912,0.0345309
12.3924,0.0345895
12.3924,0.0346409
12.3935,0.0345607
12.3935,0.0344907
12.3946,0.0344293
12.3946,0.0343757
12.3957,0.0343287
12.3957,0.0342876
12.397,0.0342517
12.397,0.0342202
12.3981,0.0343177
12.3981,0.034403
12.3992,0.0344776
12.3992,0.0345429
12.4004,0.0346
12.4004,0.03465
12.4015,0.0345688
12.4015,0.0344977
12.4026,0.0344355
12.4026,0.034381
12.4039,0.0343334
12.4039,0.0342917
12.405,0.0342553
12.405,0.0342234
12.4061,0.0343204
12.4061,0.0344054
12.4072,0.0344797
12.4072,0.0345447
12.4084,0.0344766
12.4084,0.0344171
12.4095,0.0343649
12.4095,0.0343193
12.4106,0.0342794
12.4106,0.0342445
12.4119,0.0342139
12.4119,0.0341872
12.413,0.0341638
12.413,0.0341433
12.4141,0.0342504
12.4141,0.0343441
12.4152,0.0344261
12.4152,0.0344978
12.4164,0.0344356
12.4164,0.0343811
12.4175,0.0343335
12.4175,0.0342918
12.4187,0.0342553
12.4187,0.0342234
12.4199,0.0341955
12.4199,0.0341711
12.421,0.0341497
12.421,0.034131
12.4221,0.0342396
12.4221,0.0343346
12.4232,0.0344178
12.4232,0.0344906
12.4244,0.0344293
12.4244,0.0343756
12.4256,0.0343287
12.4256,0.0342876
12.4267,0.0342516
12.4267,0.0342202
12.4279,0.0341926
12.4279,0.0341686
12.429,0.0341475
12.429,0.0341291
12.4301,0.0342379
12.4301,0.0343332
12.4312,0.0344165
12.4312,0.0344895
12.4324,0.0344283
12.4324,0.0343747
12.4336,0.0343279
12.4336,0.0342869
12.4347,0.0342511
12.4347,0.0342197
12.4359,0.0341922
12.4359,0.0341682
12.437,0.0341472
12.437,0.0341288
12.4381,0.0342377
12.4381,0.034333
12.4392,0.0344163
12.4392,0.0344893
12.4405,0.0344281
12.4405,0.0343746
12.4416,0.0343278
12.4416,0.0342868
12.4427,0.034251
12.4427,0.0342196
12.4439,0.0341921
12.4439,0.0341681
12.445,0.0341471
12.445,0.0341287
12.4461,0.0342376
12.4461,0.0343329
12.4472,0.0344163
12.4472,0.0344893
12.4485,0.0344281
12.4485,0.0343746
12.4496,0.0343278
12.4496,0.0342868
12.4507,0.034251
12.4507,0.0342196
12.4519,0.0341921
12.4519,0.0341681
12.453,0.0341471
12.453,0.0341287
12.4541,0.0342376
12.4541,0.0343329
12.4554,0.0344163
12.4554,0.0344893
12.4565,0.0344281
12.4565,0.0343746
12.4576,0.0343278
12.4576,0.0342868
12.4587,0.0342509
12.4587,0.0342196
12.4599,0.0341921
12.4599,0.0341681
12.461,0.0341471
12.461,0.0341287
12.4621,0.0342376
12.4621,0.0343329
12.4634,0.0344163
12.4634,0.0344893
12.4645,0.0344281
12.4645,0.0343746
12.4662,0.0344528
12.4662,0.0345212
12.4667,0.034456
12.4667,0.034399
12.4679,0.0343491
12.4679,0.0343055
12.469,0.0342673
12.469,0.0342339
12.4702,0.0343297
12.4702,0.0344135
12.4714,0.0344868
12.4714,0.0345509
12.4725,0.0344821
12.4725,0.0344218
12.4736,0.0343691
12.4736,0.0343229
12.4747,0.0342826
12.4747,0.0342472
12.4759,0.0342163
12.4759,0.0341893
12.477,0.0341656
12.477,0.0341449
12.4782,0.0342518
12.4782,0.0343453
12.4794,0.0344272
12.4794,0.0344988
12.4805,0.0344364
12.4805,0.0343819
12.4816,0.0343341
12.4816,0.0342924
12.4827,0.0342558
12.4827,0.0342238
12.4839,0.0341959
12.4839,0.0341714
12.4851,0.034275
12.4851,0.0343656
12.4862,0.0344449
12.4862,0.0345143
12.4874,0.034575
12.4874,0.0346281
12.4885,0.0345496
12.4885,0.0344809
12.4896,0.0344208
12.4896,0.0343682
12.4907,0.0343222
12.4907,0.0342819
12.4919,0.0342467
12.4919,0.0342158
12.4931,0.0343138
12.4931,0.0343996
12.4942,0.0344747
12.4942,0.0345403
12.4954,0.0345978
12.4954,0.0346481
12.4965,0.0345671
12.4965,0.0344962
12.4976,0.0344342
12.4976,0.0343799
12.4987,0.0343324
12.4987,0.0342908
12.5,0.0341295
12.5,0.0339883
12.5011,0.0341148
12.5011,0.0342254
12.5022,0.0343222
12.5022,0.034407
12.5034,0.0344811
12.5034,0.034546
12.5045,0.0347277
12.5045,0.0346367
12.5056,0.0346822
12.5056,0.0345969
12.5069,0.0346473
12.5069,0.0345664
12.508,0.0346206
12.508,0.034543
12.5091,0.0347251
12.5091,0.0347595
12.5102,0.0349145
12.5102,0.0349252
12.5114,0.0350596
12.5114,0.0350521
12.5125,0.0351706
12.5125,0.0350243
12.5136,0.0350212
12.5136,0.0348936
12.515,0.0349069
12.515,0.0347935
12.516,0.0348193
12.516,0.0347169
12.5171,0.0348773
12.5171,0.0348926
12.5182,0.0350311
12.5182,0.0350272
12.5194,0.0351488
12.5194,0.0350052
12.5205,0.0350045
12.5205,0.034879
12.5217,0.0348941
12.5217,0.0347823
12.5229,0.0348095
12.5229,0.0347083
12.524,0.0347448
12.524,0.0346517
12.5251,0.0348202
12.5251,0.0348427
12.5262,0.0349874
12.5262,0.0349889
12.5274,0.0351153
12.5274,0.0349759
12.5285,0.0349789
12.5285,0.0348566
12.5297,0.0348745
12.5297,0.0347652
12.5309,0.0347945
12.5309,0.0346952
12.532,0.0347333
12.532,0.0346416
12.5331,0.0348114
12.5331,0.034835
12.5342,0.0349806
12.5342,0.0349831
12.5354,0.0351102
12.5354,0.0349714
12.5366,0.034975
12.5366,0.0348531
12.5377,0.0348715
12.5377,0.0347625
12.5389,0.0347922
12.5389,0.0346932
12.54,0.0347315
12.54,0.0346401
12.5411,0.0348101
12.5411,0.0348338
12.5422,0.0349796
12.5422,0.0349821
12.5434,0.0351094
12.5434,0.0349707
12.5446,0.0349744
12.5446,0.0348526
12.5457,0.034871
12.5457,0.0347621
12.5469,0.0347919
12.5469,0.0346929
12.548,0.0347313
12.548,0.0346399
12.5491,0.0348099
12.5491,0.0348336
12.5502,0.0349794
12.5502,0.034982
12.5515,0.0351093
12.5515,0.0349706
12.5526,0.0349743
12.5526,0.0348525
12.5537,0.0348709
12.5537,0.0347621
12.555,0.0347918
12.555,0.0346928
12.5566,0.0348562
12.5566,0.0348742
12.5571,0.0350149
12.5571,0.0350131
12.5582,0.0351364
12.5582,0.0351194
12.5595,0.0352294
12.5595,0.0350758
12.5606,0.0350663
12.5606,0.034933
12.5617,0.0349414
12.5617,0.0348237
12.5629,0.0348457
12.5629,0.03474
12.564,0.0347725
12.564,0.034676
12.5651,0.0348415
12.5651,0.0348613
12.5664,0.0350036
12.5664,0.0350032
12.5675,0.0351278
12.5675,0.0349868
12.5686,0.0349884
12.5686,0.0348649
12.5697,0.0348818
12.5697,0.0347716
12.5709,0.0348001
12.5709,0.0347001
12.572,0.0347376
12.572,0.0346454
12.5732,0.0348147
12.5732,0.0348379
12.5744,0.0349831
12.5744,0.0349852
12.5756,0.0351121
12.5756,0.0349731
12.5766,0.0349764
12.5766,0.0348544
12.5777,0.0348726
12.5777,0.0347635
12.5789,0.0347931
12.5789,0.0346939
12.58,0.0347322
12.58,0.0346407
12.5812,0.0348106
12.5812,0.0348343
12.5824,0.03498
12.5824,0.0349825
12.5835,0.0351097
12.5835,0.034971
12.5846,0.0349746
12.5846,0.0348528
12.5857,0.0348712
12.5857,0.0347623
12.5869,0.034792
12.5869,0.034693
12.5887,0.0348564
12.5887,0.0348743
12.5892,0.035015
12.5892,0.0350131
12.5904,0.0351365
12.5904,0.0349944
12.5915,0.0349951
12.5915,0.0348707
12.5926,0.0348869
12.5926,0.034776
12.5937,0.034804
12.5937,0.0347035
12.595,0.0347406
12.595,0.034648
12.5961,0.034817
12.5961,0.0348399
12.5972,0.0349849
12.5972,0.0349868
12.5984,0.0351134
12.5984,0.0350993
12.5995,0.0352118
12.5995,0.0350604
12.6006,0.0350528
12.6006,0.0349212
12.6017,0.0349311
12.6017,0.0348147
12.603,0.0348378
12.603,0.0347331
12.6041,0.0348915
12.6041,0.034905
12.6052,0.0350419
12.6052,0.0350367
12.6064,0.0351571
12.6064,0.0351375
12.6075,0.0352453
12.6075,0.0350896
12.6086,0.0350784
12.6086,0.0349436
12.6097,0.0349507
12.6097,0.0348318
12.611,0.0348528
12.611,0.0347462
12.6121,0.034903
12.6121,0.0349151
12.6132,0.0350507
12.6132,0.0350444
12.6144,0.0351638
12.6144,0.0351433
12.6156,0.0352504
12.6156,0.0350941
12.6166,0.0350824
12.6166,0.0349471
12.6179,0.0349537
12.6179,0.0348345
12.619,0.0348552
12.619,0.0347483
12.6201,0.0349047
12.6201,0.0349166
12.6212,0.0350521
12.6212,0.0350455
12.6224,0.0351649
12.6224,0.0350192
12.6235,0.0350168
12.6235,0.0348897
12.6246,0.0349035
12.6246,0.0347906
12.6259,0.0348168
12.6259,0.0347147
12.627,0.0347503
12.627,0.0346565
12.6281,0.0348245
12.6281,0.0348464
12.6292,0.0349906
12.6292,0.0349918
12.6304,0.0351178
12.6304,0.0349781
12.6315,0.0349808
12.6315,0.0348582
12.6327,0.0348759
12.6327,0.0347664
12.6339,0.0347956
12.6339,0.0346962
12.635,0.0347342
12.635,0.0347674
12.6361,0.0349215
12.6361,0.0350563
12.6372,0.0351742
12.6372,0.0352775
12.6384,0.0353678
12.6384,0.0354468
12.6395,0.035391
12.6395,0.0353421
12.6407,0.0352993
12.6407,0.0352619
12.6419,0.0352292
12.6419,0.0352005
12.643,0.0351755
12.643,0.0351535
12.6441,0.0352593
12.6441,0.0353519
12.6452,0.0354329
12.6452,0.0355038
12.6464,0.0355658
12.6464,0.0356201
12.6476,0.0355426
12.6476,0.0354748
12.6487,0.0354154
12.6487,0.0353635
12.6499,0.0353181
12.6499,0.0352783
12.651,0.0352435
12.651,0.0352131
12.6521,0.0353114
12.6521,0.0353975
12.6532,0.0354728
12.6532,0.0355387
12.6545,0.0355964
12.6545,0.0356468
12.6556,0.035566
12.6556,0.0354952
12.6567,0.0354333
12.6567,0.0353792
12.6579,0.0353318
12.6579,0.0352903
12.659,0.035254
12.659,0.0352223
12.6601,0.0353195
12.6601,0.0354045
12.6612,0.035479
12.6612,0.0355441
12.6625,0.0356011
12.6625,0.0356509
12.6636,0.0355696
12.6636,0.0354984
12.6647,0.0354361
12.6647,0.0353816
12.6659,0.0353339
12.6659,0.0352921
12.667,0.0352556
12.667,0.0352237
12.6681,0.0353207
12.6681,0.0354056
12.6694,0.0354799
12.6694,0.0355449
12.6705,0.0356018
12.6705,0.0356516
12.6716,0.0355701
12.6716,0.0354989
12.6727,0.0354365
12.6727,0.0353819
12.6739,0.0353342
12.6739,0.0352924
12.675,0.0352559
12.675,0.0352239
12.6761,0.0353209
12.6761,0.0354058
12.6774,0.0354801
12.6774,0.0355451
12.6785,0.0356019
12.6785,0.0356517
12.6796,0.0355702
12.6796,0.0354989
12.6807,0.0354366
12.6807,0.035382
12.6819,0.0353343
12.6819,0.0352925
12.683,0.0352559
12.683,0.0352239
12.6842,0.0353209
12.6842,0.0354058
12.6854,0.0354801
12.6854,0.0355451
12.6865,0.0356019
12.6865,0.0356517
12.6876,0.0355702
12.6876,0.035499
12.6887,0.0354366
12.6887,0.035382
12.6899,0.0353343
12.6899,0.0352925
12.691,0.0352559
12.691,0.0352239
12.6922,0.0353209
12.6922,0.0354058
12.6934,0.0354801
12.6934,0.0355451
12.6945,0.0356019
12.6945,0.0356517
12.6956,0.0355702
12.6956,0.035499
12.6967,0.0354366
12.6967,0.035382
12.6979,0.0353343
12.6979,0.0352925
12.6991,0.0353809
12.6991,0.0354583
12.7002,0.035526
12.7002,0.0355853
12.7014,0.0356371
12.7014,0.0356825
12.7025,0.0357222
12.7025,0.0357569
12.7036,0.0356623
12.7036,0.0355795
12.7047,0.0355071
12.7047,0.0354437
12.7059,0.0353882
12.7059,0.0353397
12.7071,0.0354222
12.7071,0.0354944
12.7082,0.0355576
12.7082,0.0356129
12.7094,0.0356613
12.7094,0.0357037
12.7105,0.0357407
12.7105,0.0357731
12.7116,0.0356765
12.7116,0.0355919
12.7127,0.0355179
12.7127,0.0354532
12.714,0.0353965
12.714,0.035347
12.7151,0.0354286
12.7151,0.0355
12.7162,0.0355625
12.7162,0.0356172
12.7174,0.0356651
12.7174,0.0357069
12.7185,0.0357436
12.7185,0.0357756
12.7196,0.0356787
12.7196,0.0355938
12.7209,0.0355196
12.7209,0.0354546
12.722,0.0353978
12.722,0.0353481
12.7231,0.0354296
12.7231,0.0355009
12.7242,0.0355633
12.7242,0.0356179
12.7254,0.0356656
12.7254,0.0357074
12.7265,0.035744
12.7265,0.035776
12.7276,0.035679
12.7276,0.0355941
12.7289,0.0355199
12.7289,0.0354549
12.73,0.035398
12.73,0.0353483
12.7311,0.0354297
12.7311,0.035501
12.7322,0.0355634
12.7322,0.035618
12.7334,0.0356657
12.7334,0.0357075
12.7345,0.0356191
12.7345,0.0355417
12.7357,0.035474
12.7357,0.0354147
12.7369,0.0353629
12.7369,0.0353175
12.738,0.0352778
12.738,0.0352431
12.7391,0.0353377
12.7391,0.0354205
12.7402,0.0354929
12.7402,0.0355563
12.7414,0.0356118
12.7414,0.0356603
12.7425,0.0355778
12.7425,0.0355055
12.7437,0.0354424
12.7437,0.0353871
12.745,0.0353387
12.745,0.0352963
12.746,0.0352593
12.746,0.0352269
12.7471,0.0353235
12.7471,0.0354081
12.7482,0.0354821
12.7482,0.0355468
12.7494,0.0356035
12.7494,0.035653
12.7506,0.0355714
12.7506,0.0355
12.7517,0.0354375
12.7517,0.0353828
12.7529,0.0353349
12.7529,0.0352931
12.754,0.0352564
12.754,0.0352244
12.7551,0.0353213
12.7551,0.0354062
12.7562,0.0354804
12.7562,0.0355453
12.7574,0.0356022
12.7574,0.0356519
12.7586,0.0355704
12.7586,0.0354991
12.7597,0.0354367
12.7597,0.0353821
12.7609,0.0353344
12.7609,0.0352926
12.762,0.035256
12.762,0.035224
12.7631,0.035321
12.7631,0.0354059
12.7642,0.0354801
12.7642,0.0355451
12.7656,0.035602
12.7656,0.0356517
12.7666,0.0355703
12.7666,0.035499
12.7677,0.0355616
12.7677,0.0354914
12.7689,0.035555
12.7689,0.0354856
12.77,0.0355499
12.77,0.0354812
12.7711,0.035671
12.7711,0.0357121
12.7722,0.0358731
12.7722,0.035889
12.7735,0.0360279
12.7735,0.0360244
12.7746,0.0361463
12.7746,0.036003
12.7757,0.0360027
12.7757,0.0358773
12.7769,0.0358927
12.7769,0.0357811
12.778,0.0358084
12.778,0.0357074
12.7791,0.035869
12.7791,0.0358853
12.7804,0.0360247
12.7804,0.0360216
12.7815,0.0361439
12.7815,0.0361259
12.7826,0.0362352
12.7826,0.0360808
12.7837,0.0360707
12.7837,0.0359368
12.785,0.0359447
12.785,0.0358266
12.786,0.0358483
12.786,0.0357423
12.7871,0.0358995
12.7871,0.0359121
12.7884,0.036048
12.7884,0.036042
12.7895,0.0361618
12.7895,0.0361416
12.7906,0.0362489
12.7906,0.0360928
12.7917,0.0360812
12.7917,0.035946
12.7929,0.0359528
12.7929,0.0358337
12.794,0.0358545
12.794,0.0357476
12.7952,0.0359042
12.7952,0.0359162
12.7964,0.0360516
12.7964,0.0360452
12.7975,0.0361645
12.7975,0.036144
12.7986,0.036251
12.7986,0.0360946
12.7997,0.0360828
12.7997,0.0359474
12.8009,0.035954
12.8009,0.0358347
12.8021,0.0359804
12.8021,0.0359829
12.8032,0.03611
12.8032,0.0360962
12.8044,0.0362092
12.8044,0.0361831
12.8056,0.0362852
12.8056,0.0362495
12.8066,0.0363433
12.8066,0.0361754
12.8077,0.0361535
12.8077,0.0360093
12.8089,0.0360081
12.8089,0.0358821
12.8101,0.0360219
12.8101,0.0360191
12.8112,0.0361417
12.8112,0.036124
12.8124,0.0362335
12.8124,0.0362043
12.8135,0.0363038
12.8135,0.0362658
12.8152,0.0364826
12.8152,0.0364223
12.8157,0.0363695
12.8157,0.0361983
12.817,0.0361735
12.817,0.0360268
12.8181,0.0361485
12.8181,0.0361299
12.8192,0.0362387
12.8192,0.0362088
12.8204,0.0363077
12.8204,0.0362693
12.8215,0.0363606
12.8215,0.0363155
12.8226,0.0364011
12.8226,0.036226
12.8237,0.0361977
12.8237,0.036048
12.825,0.036042
12.825,0.0359117
12.8261,0.0360478
12.8261,0.0360418
12.8272,0.0361616
12.8272,0.0361414
12.8284,0.0362487
12.8284,0.0362176
12.8295,0.0363154
12.8295,0.036276
12.8306,0.0363665
12.8306,0.0361957
12.8319,0.0361712
12.8319,0.0360248
12.833,0.0360217
12.833,0.035894
12.8341,0.0360322
12.8341,0.0360282
12.8352,0.0361497
12.8352,0.036131
12.8364,0.0362396
12.8364,0.0362097
12.8375,0.0363084
12.8375,0.0361449
12.8386,0.0361268
12.8386,0.0359859
12.8399,0.0359877
12.8399,0.0358642
12.841,0.0358812
12.841,0.035771
12.8421,0.0359247
12.8421,0.0359341
12.8432,0.0360673
12.8432,0.0360589
12.8444,0.0361765
12.8444,0.0361545
12.8456,0.0362602
12.8456,0.0361026
12.8467,0.0360898
12.8467,0.0359536
12.8479,0.0359594
12.8479,0.0358395
12.849,0.0358595
12.849,0.0357521
12.8501,0.0359081
12.8501,0.0357946
12.8512,0.0358202
12.8512,0.0358427
12.8524,0.0359874
12.8524,0.035989
12.8535,0.0361153
12.8535,0.0359759
12.8547,0.0359789
12.8547,0.0358566
12.8559,0.0358745
12.8559,0.0357652
12.857,0.0357945
12.857,0.0356952
12.8587,0.0358583
12.8587,0.035876
12.8592,0.0360165
12.8592,0.0360145
12.8604,0.0361376
12.8604,0.0361204
12.8616,0.0362304
12.8616,0.0360766
12.8634,0.036192
12.8634,0.036168
12.8639,0.036147
12.8639,0.0360036
12.865,0.0360032
12.865,0.0358778
12.8661,0.0360181
12.8661,0.0360158
12.8672,0.0361388
12.8672,0.0361215
12.8685,0.0362313
12.8685,0.0362024
12.8696,0.0363021
12.8696,0.0361393
12.8707,0.0361219
12.8707,0.0359817
12.8719,0.035984
12.8719,0.035861
12.873,0.0358783
12.873,0.0357685
12.8741,0.0359225
12.8741,0.0359322
12.8752,0.0360656
12.8752,0.0360574
12.8765,0.0361753
12.8765,0.0361534
12.8776,0.0362592
12.8776,0.0361018
12.8787,0.0360891
12.8787,0.0359529
12.8799,0.0359588
12.8799,0.035839
12.881,0.0358591
12.881,0.0357517
12.8821,0.0359077
12.8821,0.0359193
12.8834,0.0360544
12.8834,0.0360476
12.8845,0.0361666
12.8845,0.0361458
12.8856,0.0362526
12.8856,0.036096
12.8867,0.036084
12.8867,0.0359485
12.8879,0.0359549
12.8879,0.0358356
12.889,0.0358561
12.889,0.0357491
12.8901,0.0359055
12.8901,0.0359173
12.8914,0.0360526
12.8914,0.036046
12.8925,0.0361653
12.8925,0.0361446
12.8936,0.0362515
12.8936,0.0360951
12.8947,0.0360832
12.8947,0.0359478
12.8959,0.0359543
12.8959,0.035835
12.897,0.0358557
12.897,0.0357487
12.8982,0.0359051
12.8982,0.035792
12.8994,0.035818
12.8994,0.0358407
12.9005,0.0359856
12.9005,0.0359874
12.9016,0.036114
12.9016,0.0359748
12.9027,0.0359779
12.9027,0.0359807
12.9039,0.0359831
12.9039,0.0359852
12.905,0.035987
12.905,0.0359887
12.9062,0.0361151
12.9062,0.0362257
12.9074,0.0363225
12.9074,0.0364072
12.9085,0.0364813
12.9085,0.0365461
12.9096,0.0366029
12.9096,0.0366525
12.9107,0.0365709
12.9107,0.0364996
12.9119,0.0364371
12.9119,0.0363825
12.9131,0.0364597
12.9131,0.0365272
12.9142,0.0365863
12.9142,0.036638
12.9154,0.0366833
12.9154,0.0367229
12.9165,0.0367575
12.9165,0.0367878
12.9176,0.0368143
12.9176,0.0368375
12.9187,0.0367328
12.9187,0.0366412
12.9199,0.0365611
12.9199,0.036491
12.9211,0.0365546
12.9211,0.0366103
12.9222,0.036659
12.9222,0.0367016
12.9234,0.0367389
12.9234,0.0367715
12.9245,0.0368001
12.9245,0.0368251
12.9256,0.0368469
12.9256,0.0368661
12.9267,0.0367578
12.9267,0.0366631
12.928,0.0365802
12.928,0.0365077
12.9291,0.0365692
12.9291,0.0366231
12.9302,0.0366702
12.9302,0.0367114
12.9314,0.0367475
12.9314,0.036779
12.9325,0.0368067
12.9325,0.0368308
12.9336,0.036852
12.9336,0.0368705
12.9347,0.0367617
12.9347,0.0366665
12.936,0.0365832
12.936,0.0365103
12.9371,0.0365715
12.9371,0.036625
12.9382,0.0366719
12.9382,0.0367129
12.9394,0.0367488
12.9394,0.0367802
12.9405,0.0368077
12.9405,0.0368317
12.9416,0.0368528
12.9416,0.0368712
12.9429,0.0367623
12.9429,0.036667
12.944,0.0365836
12.944,0.0365107
12.9451,0.0365718
12.9451,0.0366253
12.9462,0.0366722
12.9462,0.0367132
12.9474,0.036749
12.9474,0.0367804
12.9485,0.0368078
12.9485,0.0368319
12.9497,0.0367279
12.9497,0.0366369
12.9509,0.0365573
12.9509,0.0364876
12.952,0.0364267
12.952,0.0363733
12.9531,0.0364517
12.9531,0.0365202
12.9542,0.0365802
12.9542,0.0366327
12.9554,0.0366786
12.9554,0.0367188
12.9565,0.0367539
12.9565,0.0367847
12.9577,0.0366866
12.9577,0.0366008
12.9589,0.0365257
12.9589,0.03646
12.96,0.0364025
12.96,0.0363522
12.9611,0.0364331
12.9611,0.036504
12.9622,0.036566
12.9622,0.0366202
12.9634,0.0366677
12.9634,0.0367092
12.9652,0.0368706
12.9652,0.0370118
12.9657,0.0368853
12.9657,0.0367746
12.9669,0.0366778
12.9669,0.0365931
12.968,0.0365189
12.968,0.0364541
12.9691,0.0365223
12.9691,0.036582
12.9702,0.0366343
12.9702,0.03668
12.972,0.03672
12.972,0.036755
12.9726,0.0367856
12.9726,0.0368124
12.9737,0.0367109
12.9737,0.036622
12.975,0.0365443
12.975,0.0364762
12.976,0.0364167
12.976,0.0363646
12.9771,0.036444
12.9771,0.0365135
12.9782,0.0365743
12.9782,0.0366275
12.9795,0.0366741
12.9795,0.0367148
12.9806,0.0367505
12.9806,0.0367817
12.9817,0.036684
12.9817,0.0365985
12.9829,0.0365237
12.9829,0.0364582
12.984,0.0364009
12.984,0.0363508
12.9851,0.036432
12.9851,0.036503
12.9862,0.0365651
12.9862,0.0366195
12.9875,0.036667
12.9875,0.0367086
12.9886,0.0367451
12.9886,0.0367769
12.9897,0.0366798
12.9897,0.0365948
12.9909,0.0365205
12.9909,0.0364554
12.992,0.0363985
12.992,0.0363487
12.9931,0.0364301
12.9931,0.0365013
12.9944,0.0365637
12.9944,0.0366182
12.9956,0.0366659
12.9956,0.0367077
12.9966,0.0367442
12.9966,0.0367762
12.9977,0.0366792
12.9977,0.0365943
12.9989,0.03652
13.0357,0.036455
13.0361,0.0365231
13.0366,0.0364577
13.0372,0.0365255
13.0377,0.0364598
13.0384,0.0365273
13.039,0.0365864
13.0395,0.0367631
13.0401,0.0365427
13.0406,0.0350999
13.0412,0.0339624
13.0417,0.0328421
13.0424,0.0318618
13.043,0.0310041
13.0435,0.0302536
13.0441,0.0297219
13.0446,0.0292567
13.0452,0.0288496
13.0459,0.0283684
13.0464,0.0280723
13.047,0.0276883
13.0475,0.0273523
13.0481,0.0271832
13.0486,0.0270353
13.0492,0.0269059
13.0499,0.0266677
13.0504,0.0265842
13.051,0.0263862
13.0515,0.0263379
13.0521,0.0262957
13.0526,0.0261337
13.0532,0.026117
13.0539,0.0259774
13.0544,0.0259802
13.055,0.0258577
13.0556,0.0258755
13.0561,0.025891
13.0567,0.0259047
13.0572,0.0259166
13.0579,0.025802
13.0584,0.0258267
13.059,0.0257234
13.0595,0.025633
13.0601,0.0256789
13.0607,0.025719
13.0612,0.0257541
13.0619,0.0256599
13.0624,0.0257024
13.063,0.0256146
13.0635,0.0256628
13.0641,0.0257049
13.0647,0.0257418
13.0652,0.0257741
13.0659,0.0256773
13.0664,0.0257176
13.067,0.0256279
13.0681,0.0257994
13.0682,0.0258245
13.0687,0.0258465
13.0692,0.0258656
13.0699,0.0257574
13.0704,0.0257878
13.071,0.0256893
13.0716,0.0257281
13.0721,0.0257621
13.0727,0.0257918
13.0732,0.0258179
13.0739,0.0257156
13.0744,0.0257512
13.075,0.0256573
13.0756,0.0257001
13.0761,0.0257376
13.0767,0.0257704
13.0772,0.0257991
13.0779,0.0256992
13.0784,0.0257368
13.079,0.0256447
13.0796,0.0256891
13.0801,0.025728
13.0807,0.025762
13.0812,0.0257917
13.0819,0.0256928
13.0824,0.0257312
13.083,0.0256398
13.0836,0.0256848
13.0841,0.0258492
13.0847,0.0258681
13.0852,0.0260095
13.0859,0.0260084
13.0865,0.0260073
13.087,0.0260064
13.0876,0.0260056
13.0881,0.0261299
13.0887,0.0261137
13.0892,0.0262244
13.0899,0.0261964
13.0905,0.0261718
13.091,0.0261504
13.0916,0.0261316
13.0921,0.0262401
13.0927,0.0262101
13.0932,0.0263088
13.0939,0.0261452
13.0945,0.0261271
13.095,0.0261112
13.0956,0.0260973
13.0961,0.0262101
13.0967,0.0261839
13.0974,0.0262859
13.0979,0.0262501
13.0985,0.0262189
13.099,0.0261915
13.0996,0.0261676
13.1001,0.0262716
13.1007,0.0262377
13.1014,0.026333
13.1019,0.0262913
13.1025,0.0262549
13.103,0.0262231
13.1036,0.0261952
13.1041,0.0262958
13.1047,0.0262588
13.1054,0.0263515
13.1059,0.0263075
13.1065,0.0262691
13.107,0.0262354
13.1076,0.026206
13.1081,0.0263053
13.1087,0.0262671
13.1094,0.0263587
13.1099,0.0263139
13.1105,0.0262746
13.111,0.0262403
13.1116,0.0262103
13.1122,0.026309
13.1127,0.0262704
13.1134,0.0263616
13.1139,0.0263164
13.1145,0.0262768
13.115,0.0262422
13.1156,0.0262119
13.1162,0.0263104
13.1167,0.0262716
13.1174,0.0263627
13.1179,0.0263174
13.1185,0.0262777
13.119,0.026243
13.1196,0.0262126
13.1202,0.026311
13.1207,0.0262721
13.1214,0.0263631
13.1219,0.0263177
13.1225,0.026278
13.123,0.0262433
13.1236,0.0262129
13.1242,0.0263112
13.1247,0.0262723
13.1254,0.0263633
13.1259,0.0263179
13.1265,0.0262782
13.1271,0.0263684
13.1276,0.0263223
13.1282,0.026407
13.1287,0.0263562
13.1294,0.0264366
13.1299,0.0263821
13.1305,0.0263343
13.1311,0.0264175
13.1316,0.0263653
13.1322,0.0264447
13.1327,0.0263891
13.1334,0.0264654
13.1339,0.0264073
13.1345,0.0263564
13.1351,0.0264368
13.1356,0.0263822
13.1362,0.0264594
13.1367,0.026402
13.1374,0.0264768
13.138,0.0264172
13.1385,0.026365
13.1391,0.0264444
13.1396,0.0263888
13.1402,0.0264652
13.1407,0.0264071
13.1414,0.0264812
13.142,0.026421
13.1425,0.0263684
13.1431,0.0264474
13.1436,0.0263914
13.1442,0.0264675
13.1447,0.0264091
13.1454,0.0264829
13.146,0.0264226
13.1465,0.0263697
13.1471,0.0264485
13.1476,0.0263925
13.1482,0.0264684
13.1487,0.0264099
13.1494,0.0264836
13.15,0.0264232
13.1505,0.0263703
13.1511,0.026449
13.1516,0.0263929
13.1522,0.0264688
13.1529,0.0264102
13.1534,0.0263589
13.154,0.026314
13.1545,0.0262748
13.1551,0.0263654
13.1556,0.0263197
13.1562,0.0264048
13.1569,0.0263542
13.1574,0.0263099
13.158,0.0262712
13.1585,0.0262373
13.1591,0.0263326
13.1596,0.026291
13.1602,0.0263797
13.1609,0.0263322
13.1614,0.0262907
13.162,0.0262543
13.1625,0.0262225
13.1631,0.0263197
13.1637,0.0262798
13.1642,0.0263698
13.1654,0.0264486
13.1654,0.0265175
13.1665,0.0265778
13.1665,0.0266306
13.1677,0.0266768
13.1677,0.0267172
13.1689,0.0267525
13.1689,0.0267835
13.17,0.0268105
13.17,0.0267092
13.1711,0.0268706
13.1711,0.0268867
13.1722,0.0270259
13.1722,0.0270227
13.1734,0.0271448
13.1734,0.0271267
13.1745,0.0271109
13.1745,0.027097
13.1757,0.0270849
13.1757,0.0270743
13.1769,0.027065
13.1769,0.0270569
13.178,0.0270498
13.178,0.0269185
13.1791,0.0270537
13.1791,0.027047
13.1802,0.0271661
13.1802,0.0271454
13.1814,0.0272522
13.1814,0.0272207
13.1826,0.0271931
13.1826,0.0271689
13.1837,0.0271478
13.1837,0.0271293
13.185,0.0271132
13.185,0.027099
13.186,0.0270867
13.186,0.0269508
13.1871,0.027082
13.1871,0.0270717
13.1882,0.0271878
13.1882,0.0271643
13.1894,0.0272688
13.1894,0.0272352
13.1906,0.0272058
13.1906,0.02718
13.1917,0.0271575
13.1917,0.0270128
13.1929,0.0270112
13.1929,0.0268848
13.194,0.0268992
13.194,0.0267868
13.1951,0.0269385
13.1951,0.0269462
13.1962,0.0270779
13.1962,0.0270682
13.1975,0.0271846
13.1975,0.0270366
13.1986,0.027032
13.1986,0.026903
13.1997,0.0269151
13.1997,0.0268007
13.2009,0.0268256
13.2009,0.0267224
13.202,0.0267571
13.202,0.0266625
13.2031,0.0268297
13.2031,0.026851
13.2044,0.0269946
13.2044,0.0269953
13.2056,0.0271209
13.2056,0.0269808
13.2066,0.0269832
13.2066,0.0268603
13.2077,0.0268777
13.2077,0.026768
13.2089,0.026797
13.2089,0.0266974
13.21,0.0267352
13.21,0.0266433
13.2111,0.0268129
13.2111,0.0268363
13.2124,0.0269817
13.2124,0.026984
13.2135,0.027111
13.2135,0.0269721
13.2146,0.0269756
13.2146,0.0268537
13.2157,0.026872
13.2157,0.026763
13.2169,0.0267926
13.2169,0.0266935
13.218,0.0267318
13.218,0.0266404
13.2192,0.0268103
13.2192,0.026834
13.2204,0.0269798
13.2204,0.0269823
13.2215,0.0271095
13.2215,0.0269708
13.2226,0.0269745
13.2226,0.0268527
13.2237,0.0268711
13.2237,0.0267622
13.225,0.0267919
13.225,0.0266929
13.226,0.0267313
13.226,0.0266399
13.2272,0.0268099
13.2272,0.0268337
13.2284,0.0269795
13.2284,0.026982
13.2295,0.0271093
13.2295,0.0269706
13.2306,0.0269743
13.2306,0.0268525
13.2317,0.0268709
13.2317,0.0267621
13.2329,0.0267918
13.2329,0.0266928
13.2341,0.0268562
13.2341,0.0268742
13.2352,0.0270149
13.2352,0.0270131
13.2364,0.0271364
13.2364,0.0271194
13.2375,0.0272294
13.2375,0.0270758
13.2386,0.0270663
13.2386,0.026933
13.2397,0.0269414
13.2397,0.0268237
13.2409,0.0268457
13.2409,0.02674
13.2421,0.0268975
13.2421,0.0269103
13.2432,0.0270465
13.2432,0.0270407
13.2444,0.0271606
13.2444,0.0271406
13.2456,0.027248
13.2456,0.027092
13.2466,0.0270805
13.2466,0.0269454
13.2477,0.0269522
13.2477,0.0268332
13.249,0.0268541
13.249,0.0267473
13.2501,0.0269039
13.2501,0.0269159
13.2512,0.0270514
13.2512,0.02717
13.2524,0.0272737
13.2524,0.0273645
13.2535,0.027444
13.2535,0.0275135
13.2546,0.0274493
13.2546,0.0273931
13.2557,0.027344
13.2557,0.027301
13.257,0.0272634
13.257,0.0272304
13.2581,0.0273266
13.2581,0.0274108
13.2592,0.0274845
13.2592,0.0275489
13.2604,0.0276053
13.2604,0.0276546
13.2615,0.0275728
13.2615,0.0275012
13.2626,0.0274385
13.2626,0.0273837
13.2639,0.0273358
13.2639,0.0272938
13.265,0.0272571
13.265,0.0272249
13.2661,0.0273218
13.2661,0.0274066
13.2672,0.0274808
13.2672,0.0275457
13.2684,0.0276025
13.2684,0.0276522
13.2695,0.0275706
13.2695,0.0274993
13.2706,0.0274369
13.2706,0.0273823
13.2719,0.0273345
13.2719,0.0272927
13.273,0.0272561
13.273,0.0272241
13.2741,0.0273211
13.2741,0.0274059
13.2752,0.0274802
13.2752,0.0275452
13.2764,0.027602
13.2764,0.0276518
13.2775,0.0275703
13.2775,0.027499
13.2787,0.0274366
13.2787,0.0273821
13.2799,0.0273343
13.2799,0.0272925
13.281,0.0272559
13.281,0.027224
13.2821,0.027321
13.2821,0.0274058
13.2832,0.0274801
13.2832,0.0275451
13.2844,0.027602
13.2844,0.0276517
13.2856,0.0275702
13.2856,0.027499
13.2867,0.0274366
13.2867,0.027382
13.2879,0.0273343
13.2879,0.0272925
13.289,0.0272559
13.289,0.0272239
13.2901,0.0273209
13.2901,0.0274058
13.2912,0.0274801
13.2912,0.0275451
13.2924,0.0276019
13.2924,0.0276517
13.2936,0.0275702
13.2936,0.027499
13.2947,0.0274366
13.2947,0.027382
13.2959,0.0273343
13.2959,0.0272925
13.297,0.0272559
13.297,0.0272239
13.2981,0.0273209
13.2981,0.0274058
13.2992,0.0274801
13.2992,0.0275451
13.3005,0.0276019
13.3005,0.0276517
13.3016,0.0275702
13.3016,0.027499
13.3027,0.0274366
13.3027,0.027382
13.3039,0.0273343
13.3039,0.0272925
13.305,0.0272559
13.305,0.0272239
13.3061,0.0273209
13.3061,0.0274058
13.3072,0.0274801
13.3072,0.0275451
13.3085,0.0276019
13.3085,0.0276517
13.3096,0.0275702
13.3096,0.027499
13.3107,0.0274366
13.3107,0.027382
13.3119,0.0273343
13.3119,0.0272925
13.313,0.0272559
13.313,0.0272239
13.3141,0.0273209
13.3141,0.0274058
13.3154,0.0274801
13.3154,0.0275451
13.3165,0.0276019
13.3165,0.0276517
13.3176,0.0275702
13.3176,0.027499
13.3187,0.0274366
13.3187,0.027382
13.3199,0.0273343
13.3199,0.0272925
13.321,0.0272559
13.321,0.0272239
13.3221,0.0273209
13.3221,0.0274058
13.3234,0.0274801
13.3234,0.0275451
13.3245,0.0276019
13.3245,0.0276517
13.3256,0.0275702
13.3256,0.027499
13.3267,0.0274366
13.3267,0.027382
13.3279,0.0273343
13.3279,0.0272925
13.329,0.0272559
13.329,0.0272239
13.3302,0.0273209
13.3302,0.0274058
13.3314,0.0274801
13.3314,0.0275451
13.3325,0.0276019
13.3325,0.0276517
13.3336,0.0275702
13.3336,0.027499
13.3347,0.0274366
13.3347,0.027382
13.3359,0.0273343
13.3359,0.0272925
13.337,0.0272559
13.337,0.0272239
13.3382,0.0273209
13.3382,0.0274058
13.3394,0.0274801
13.3394,0.0275451
13.3405,0.0277269
13.3405,0.0277611
13.3416,0.0279159
13.3416,0.0278014
13.3427,0.0278263
13.3427,0.027723
13.3439,0.0277576
13.3439,0.0276629
13.3451,0.02783
13.3451,0.0278513
13.3462,0.0279949
13.3462,0.0279955
13.3474,0.0281211
13.3474,0.0281059
13.3485,0.0282177
13.3485,0.0281905
13.3496,0.0282917
13.3496,0.0281302
13.3507,0.0281139
13.3507,0.0279747
13.352,0.0279779
13.352,0.0278556
13.3531,0.0279987
13.3531,0.0279988
13.3542,0.028124
13.3542,0.0281085
13.3554,0.0282199
13.3554,0.0281924
13.3565,0.0282934
13.3565,0.0282567
13.3576,0.0283496
13.3576,0.0281809
13.3587,0.0281583
13.3587,0.0280135
13.36,0.0280118
13.36,0.0278853
13.3611,0.0280247
13.3611,0.0280216
13.3622,0.0281439
13.3622,0.0281259
13.3634,0.0282352
13.3634,0.0282058
13.3645,0.028305
13.3645,0.0282669
13.3656,0.0283586
13.3656,0.0281887
13.3669,0.0281651
13.3669,0.0280195
13.368,0.0280171
13.368,0.0278899
13.3691,0.0280287
13.3691,0.0280251
13.3702,0.028147
13.3702,0.0281286
13.3714,0.0282375
13.3714,0.0282078
13.3725,0.0283068
13.3725,0.0281435
13.3736,0.0281256
13.3736,0.0279849
13.375,0.0279868
13.375,0.0278634
13.376,0.0278805
13.376,0.0277704
13.3771,0.0279241
13.3771,0.0279336
13.3782,0.0280669
13.3782,0.0280585
13.3794,0.0281762
13.3794,0.0281542
13.3805,0.0282599
13.3805,0.0281024
13.3817,0.0280896
13.3817,0.0279534
13.3829,0.0279592
13.3829,0.0278393
13.384,0.0278594
13.384,0.027752
13.3851,0.027908
13.3851,0.0279195
13.3862,0.0280546
13.3862,0.0280477
13.3874,0.0281668
13.3874,0.0281459
13.3885,0.0282527
13.3885,0.0280961
13.3897,0.0280841
13.3897,0.0279486
13.3909,0.027955
13.3909,0.0278356
13.392,0.0278562
13.392,0.0277491
13.3931,0.0279055
13.3931,0.0279173
13.3942,0.0280527
13.3942,0.0280461
13.3954,0.0281653
13.3954,0.0281446
13.3966,0.0282516
13.3966,0.0280951
13.3977,0.0280832
13.3977,0.0279478
13.3989,0.0279543
13.3989,0.0278351
13.4,0.0278557
13.4,0.0277487
13.4011,0.0279051
13.4011,0.027917
13.4022,0.0280524
13.4022,0.0280458
13.4034,0.0281651
13.4034,0.0281445
13.4046,0.0282514
13.4046,0.028095
13.4057,0.0280831
13.4057,0.0279477
13.4069,0.0279542
13.4069,0.027835
13.408,0.0278556
13.408,0.0277486
13.4091,0.0279051
13.4091,0.0279169
13.4102,0.0280523
13.4102,0.0280458
13.4115,0.0281651
13.4115,0.0281444
13.4126,0.0282514
13.4126,0.0280949
13.4137,0.0280831
13.4137,0.0279477
13.415,0.0279542
13.415,0.027835
13.416,0.0278556
13.416,0.0277486
13.4171,0.0279051
13.4171,0.0279169
13.4182,0.0280523
13.4182,0.0280458
13.4195,0.028165
13.4195,0.0281444
13.4206,0.0282514
13.4206,0.0280949
13.4217,0.0280831
13.4217,0.0279477
13.4229,0.0279542
13.4229,0.0278349
13.424,0.0278556
13.424,0.0277486
13.4251,0.0279051
13.4251,0.0279169
13.4264,0.0280523
13.4264,0.0280458
13.4275,0.028165
13.4275,0.0281444
13.4286,0.0282514
13.4286,0.0280949
13.4297,0.0280831
13.4297,0.0279477
13.4309,0.0279542
13.4309,0.0278349
13.432,0.0278556
13.432,0.0278736
13.4332,0.0280144
13.4332,0.0281376
13.4344,0.0282454
13.4344,0.0283397
13.4356,0.0284223
13.4356,0.0284945
13.4366,0.0285577
13.4366,0.028613
13.4377,0.0285363
13.4377,0.0284693
13.4389,0.0284106
13.4389,0.0283593
13.44,0.0283144
13.44,0.0282751
13.4412,0.0283657
13.4412,0.028445
13.4424,0.0285144
13.4424,0.0285751
13.4435,0.0286282
13.4435,0.0286747
13.4446,0.0287153
13.4446,0.0287509
13.4457,0.028657
13.4457,0.0285749
13.4469,0.0285031
13.4469,0.0284402
13.4481,0.0285101
13.4481,0.0285714
13.4492,0.028625
13.4492,0.0286718
13.4504,0.0287129
13.4504,0.0287487
13.4515,0.0287802
13.4515,0.0288076
13.4526,0.0288317
13.4526,0.0288527
13.4537,0.0287461
13.4537,0.0286529
13.455,0.0285713
13.455,0.0284998
13.4561,0.0285624
13.4561,0.0286171
13.4572,0.0286649
13.4572,0.0287068
13.4584,0.0287435
13.4584,0.0287755
13.4595,0.0288036
13.4595,0.0288281
13.4606,0.0288496
13.4606,0.0288684
13.4617,0.0287599
13.4617,0.0286649
13.463,0.0285818
13.463,0.0285091
13.4641,0.0285704
13.4641,0.0286241
13.4652,0.0286711
13.4652,0.0287122
13.4664,0.0287482
13.4664,0.0287797
13.4675,0.0288072
13.4675,0.0288313
13.4686,0.0288524
13.4686,0.0288708
13.4697,0.028762
13.4697,0.0286667
13.471,0.0285834
13.471,0.0285105
13.4727,0.0285717
13.4727,0.0286252
13.4739,0.0286721
13.4739,0.028713
13.4744,0.0287489
13.4744,0.0287803
13.4756,0.0288078
13.4756,0.0288318
13.4772,0.0288528
13.4772,0.0288712
13.4779,0.0287623
13.4779,0.028667
13.479,0.0285836
13.479,0.0285107
13.4801,0.0285719
13.4801,0.0286254
13.4812,0.0286722
13.4812,0.0287132
13.4824,0.028749
13.4824,0.0287804
13.4835,0.0288078
13.4835,0.0288319
13.4846,0.0287279
13.4846,0.0286369
13.4859,0.0285573
13.4859,0.0284876
13.487,0.0284267
13.487,0.0283733
13.4881,0.0284517
13.4881,0.0285202
13.4892,0.0285802
13.4892,0.0286327
13.4904,0.0286786
13.4904,0.0287188
13.4915,0.0287539
13.4915,0.0287847
13.4927,0.0286866
13.4927,0.0286008
13.4939,0.0285257
13.4939,0.02846
13.495,0.0284025
13.495,0.0283522
13.4961,0.0284331
13.4961,0.028504
13.4972,0.028566
13.4972,0.0286202
13.4984,0.0286677
13.4984,0.0287092
13.4996,0.0287456
13.4996,0.0287774
13.5007,0.0286802
13.5007,0.0285952
13.5019,0.0285208
13.5019,0.0284557
13.503,0.0283987
13.503,0.0283489
13.5041,0.0284303
13.5041,0.0285015
13.5052,0.0284388
13.5052,0.028384
13.5064,0.028461
13.5064,0.0285283
13.5076,0.0285873
13.5076,0.0286389
13.5087,0.028559
13.5087,0.0284891
13.5099,0.028428
13.5099,0.0283745
13.511,0.0283277
13.511,0.0282867
13.5121,0.0283759
13.5121,0.0284539
13.5132,0.0285222
13.5132,0.0285819
13.5145,0.0286342
13.5145,0.0286799
13.5156,0.0287199
13.5156,0.0287549
13.5167,0.0286605
13.5167,0.028578
13.5179,0.0285057
13.5179,0.0284425
13.519,0.0283872
13.519,0.0283388
13.5201,0.0284214
13.5201,0.0284938
13.5212,0.028557
13.5212,0.0286124
13.5225,0.0286609
13.5225,0.0287033
13.5236,0.0287403
13.5236,0.0287728
13.5247,0.0286762
13.5247,0.0285917
13.5259,0.0285177
13.5259,0.028453
13.527,0.0283964
13.527,0.0283468
13.5281,0.0284285
13.5281,0.0284999
13.5294,0.0286874
13.5294,0.0287265
13.5305,0.0288857
13.5305,0.0289
13.5316,0.0290375
13.5316,0.0290328
13.5327,0.0291537
13.5327,0.0290095
13.5339,0.0290083
13.5339,0.0288823
13.535,0.028897
13.535,0.0287849
13.5361,0.0289367
13.5361,0.0289447
13.5374,0.0290766
13.5374,0.029067
13.5385,0.0291836
13.5385,0.0291607
13.5396,0.0292656
13.5396,0.0292324
13.5407,0.0293283
13.5407,0.0291623
13.5419,0.029142
13.5419,0.0289993
13.543,0.0289993
13.543,0.0288744
13.5442,0.0290151
13.5442,0.0290132
13.5454,0.0291366
13.5454,0.0291195
13.5465,0.0292296
13.5465,0.0292009
13.5476,0.0293008
13.5476,0.0292632
13.5487,0.0293553
13.5487,0.0291859
13.5499,0.0291626
13.5499,0.0290173
13.551,0.0290151
13.551,0.0288882
13.5522,0.0290272
13.5522,0.0290238
13.5534,0.0291458
13.5534,0.0291276
13.5545,0.0292367
13.5545,0.0292071
13.5556,0.0293062
13.5556,0.0292679
13.5567,0.0293594
13.5567,0.0291895
13.5579,0.0291658
13.5579,0.0290201
13.5591,0.0291426
13.5591,0.0291247
13.5602,0.0292342
13.5602,0.0292049
13.5614,0.0293043
13.5614,0.0292662
13.5625,0.029358
13.5625,0.0293132
13.5636,0.0293991
13.5636,0.0293492
13.5647,0.0294305
13.5647,0.0292517
13.5665,0.0293452
13.5665,0.0293021
13.5671,0.0293893
13.5671,0.0293407
13.5682,0.0294231
13.5682,0.0293702
13.5694,0.0294489
13.5694,0.0293928
13.5705,0.0294687
13.5705,0.0294101
13.5716,0.0294839
13.5716,0.0294234
13.5727,0.0294954
13.5727,0.0293085
13.574,0.02927
13.574,0.0291112
13.5751,0.0292223
13.5751,0.0291945
13.5762,0.0292952
13.5762,0.0292583
13.5774,0.029351
13.5774,0.0293071
13.5785,0.0293937
13.5785,0.0293445
13.5796,0.0294265
13.5796,0.0293732
13.5809,0.0294515
13.5809,0.0292701
13.582,0.0292363
13.582,0.0290818
13.5831,0.0291965
13.5831,0.029172
13.5842,0.0292755
13.5842,0.029241
13.5854,0.0293359
13.5854,0.0292939
13.5865,0.0293822
13.5865,0.0293344
13.5876,0.0294176
13.5876,0.0292404
13.5889,0.0292104
13.5889,0.0290591
13.59,0.0290517
13.59,0.0289202
13.5911,0.0290552
13.5911,0.0290483
13.5922,0.0291673
13.5922,0.0291463
13.5934,0.0292531
13.5934,0.0292214
13.5945,0.0293187
13.5945,0.0291539
13.5957,0.0291347
13.5957,0.0289928
13.5969,0.0289937
13.5969,0.0288695
13.598,0.0288858
13.598,0.0287751
13.5991,0.0289282
13.5991,0.0289372
13.6002,0.02907
13.6002,0.0290613
13.6014,0.0291786
13.6014,0.0291563
13.6025,0.0292618
13.6025,0.029229
13.6037,0.0293254
13.6037,0.0291597
13.605,0.0291398
13.605,0.0289973
13.606,0.0289976
13.606,0.0288729
13.6071,0.0290138
13.6071,0.0290121
13.6082,0.0291356
13.6082,0.0291186
13.61,0.0292288
13.61,0.0292002
13.6106,0.0293002
13.6106,0.0292626
13.6117,0.0293548
13.6117,0.0291855
13.6129,0.0291623
13.6129,0.029017
13.614,0.0290149
13.614,0.028888
13.6151,0.029027
13.6151,0.0290236
13.6162,0.0291457
13.6162,0.0291275
13.6174,0.0292365
13.6174,0.029207
13.6186,0.0293061
13.6186,0.0292678
13.6197,0.0293594
13.6197,0.0291894
13.6209,0.0291658
13.6209,0.02902
13.622,0.0290175
13.622,0.0288903
13.6231,0.029029
13.6231,0.0290254
13.6242,0.0291472
13.6242,0.0291288
13.6256,0.0292377
13.6256,0.029208
13.6266,0.029307
13.6266,0.0292686
13.6277,0.0293601
13.6277,0.02919
13.6289,0.0291663
13.6289,0.0291455
13.63,0.0291273
13.63,0.0291114
13.6311,0.0292225
13.6311,0.0293197
13.6322,0.0294047
13.6322,0.0294791
13.6335,0.0295442
13.6335,0.0296012
13.6346,0.029651
13.6346,0.0296947
13.6357,0.0297328
13.6357,0.0297662
13.6369,0.0296704
13.6369,0.0295866
13.638,0.0295133
13.638,0.0294491
13.6391,0.029518
13.6391,0.0295783
13.6404,0.029631
13.6404,0.0296771
13.6415,0.0297175
13.6415,0.0297528
13.6426,0.0297837
13.6426,0.0298107
13.6437,0.0298344
13.6437,0.0298551
13.645,0.0297482
13.645,0.0296547
13.646,0.0295728
13.646,0.0295012
13.6472,0.0295636
13.6472,0.0296181
13.6484,0.0296659
13.6484,0.0297076
13.6495,0.0297442
13.6495,0.0297762
13.6506,0.0298041
13.6506,0.0298286
13.6517,0.02985
13.6517,0.0298688
13.6529,0.0297602
13.6529,0.0296652
13.654,0.029582
13.654,0.0295093
13.6552,0.0295706
13.6552,0.0296243
13.6564,0.0296712
13.6564,0.0297123
13.6575,0.0297483
13.6575,0.0297798
13.6586,0.0298073
13.6586,0.0298314
13.6597,0.0298525
13.6597,0.0298709
13.6609,0.029762
13.6609,0.0296668
13.6621,0.0297084
13.6621,0.0297449
13.6632,0.0297768
13.6632,0.0298047
13.6644,0.0298291
13.6644,0.0298505
13.6656,0.0298691
13.6656,0.0298855
13.6666,0.0298998
13.6666,0.0299123
13.6677,0.0299233
13.6677,0.0299329
13.6689,0.0298163
13.6689,0.0297142
13.6701,0.02975
13.6701,0.0297812
13.6712,0.0298086
13.6712,0.0298325
13.6724,0.0298534
13.6724,0.0298717
13.6735,0.0298878
13.6735,0.0299018
13.6746,0.0299141
13.6746,0.0299248
13.6757,0.0299342
13.6757,0.0299424
13.677,0.0298246
13.677,0.0297216
13.6781,0.0297564
13.6781,0.0297868
13.6792,0.0298135
13.6792,0.0298368
13.6804,0.0298572
13.6804,0.029875
13.6815,0.0298907
13.6815,0.0299043
13.6826,0.0299163
13.6826,0.0299267
13.6837,0.0299359
13.6837,0.0299439
13.685,0.0298259
13.685,0.0297227
13.6861,0.0297573
13.6861,0.0297877
13.6872,0.0298142
13.6872,0.0298374
13.6884,0.0298578
13.6884,0.0298755
13.6895,0.0298911
13.6895,0.0299047
13.6906,0.0299166
13.6906,0.029927
13.6919,0.0298112
13.6919,0.0297098
13.693,0.029621
13.693,0.0295434
13.6941,0.0296005
13.6941,0.0296504
13.6952,0.0296941
13.6952,0.0297324
13.6964,0.0297658
13.6964,0.0297951
13.6975,0.0298207
13.6975,0.0298431
13.6986,0.0298627
13.6986,0.0298799
13.6999,0.0297699
13.6999,0.0296737
13.701,0.0295894
13.701,0.0295158
13.7021,0.0295763
13.7021,0.0296293
13.7032,0.0296756
13.7032,0.0297162
13.7044,0.0297516
13.7044,0.0297827
13.7056,0.0298098
13.7056,0.0298336
13.7067,0.0298544
13.7067,0.0298726
13.7079,0.0297635
13.7079,0.0296681
13.709,0.0295846
13.709,0.0295115
13.7101,0.0295726
13.7101,0.029626
13.7112,0.0296727
13.7112,0.0297137
13.7124,0.0297494
13.7124,0.0297808
13.7135,0.0298082
13.7135,0.0298321
13.7154,0.0299781
13.7154,0.0301059
13.7159,0.0299676
13.7159,0.0298467
13.717,0.0297408
13.717,0.0296482
13.7181,0.0296922
13.7181,0.0297307
13.7192,0.0297643
13.7192,0.0297938
13.7204,0.0298196
13.7204,0.0298421
13.7216,0.0298619
13.7216,0.0298791
13.7234,0.0300192
13.7234,0.0301418
13.7239,0.0299991
13.7239,0.0298742
13.725,0.0297649
13.725,0.0296693
13.7261,0.0297107
13.7261,0.0297468
13.7272,0.0297785
13.7272,0.0298062
13.7285,0.0298304
13.7285,0.0298516
13.7302,0.0299951
13.7302,0.0301207
13.7307,0.0301057
13.7307,0.0300924
13.7319,0.0299559
13.7319,0.0298364
13.733,0.0297319
13.733,0.0296404
13.7341,0.0296853
13.7341,0.0297247
13.7352,0.0297591
13.7352,0.0297892
13.7365,0.0299405
13.7365,0.029948
13.7376,0.0300795
13.7376,0.0300695
13.7387,0.0301858
13.7387,0.0301626
13.7399,0.0302673
13.7399,0.0301089
13.741,0.0300953
13.741,0.0299584
13.7421,0.0300886
13.7421,0.0300775
13.7434,0.0301928
13.7434,0.0301687
13.7445,0.0302726
13.7445,0.0301135
13.7456,0.0300993
13.7456,0.0300869
13.7467,0.0302011
13.7467,0.0301759
13.7479,0.0302789
13.7479,0.0301191
13.749,0.0301042
13.749,0.0299662
13.7501,0.0300954
13.7501,0.0300835
13.7514,0.030198
13.7514,0.0301733
13.7525,0.0302766
13.7525,0.030117
13.7536,0.0301024
13.7536,0.0300896
13.7547,0.0302034
13.7547,0.030178
13.7559,0.0302807
13.7559,0.0301206
13.757,0.0301056
13.757,0.0299674
13.7582,0.0300964
13.7582,0.0300844
13.7594,0.0301988
13.7594,0.030049
13.7605,0.0300429
13.7605,0.0300375
13.7616,0.0301578
13.7616,0.0301381
13.7627,0.0302458
13.7627,0.0302151
13.7639,0.0303132
13.7639,0.0301491
13.765,0.0301304
13.765,0.0299891
13.7662,0.0301155
13.7662,0.030101
13.7674,0.0302134
13.7674,0.0301867
13.7685,0.0302884
13.7685,0.0302523
13.7696,0.0303458
13.7696,0.0303026
13.7707,0.0303898
13.7707,0.030341
13.7719,0.0304234
13.7719,0.0302455
13.7731,0.0303398
13.7731,0.0302973
13.7742,0.0303852
13.7742,0.030337
13.7754,0.0304199
13.7754,0.0303674
13.7765,0.0304465
13.7765,0.0303907
13.7776,0.0304668
13.7776,0.0304085
13.7787,0.0304824
13.7787,0.0304221
13.7799,0.0304943
13.7799,0.0303076
13.7811,0.0303941
13.7811,0.0303448
13.7822,0.0304267
13.7822,0.0303734
13.7834,0.0304517
13.7834,0.0303953
13.7845,0.0304708
13.7845,0.030412
13.7856,0.0304855
13.7856,0.0304248
13.7867,0.0304967
13.7867,0.0304346
13.7886,0.0306303
13.7886,0.0305515
13.7897,0.0306076
13.7897,0.0305316
13.7902,0.0305902
13.7902,0.0305164
13.7914,0.0305768
13.7914,0.0305047
13.7925,0.0305666
13.7925,0.0304958
13.7942,0.0306838
13.7942,0.0307234
13.795,0.0307579
13.795,0.0306632
13.796,0.0307053
13.796,0.0304921
13.7971,0.0305556
13.7971,0.0304862
13.7982,0.0305504
13.7982,0.0304816
13.7994,0.0305464
13.7994,0.0304781
13.8011,0.0306683
13.8011,0.0307098
13.8016,0.0307461
13.8016,0.0306528
13.8029,0.0306962
13.8029,0.0304842
13.804,0.0304237
13.804,0.0302457
13.8051,0.03034
13.8051,0.0302975
13.8062,0.0303853
13.8062,0.0303371
13.8074,0.03042
13.8074,0.0303675
13.8085,0.0304466
13.8085,0.0303907
13.8097,0.0304669
13.8097,0.0304085
13.8109,0.0304825
13.8109,0.0302972
13.812,0.03026
13.812,0.0301025
13.8131,0.0302147
13.8131,0.0301879
13.8142,0.0302894
13.8142,0.0302532
13.8154,0.0303466
13.8154,0.0303032
13.8165,0.0303903
13.8165,0.0303415
13.8177,0.0304238
13.8177,0.0302459
13.8189,0.0302151
13.8189,0.0300632
13.82,0.0300553
13.82,0.0299234
13.8211,0.030058
13.8211,0.0300507
13.8222,0.0301694
13.8222,0.0301482
13.8234,0.0302547
13.8234,0.0300979
13.8246,0.0300856
13.8246,0.0300749
13.8257,0.0301906
13.8257,0.0301667
13.8269,0.0302709
13.8269,0.030112
13.828,0.030098
13.828,0.0299608
13.8291,0.0300907
13.8291,0.0300793
13.8302,0.0301944
13.8302,0.0300451
13.8314,0.0300395
13.8314,0.0300345
13.8326,0.0301552
13.8326,0.0301358
13.8337,0.0302438
13.8337,0.0302134
13.835,0.0303117
13.835,0.0301477
13.836,0.0301293
13.836,0.0299881
13.8371,0.0301146
13.8371,0.0301003
13.8382,0.0302127
13.8382,0.0301861
13.8395,0.0302879
13.8395,0.0302519
13.8406,0.0303454
13.8406,0.0303022
13.8417,0.0303894
13.8417,0.0303408
13.8429,0.0304232
13.8429,0.0302453
13.844,0.0302146
13.844,0.0300628
13.8451,0.0301799
13.8451,0.0301574
13.8462,0.0302628
13.8462,0.0302299
13.8475,0.0303262
13.8475,0.0302854
13.8486,0.0303747
13.8486,0.0304529
13.8497,0.0305213
13.8497,0.0305811
13.8509,0.0306335
13.8509,0.0306793
13.852,0.0305944
13.852,0.0305201
13.8531,0.0305801
13.8531,0.0306326
13.8544,0.0306785
13.8544,0.0307187
13.8556,0.0307538
13.8556,0.0307846
13.8566,0.0308115
13.8566,0.0308351
13.8577,0.0308557
13.8577,0.0308737
13.8589,0.0308895
13.8589,0.0309033
13.86,0.0307904
13.86,0.0306916
13.8611,0.0307302
13.8611,0.0307639
13.8624,0.0307934
13.8624,0.0308192
13.8635,0.0308418
13.8635,0.0308616
13.8646,0.0308789
13.8646,0.030894
13.8657,0.0309073
13.8657,0.0309189
13.8669,0.030929
13.8669,0.0309379
13.868,0.0308206
13.868,0.0307181
13.8692,0.0307533
13.8692,0.0307841
13.8704,0.0308111
13.8704,0.0308347
13.8715,0.0308554
13.8715,0.0308735
13.8726,0.0308893
13.8726,0.0309031
13.8737,0.0309152
13.8737,0.0309258
13.875,0.0309351
13.875,0.0309432
13.8761,0.0309503
13.8761,0.0309565
13.8772,0.030962
13.8772,0.0309667
13.8784,0.0309709
13.8784,0.0309745
13.8795,0.0309777
13.8795,0.0309805
13.8806,0.0309829
13.8806,0.0309851
13.8817,0.0309869
13.8817,0.0309886
13.8829,0.03099
13.8829,0.0309912
13.8841,0.0309923
13.8841,0.0309933
13.8852,0.0309941
13.8852,0.0309949
13.8864,0.0309955
13.8864,0.0309961
13.8875,0.0309966
13.8875,0.030997
13.8886,0.0309974
13.8886,0.0309977
13.8897,0.030998
13.8897,0.0309982
13.8916,0.0311235
13.8916,0.031233
13.8921,0.0312039
13.8921,0.0311784
13.8932,0.0311561
13.8932,0.0311366
13.8944,0.0311195
13.8944,0.0311046
13.8956,0.0310915
13.8956,0.0310801
13.8966,0.0310701
13.8966,0.0310613
13.8977,0.0310536
13.8977,0.0310469
13.899,0.0310411
13.899,0.0310359
13.9001,0.0310314
13.9001,0.0310275
13.9012,0.0310241
13.9012,0.0310211
13.9024,0.0310184
13.9024,0.0310161
13.9035,0.0310141
13.9035,0.0310123
13.9046,0.0310108
13.9046,0.0310095
13.9059,0.0310083
13.9059,0.0310072
13.907,0.0308813
13.907,0.0307712
13.9081,0.0307998
13.9081,0.0308248
13.9092,0.0308467
13.9092,0.0308659
13.9104,0.0308826
13.9104,0.0308973
13.9115,0.0309101
13.9115,0.0309214
13.9126,0.0309312
13.9126,0.0309398
13.9139,0.0309473
13.9139,0.0309539
13.915,0.0308347
13.915,0.0307303
13.9161,0.030764
13.9161,0.0307935
13.9172,0.0308193
13.9172,0.0308419
13.9184,0.0308617
13.9184,0.030879
13.9195,0.0308941
13.9195,0.0309073
13.9207,0.0309189
13.9207,0.0309291
13.9225,0.0309379
13.9225,0.0309457
13.923,0.0308275
13.923,0.030724
13.9241,0.0307585
13.9241,0.0307887
13.9252,0.0308151
13.9252,0.0308382
13.9264,0.0308585
13.9264,0.0308761
13.9275,0.0308916
13.9275,0.0309052
13.9287,0.030917
13.9287,0.0309274
13.9299,0.0309365
13.9299,0.0309444
13.931,0.0308264
13.931,0.0307231
13.9321,0.0307577
13.9321,0.030788
13.9332,0.0308145
13.9332,0.0308377
13.9344,0.030858
13.9344,0.0308757
13.9356,0.0308912
13.9356,0.0309048
13.9367,0.0309167
13.9367,0.0309271
13.9379,0.0309362
13.9379,0.0309442
13.939,0.0308262
13.939,0.0307229
13.9401,0.0307576
13.9401,0.0307879
13.9412,0.0308144
13.9412,0.0308376
13.9431,0.0309829
13.9431,0.03111
13.9436,0.0310963
13.9436,0.0310842
13.9447,0.0310737
13.9447,0.0310645
13.9459,0.0310564
13.9459,0.0310494
13.947,0.0309182
13.947,0.0308034
13.9481,0.030828
13.9481,0.0308495
13.9492,0.0308683
13.9492,0.0308848
13.9505,0.0308992
13.9505,0.0309118
13.9516,0.0309228
13.9516,0.0309325
13.9527,0.0308159
13.9527,0.0307139
13.9539,0.0307497
13.9539,0.030781
13.955,0.0306833
13.955,0.0305979
13.9561,0.0306482
13.9561,0.0306922
13.9574,0.0307306
13.9574,0.0307643
13.9585,0.0307938
13.9585,0.0308195
13.9596,0.0308421
13.9596,0.0308618
13.9607,0.0308791
13.9607,0.0308942
13.9619,0.0309074
13.9619,0.030919
13.963,0.0308041
13.963,0.0307036
13.9641,0.0307407
13.9641,0.0307731
13.9654,0.0308014
13.9654,0.0308263
13.9665,0.030848
13.9665,0.030867
13.9676,0.0308836
13.9676,0.0308982
13.9687,0.0310359
13.9687,0.0310314
13.9699,0.0311525
13.9699,0.0311334
13.971,0.0312417
13.971,0.0310865
13.9722,0.0312007
13.9722,0.0311756
13.9734,0.0312787
13.9734,0.0311188
13.9745,0.031104
13.9745,0.031091
13.9756,0.0312046
13.9756,0.031179
13.9767,0.0312817
13.9767,0.0312464
13.9779,0.0313406
13.9779,0.0312981
13.979,0.0313858
13.979,0.0312126
13.9802,0.031311
13.9802,0.0312721
13.9814,0.0313631
13.9814,0.0313177
13.9825,0.031403
13.9825,0.0313526
13.9842,0.0315586
13.9842,0.0316137
13.9847,0.031662
13.9847,0.0315793
13.9859,0.0316319
13.9859,0.0315529
13.9871,0.0317338
13.9871,0.031642
13.9882,0.0316868
13.9882,0.0316009
13.9894,0.0316508
13.9894,0.0315695
13.9905,0.0316233
13.9905,0.0315454
13.9916,0.0316022
13.9916,0.0315269
13.9927,0.0315861
13.9927,0.0315128
13.9939,0.0315737
13.9939,0.031502
13.9957,0.0316892
13.9957,0.0316031
13.9962,0.0316527
13.9962,0.0315711
13.9974,0.0316247
13.9974,0.0315466
13.9985,0.0316033
13.9985,0.0315279
13.9996,0.0315869
13.9996,0.0315135
14.0007,0.0315743
14.0007,0.0315026
14.002,0.0315647
14.002,0.0314941
14.0031,0.0316824
14.0031,0.0315971
14.0042,0.0316474
14.0042,0.0315665
14.006,0.0316207
14.006,0.0315431
14.0065,0.0316002
14.0065,0.0315252
14.0076,0.0315845
14.0076,0.0315115
14.0087,0.0315725
14.0087,0.031501
14.01,0.0315633
14.01,0.0314929
14.0111,0.0316813
14.0111,0.0315961
14.0122,0.0316466
14.0122,0.0315658
14.0134,0.0316201
14.0134,0.0315426
14.0145,0.0315997
14.0145,0.0313998
14.0156,0.0313498
14.0156,0.0313061
14.0169,0.0313928
14.0169,0.0313437
14.018,0.0314258
14.018,0.0312475
14.0191,0.0313416
14.0191,0.0312989
14.0202,0.0313865
14.0202,0.0313382
14.0214,0.0314209
14.0214,0.0313683
14.0225,0.0314473
14.0225,0.0313914
14.0237,0.0314674
14.0237,0.031409
14.025,0.0314829
14.025,0.0314225
14.026,0.0314947
14.026,0.0313079
14.0271,0.0313944
14.0271,0.0313451
14.0282,0.031427
14.0282,0.0313736
14.0294,0.0314519
14.0294,0.0313954
14.0305,0.031471
14.0305,0.0314121
14.0317,0.0314856
14.0317,0.0314249
14.0329,0.0314968
14.0329,0.0314347
14.034,0.0315053
14.034,0.0313172
14.0351,0.0314025
14.0351,0.0313522
14.0362,0.0314332
14.0362,0.031379
14.0374,0.0314567
14.0374,0.0313996
14.0386,0.0314746
14.0386,0.0314153
14.0397,0.0314884
14.0397,0.0314273
14.0409,0.0314989
14.0409,0.0314366
14.042,0.031507
14.042,0.0313186
14.0431,0.0314038
14.0431,0.0313533
14.0442,0.0314341
14.0442,0.0313799
14.0454,0.0314574
14.0454,0.0314002
14.0466,0.0314752
14.0466,0.0314158
14.0484,0.0316138
14.0484,0.0316621
14.0489,0.0317043
14.0489,0.0316163
14.05,0.0316642
14.05,0.0314562
14.0511,0.0315242
14.0511,0.0314587
14.0522,0.0315263
14.0522,0.0314605
14.0535,0.031528
14.0535,0.031462
14.0546,0.0315292
14.0546,0.0314631
14.0557,0.0315302
14.0557,0.0314639
14.0569,0.0315309
14.0569,0.0314646
14.0586,0.0316565
14.0586,0.0315744
14.0591,0.0316276
14.0591,0.0315492
14.0602,0.0316055
14.0602,0.0315298
14.0615,0.0315886
14.0615,0.031515
14.0626,0.0315756
14.0626,0.0315037
14.0637,0.0315657
14.0637,0.031495
14.065,0.0315581
14.065,0.0314884
14.066,0.0315523
14.066,0.0313583
14.0671,0.0314385
14.0671,0.0313837
14.0684,0.0314607
14.0684,0.0314031
14.0695,0.0314777
14.0695,0.031418
14.0706,0.0314908
14.0706,0.0314294
14.0717,0.0315007
14.0717,0.0314382
14.0729,0.0315084
14.0729,0.0314448
14.074,0.0315142
14.074,0.0313249
14.0751,0.0314093
14.0751,0.0313582
14.0764,0.0314384
14.0764,0.0313836
14.0775,0.0314606
14.0775,0.0314031
14.0786,0.0314777
14.0786,0.031293
14.0797,0.0312563
14.0797,0.0312243
14.0809,0.0313213
14.0809,0.0312811
14.082,0.031371
14.082,0.0311996
14.0832,0.0312996
14.0832,0.0312622
14.0844,0.0313544
14.0844,0.0313101
14.0856,0.0313963
14.0856,0.0313468
14.0866,0.0314285
14.0866,0.0313749
14.0877,0.031453
14.0877,0.0313964
14.0889,0.0314719
14.0889,0.0312879
14.0901,0.0313769
14.0901,0.0313298
14.0912,0.0314136
14.0912,0.0313619
14.0924,0.0314416
14.0924,0.0313864
14.0935,0.0314631
14.0935,0.0314052
14.0946,0.0314796
14.0946,0.0314196
14.0957,0.0314922
14.0957,0.0315557
14.0969,0.0316112
14.0969,0.0316598
14.0981,0.0318273
14.0981,0.0319739
14.0999,0.0319772
14.0999,0.03198
14.1004,0.0319825
14.1004,0.0319847
14.1015,0.0319866
14.1015,0.0319883
14.1026,0.0319898
14.1026,0.031991
14.1037,0.0319922
14.1037,0.0319931
14.105,0.031994
14.105,0.0319947
14.1061,0.0321204
14.1061,0.0322303
14.1072,0.0322016
14.1072,0.0321764
14.1084,0.0321543
14.1084,0.032135
14.1095,0.0321181
14.1095,0.0321034
14.1106,0.0320905
14.1106,0.0320791
14.1117,0.0320693
14.1117,0.0320606
14.113,0.032053
14.113,0.0320464
14.1141,0.0321656
14.1141,0.0322699
14.1152,0.0322362
14.1152,0.0322066
14.1164,0.0321808
14.1164,0.0321582
14.1175,0.0321384
14.1175,0.0321211
14.1186,0.032106
14.1186,0.0320927
14.1199,0.0320811
14.1199,0.032071
14.121,0.0320621
14.121,0.0320544
14.1221,0.0320476
14.1221,0.0320416
14.1232,0.0320364
14.1232,0.0320319
14.1244,0.0320279
14.1244,0.0320244
14.1256,0.0320213
14.1256,0.0320187
14.1266,0.0320163
14.1266,0.0320143
14.1279,0.0320125
14.1279,0.0320109
14.129,0.0320096
14.129,0.0320084
14.1301,0.0320073
14.1301,0.0320064
14.1312,0.0320056
14.1312,0.0320049
14.1324,0.0320043
14.1324,0.0320038
14.1335,0.0320033
14.1335,0.0320029
14.1347,0.0320025
14.1347,0.0320022
14.1359,0.0320019
14.1359,0.0320017
14.137,0.0320015
14.137,0.0320013
14.1381,0.0320011
14.1381,0.032001
14.1392,0.0320009
14.1392,0.0320008
14.1404,0.0320007
14.1404,0.0320006
14.1415,0.0320005
14.1415,0.0320004
14.1427,0.0320004
14.1427,0.0320003
14.1439,0.0320003
14.1439,0.0320003
14.145,0.0320002
14.145,0.0320002
14.1461,0.0320002
14.1461,0.0320001
14.1472,0.0320001
14.1472,0.0320001
14.1484,0.0320001
14.1484,0.0320001
14.1496,0.0320001
14.1496,0.0320001
14.1507,0.0320001
14.1507,0.032
14.1519,0.032
14.1519,0.032
14.1536,0.032125
14.1536,0.0322344
14.1541,0.0322051
14.1541,0.0321795
14.1559,0.032157
14.1559,0.0321374
14.1564,0.0321202
14.1564,0.0321052
14.1576,0.032092
14.1576,0.0320805
14.1587,0.0320705
14.1587,0.0320617
14.1605,0.032179
14.1605,0.0322816
14.161,0.0322464
14.161,0.0322156
14.1621,0.0321886
14.1621,0.0321651
14.1632,0.0321444
14.1632,0.0321264
14.1645,0.0321106
14.1645,0.0320968
14.1656,0.0320847
14.1656,0.0320741
14.1667,0.0320648
14.1667,0.0320567
14.1679,0.0320496
14.1679,0.0320434
14.169,0.032038
14.169,0.0320332
14.1701,0.0320291
14.1701,0.0320255
14.1714,0.0320223
14.1714,0.0320195
14.1725,0.032017
14.1725,0.0320149
14.1736,0.0320131
14.1736,0.0320114
14.1747,0.03201
14.1747,0.0320087
14.1759,0.0320076
14.1759,0.0320067
14.177,0.0320059
14.177,0.0320051
14.1781,0.0320045
14.1781,0.0320039
14.1794,0.0320034
14.1794,0.032003
14.1805,0.0320026
14.1805,0.0320023
14.1816,0.032002
14.1816,0.0320018
14.1827,0.0320015
14.1827,0.0320013
14.1839,0.0320012
14.1839,0.032001
14.1856,0.0320009
14.1856,0.0320008
14.1862,0.0320007
14.1862,0.0320006
14.1874,0.0320005
14.1874,0.0320005
14.1885,0.0320004
14.1885,0.0320004
14.1896,0.0320003
14.1896,0.0320003
14.1907,0.0320002
14.1907,0.0320002
14.1919,0.0318752
14.1919,0.0317658
14.193,0.0317951
14.193,0.0318207
14.1942,0.0318431
14.1942,0.0318627
14.1954,0.0318799
14.1954,0.0318949
14.1965,0.031908
14.1965,0.0319195
14.1976,0.0319296
14.1976,0.0319384
14.1987,0.0319461
14.1987,0.0319528
14.1999,0.0319587
14.1999,0.0319639
14.2011,0.0320934
14.2011,0.0322067
14.2022,0.0321809
14.2022,0.0321583
14.2034,0.0321385
14.2034,0.0321212
14.2045,0.032106
14.2045,0.0320928
14.2056,0.0320812
14.2056,0.032071
14.2067,0.0320621
14.2067,0.0320544
14.2079,0.0320476
14.2079,0.0320416
14.2091,0.0321614
14.2091,0.0322663
14.2102,0.032233
14.2102,0.0322038
14.2114,0.0321784
14.2114,0.0321561
14.2125,0.0321366
14.2125,0.0321195
14.2136,0.0321046
14.2136,0.0320915
14.2147,0.03208
14.2147,0.03207
14.216,0.0320613
14.216,0.0320536
14.2171,0.0320469
14.2171,0.0320411
14.2182,0.0320359
14.2182,0.0320314
14.2194,0.0320275
14.2194,0.0320241
14.2205,0.0320211
14.2205,0.0320184
14.2216,0.0320161
14.2216,0.0320141
14.2227,0.0320123
14.2227,0.0320108
14.224,0.0320094
14.224,0.0320083
14.2251,0.0321322
14.2251,0.0322407
14.2262,0.0322106
14.2262,0.0321843
14.2274,0.0321613
14.2274,0.0321411
14.2285,0.0321235
14.2285,0.032108
14.2296,0.0320945
14.2296,0.0320827
14.2309,0.0320724
14.2309,0.0320633
14.232,0.0320554
14.232,0.0320485
14.2331,0.0322924
14.2331,0.0322559
14.2342,0.0323489
14.2342,0.0323053
14.2354,0.0323921
14.2354,0.0323431
14.2365,0.0324252
14.2365,0.0323721
14.2377,0.0324506
14.2377,0.0323942
14.2389,0.03247
14.2389,0.0324112
14.24,0.0324848
14.24,0.0324242
14.2411,0.0326212
14.2411,0.0325435
14.2422,0.0326006
14.2422,0.0325255
14.2434,0.0325848
14.2434,0.0325117
14.2445,0.0325728
14.2445,0.0325012
14.2457,0.0325635
14.2457,0.0324931
14.2469,0.0325564
14.2469,0.0324869
14.248,0.032551
14.248,0.0324821
14.2491,0.0326719
14.2491,0.0325879
14.2502,0.0326394
14.2502,0.0325595
14.2514,0.0326145
14.2514,0.0325377
14.2526,0.0325955
14.2526,0.0325211
14.2537,0.0325809
14.2537,0.0325083
14.255,0.0325698
14.255,0.0324986
14.256,0.0325612
14.256,0.0324911
14.2571,0.0326797
14.2571,0.0325947
14.2582,0.0326454
14.2582,0.0325647
14.2594,0.0326191
14.2594,0.0325417
14.2606,0.032599
14.2606,0.0325241
14.2617,0.0325836
14.2617,0.0325107
14.2629,0.0325718
14.2629,0.0325004
14.264,0.0325628
14.264,0.0324925
14.2651,0.0326809
14.2651,0.0325958
14.2662,0.0326463
14.2662,0.0325655
14.2675,0.0326198
14.2675,0.0325424
14.2686,0.0325996
14.2686,0.0325246
14.2697,0.032584
14.2697,0.032511
14.2709,0.0325722
14.2709,0.0325006
14.272,0.0325631
14.272,0.0324927
14.2731,0.0326811
14.2731,0.032596
14.2742,0.0326465
14.2742,0.0325656
14.2756,0.0326199
14.2756,0.0325424
14.2766,0.0325996
14.2766,0.0325247
14.2777,0.0325841
14.2777,0.0325111
14.2789,0.0325722
14.2789,0.0325007
14.28,0.0325631
14.28,0.0324927
14.2811,0.0326811
14.2811,0.032596
14.2824,0.0326465
14.2824,0.0325657
14.2835,0.03262
14.2835,0.0325425
14.2846,0.0325997
14.2846,0.0325247
14.2857,0.0325841
14.2857,0.0325111
14.2869,0.0325722
14.2869,0.0325007
14.288,0.0325631
14.288,0.0324927
14.2891,0.0326811
14.2891,0.032596
14.2904,0.0326465
14.2904,0.0325657
14.2915,0.03262
14.2915,0.0325425
14.2926,0.0325997
14.2926,0.0325247
14.2937,0.0325841
14.2937,0.0325111
14.295,0.0325722
14.295,0.0325007
14.296,0.0325631
14.296,0.0324927
14.2972,0.0326811
14.2972,0.032596
14.2984,0.0326465
14.2984,0.0325657
14.2995,0.03262
14.2995,0.0325425
14.3006,0.0325997
14.3006,0.0325247
14.3017,0.0325841
14.3017,0.0325111
14.3029,0.0325722
14.3029,0.0325007
14.304,0.0325631
14.304,0.0324927
14.3052,0.0326811
14.3052,0.032596
14.3064,0.0326465
14.3064,0.0325657
14.3075,0.03262
14.3075,0.0325425
14.3086,0.0325997
14.3086,0.0325247
14.3097,0.0325841
14.3097,0.0325111
14.3109,0.0325722
14.3109,0.0325007
14.3121,0.0326881
14.3121,0.0327271
14.3132,0.0328862
14.3132,0.0327754
14.3144,0.0328035
14.3144,0.0327031
14.3156,0.0327402
14.3156,0.0326477
14.3166,0.0326917
14.3166,0.0326052
14.3177,0.0326546
14.3177,0.0325728
14.319,0.0326262
14.319,0.0325479
14.3201,0.0327294
14.3201,0.0327632
14.3212,0.0329178
14.3212,0.0328031
14.3224,0.0328277
14.3224,0.0327242
14.3235,0.0327587
14.3235,0.0326639
14.3246,0.0327059
14.3246,0.0326177
14.3257,0.0326654
14.3257,0.0325823
14.327,0.0326345
14.327,0.0325552
14.3281,0.0327358
14.3281,0.0327688
14.3292,0.0329227
14.3292,0.0328074
14.3304,0.0328314
14.3304,0.0327275
14.3315,0.0327616
14.3315,0.0326664
14.3326,0.0327081
14.3326,0.0326196
14.3339,0.0326671
14.3339,0.0325837
14.335,0.0326358
14.335,0.0325563
14.3361,0.0327368
14.3361,0.0327697
14.3372,0.0329235
14.3372,0.032808
14.3384,0.032832
14.3384,0.032728
14.3395,0.032762
14.3395,0.0326668
14.3406,0.0327084
14.3406,0.0326199
14.3419,0.0326674
14.3419,0.032584
14.343,0.032636
14.343,0.0325565
14.3441,0.0327369
14.3441,0.0326448
14.3452,0.0326892
14.3452,0.032603
14.3464,0.0326527
14.3464,0.0325711
14.3475,0.0326247
14.3475,0.0325466
14.3487,0.0326033
14.3487,0.0325279
14.3499,0.0325869
14.3499,0.0325135
14.351,0.0325743
14.351,0.0325025
14.3521,0.0326897
14.3521,0.0326035
14.3532,0.0326531
14.3532,0.0325714
14.3544,0.032625
14.3544,0.0325469
14.3556,0.0326035
14.3556,0.0325281
14.3567,0.0325871
14.3567,0.0325137
14.3579,0.0325745
14.3579,0.0325027
14.359,0.0325648
14.359,0.0324942
14.3601,0.0326824
14.3601,0.0325971
14.3612,0.0326475
14.3612,0.0325666
14.3624,0.0326207
14.3624,0.0325431
14.3636,0.0326003
14.3636,0.0325252
14.3647,0.0325846
14.3647,0.0325115
14.3659,0.0325726
14.3659,0.032501
14.367,0.0325634
14.367,0.0324929
14.3681,0.0326813
14.3681,0.0325962
14.3692,0.0326466
14.3692,0.0325658
14.3704,0.0326201
14.3704,0.0325426
14.3716,0.0325997
14.3716,0.0325248
14.3727,0.0325842
14.3727,0.0325112
14.3739,0.0325723
14.3739,0.0325007
14.375,0.0325631
14.375,0.0324927
14.3761,0.0326812
14.3761,0.032596
14.3772,0.0326465
14.3772,0.0325657
14.3785,0.03262
14.3785,0.0325425
14.3796,0.0325997
14.3796,0.0325247
14.3807,0.0325841
14.3807,0.0325111
14.3819,0.0325722
14.3819,0.0326257
14.383,0.0326725
14.383,0.0327134
14.3841,0.0328742
14.3841,0.033015
14.3854,0.0330131
14.3854,0.0330115
14.3865,0.03301
14.3865,0.0330088
14.3876,0.0330077
14.3876,0.0330067
14.3887,0.0330059
14.3887,0.0330051
14.3899,0.0330045
14.3899,0.0330039
14.391,0.0330034
14.391,0.033003
14.3921,0.0331276
14.3921,0.0332367
14.3934,0.0332071
14.3934,0.0331812
14.3945,0.0331586
14.3945,0.0331387
14.3956,0.0331214
14.3956,0.0331062
14.3967,0.0330929
14.3967,0.0330813
14.3979,0.0330712
14.3979,0.0330623
14.399,0.0330545
14.399,0.0330477
14.4002,0.0331667
14.4002,0.0332709
14.4014,0.033237
14.4014,0.0332074
14.4025,0.0331815
14.4025,0.0331588
14.4036,0.0331389
14.4036,0.0331216
14.4047,0.0331064
14.4047,0.0330931
14.4059,0.0330814
14.4059,0.0330713
14.407,0.0330623
14.407,0.0330546
14.4082,0.0331727
14.4082,0.0332761
14.4094,0.0332416
14.4094,0.0332114
14.4105,0.033185
14.4105,0.0331619
14.4116,0.0331416
14.4116,0.0331239
14.4127,0.0331084
14.4127,0.0330949
14.4139,0.033083
14.4139,0.0330726
14.4151,0.0331886
14.4151,0.03329
14.4162,0.0333787
14.4162,0.0334564
14.4174,0.0333993
14.4174,0.0333494
14.4185,0.0333058
14.4185,0.0332675
14.4196,0.0332341
14.4196,0.0332048
14.4207,0.0331792
14.4207,0.0331568
14.4219,0.0331372
14.4219,0.0331201
14.4231,0.0332301
14.4231,0.0333263
14.4242,0.0334105
14.4242,0.0334842
14.4254,0.0334237
14.4254,0.0333707
14.4265,0.0333244
14.4265,0.0332838
14.4276,0.0332483
14.4276,0.0332173
14.4287,0.0331901
14.4287,0.0331664
14.43,0.0331456
14.43,0.0331274
14.4311,0.0332365
14.4311,0.0333319
14.4322,0.0334154
14.4322,0.0334885
14.4334,0.0334274
14.4334,0.033374
14.4345,0.0333272
14.4345,0.0332863
14.4356,0.0332505
14.4356,0.0332192
14.4367,0.0331918
14.4367,0.0331678
14.438,0.0331469
14.438,0.0331285
14.4391,0.0332374
14.4391,0.0333328
14.4402,0.0334162
14.4402,0.0334891
14.4414,0.033428
14.4414,0.0333745
14.4425,0.0333277
14.4425,0.0332867
14.4436,0.0332509
14.4436,0.0332195
14.445,0.0331921
14.445,0.0331681
14.446,0.0331471
14.446,0.0331287
14.4471,0.0332376
14.4471,0.0333329
14.4482,0.0332913
14.4482,0.0332549
14.4494,0.033223
14.4494,0.0331951
14.4505,0.0331707
14.4505,0.0331494
14.4516,0.0331307
14.4516,0.0331144
14.4529,0.0331001
14.4529,0.0330876
14.454,0.0330766
14.454,0.033067
14.4551,0.0331837
14.4551,0.0332857
14.4562,0.03325
14.4562,0.0332187
14.4574,0.0331914
14.4574,0.0331675
14.4585,0.0331465
14.4585,0.0331282
14.4597,0.0331122
14.4597,0.0330982
14.4609,0.0330859
14.4609,0.0330752
14.462,0.0330658
14.462,0.0330575
14.4631,0.0331753
14.4631,0.0332784
14.4642,0.0332436
14.4642,0.0332132
14.4654,0.0331865
14.4654,0.0331632
14.4666,0.0331428
14.4666,0.033125
14.4677,0.0331093
14.4677,0.0330957
14.4689,0.0330837
14.4689,0.0330732
14.47,0.0330641
14.47,0.0330561
14.4711,0.0331741
14.4711,0.0332773
14.4722,0.0332426
14.4722,0.0332123
14.4734,0.0331858
14.4734,0.0331626
14.4746,0.0331422
14.4746,0.0331245
14.4757,0.0331089
14.4757,0.0330953
14.4769,0.0330834
14.4769,0.033073
14.478,0.0330638
14.478,0.0330559
14.4791,0.0331739
14.4791,0.0332771
14.4802,0.0332425
14.4802,0.0332122
14.4815,0.0331857
14.4815,0.0331625
14.4826,0.0331421
14.4826,0.0331244
14.4837,0.0331088
14.4837,0.0330952
14.485,0.0330833
14.485,0.0330729
14.486,0.0330638
14.486,0.0330558
14.4871,0.0331738
14.4871,0.0332771
14.4882,0.0332425
14.4882,0.0332122
14.4895,0.0331856
14.4895,0.0331624
14.4906,0.0331421
14.4906,0.0331244
14.4917,0.0331088
14.4917,0.0330952
14.4929,0.0330833
14.4929,0.0330729
14.494,0.0330638
14.494,0.0330558
14.4951,0.0331738
14.4951,0.0332771
14.4964,0.0332425
14.4964,0.0332122
14.4975,0.0331856
14.4975,0.0331624
14.4986,0.0331421
14.4986,0.0331244
14.4997,0.0331088
14.4997,0.0330952
14.5009,0.0330833
14.5009,0.0330729
14.502,0.0330638
14.502,0.0330558
14.5031,0.0331738
14.5031,0.0332771
14.5044,0.0332425
14.5044,0.0332122
14.5062,0.0333106
14.5062,0.0333968
14.5066,0.0333472
14.5066,0.0333038
14.5077,0.0332658
14.5077,0.0332326
14.5089,0.0332035
14.5089,0.0331781
14.51,0.0331558
14.51,0.0331363
14.5112,0.0332443
14.5112,0.0333388
14.5124,0.0332964
14.5124,0.0332594
14.5135,0.0332269
14.5135,0.0331986
14.5146,0.0331738
14.5146,0.033152
14.5157,0.033133
14.5157,0.0331164
14.5169,0.0331018
14.5169,0.0330891
14.518,0.033078
14.518,0.0330682
14.5192,0.0331847
14.5192,0.0332866
14.5204,0.0332508
14.5204,0.0332194
14.5215,0.033192
14.5215,0.033168
14.5226,0.033147
14.5226,0.0331286
14.5237,0.0331125
14.5237,0.0330985
14.525,0.0330862
14.525,0.0330754
14.5261,0.033191
14.5261,0.0332921
14.5272,0.0333806
14.5272,0.033458
14.5284,0.0334008
14.5284,0.0333507
14.5295,0.0333068
14.5295,0.0332685
14.5306,0.0332349
14.5306,0.0332056
14.5317,0.0331799
14.5317,0.0331574
14.533,0.0331377
14.533,0.0331205
14.5341,0.0332304
14.5341,0.0333266
14.5352,0.0334108
14.5352,0.0334844
14.5364,0.0334239
14.5364,0.0333709
14.5375,0.0333245
14.5375,0.033284
14.5386,0.0331235
14.5386,0.032983
14.5397,0.0329852
14.5397,0.032987
14.541,0.0329886
14.541,0.0329901
14.5421,0.0331163
14.5421,0.0332268
14.5432,0.0333234
14.5432,0.033408
14.5444,0.033357
14.5444,0.0333124
14.5462,0.0333983
14.5462,0.0334735
14.5466,0.0334143
14.5466,0.0333625
14.5479,0.0334422
14.5479,0.0333869
14.549,0.0334636
14.549,0.0334056
14.5501,0.0336049
14.5501,0.0336543
14.5512,0.0338225
14.5512,0.0338447
14.5524,0.0339891
14.5524,0.0338655
14.5535,0.0338823
14.5535,0.033772
14.5546,0.0338005
14.5546,0.0337004
14.5559,0.0337379
14.5559,0.0336456
14.557,0.0336899
14.557,0.0336037
14.5581,0.0337782
14.5581,0.033806
14.5592,0.0339552
14.5592,0.0338358
14.5604,0.0338563
14.5604,0.0337493
14.5615,0.0337806
14.5615,0.033683
14.5627,0.0337227
14.5627,0.0336323
14.5639,0.0336783
14.5639,0.0335935
14.565,0.0336443
14.565,0.0335638
14.5661,0.0337433
14.5661,0.0337754
14.5672,0.0339285
14.5672,0.0338124
14.5684,0.0338359
14.5684,0.0337314
14.5695,0.033765
14.5695,0.0336693
14.5707,0.0337107
14.5707,0.0336218
14.5719,0.0336691
14.5719,0.0335855
14.573,0.0336373
14.573,0.0335576
14.5741,0.0337379
14.5741,0.0337707
14.5752,0.0339243
14.5752,0.0338088
14.5764,0.0338327
14.5764,0.0337286
14.5776,0.0337625
14.5776,0.0336672
14.5787,0.0337088
14.5787,0.0334952
14.5799,0.0334333
14.5799,0.0333791
14.581,0.0334568
14.581,0.0333997
14.5821,0.0335997
14.5821,0.0336497
14.5832,0.0338185
14.5832,0.0337162
14.5844,0.0337517
14.5844,0.0336577
14.5856,0.0337005
14.5856,0.0336129
14.5867,0.0336613
14.5867,0.0335787
14.5879,0.0336313
14.5879,0.0335524
14.589,0.0336084
14.589,0.0335323
14.5901,0.0337158
14.5901,0.0337513
14.5912,0.0339074
14.5912,0.033794
14.5931,0.0339447
14.5931,0.0339516
14.5936,0.0339577
14.5936,0.033838
14.5947,0.0338582
14.5947,0.0337509
14.5959,0.0337821
14.5959,0.0336843
14.597,0.0337238
14.597,0.0336333
14.5981,0.0338041
14.5981,0.0338286
14.5999,0.033975
14.5999,0.0338532
14.6005,0.0338715
14.6005,0.0337626
14.6016,0.0337923
14.6016,0.0336932
14.6027,0.0337316
14.6027,0.0336401
14.6039,0.0336851
14.6039,0.0335995
14.605,0.0336495
14.605,0.0335683
14.6061,0.0337473
14.6061,0.0337789
14.6074,0.0339315
14.6074,0.0338151
14.6085,0.0338382
14.6085,0.0337334
14.6096,0.0337667
14.6096,0.0336709
14.6107,0.033712
14.6107,0.033623
14.6119,0.0336702
14.6119,0.0335864
14.613,0.0336381
14.613,0.0335583
14.6142,0.0337385
14.6142,0.0337712
14.6154,0.0339248
14.6154,0.0338092
14.6165,0.0338331
14.6165,0.0337289
14.6176,0.0337628
14.6176,0.0336675
14.6187,0.033709
14.6187,0.0336204
14.6199,0.0336678
14.6199,0.0335844
14.621,0.0336363
14.621,0.0335568
14.6222,0.0337372
14.6222,0.03377
14.6234,0.0339238
14.6234,0.0338083
14.6245,0.0338323
14.6245,0.0337282
14.6256,0.0337622
14.6256,0.0335419
14.6267,0.0334742
14.6267,0.0334149
14.6279,0.033488
14.6279,0.033427
14.6291,0.0336237
14.6291,0.0336707
14.6302,0.0338369
14.6302,0.0338573
14.6314,0.0340001
14.6314,0.0338751
14.6331,0.0340157
14.6331,0.0340137
14.6336,0.034012
14.6336,0.0338855
14.6347,0.0338998
14.6347,0.0337873
14.6359,0.0338139
14.6359,0.0337122
14.6371,0.0338732
14.6371,0.033889
14.6382,0.0340279
14.6382,0.0340244
14.6394,0.0341464
14.6394,0.0340031
14.6405,0.0340027
14.6405,0.0338773
14.6416,0.0338927
14.6416,0.0337811
14.6427,0.0338085
14.6427,0.0337074
14.644,0.033744
14.644,0.033651
14.6451,0.0338196
14.6451,0.0338422
14.6462,0.0339869
14.6462,0.0339885
14.6474,0.034115
14.6474,0.0339756
14.6485,0.0339786
14.6485,0.0338563
14.6496,0.0338743
14.6496,0.033765
14.6507,0.0337944
14.6507,0.0336951
14.652,0.0337332
14.652,0.0336415
14.6531,0.0338113
14.6531,0.0338349
14.6542,0.0339806
14.6542,0.033983
14.6554,0.0341101
14.6554,0.0339713
14.6565,0.0339749
14.6565,0.0338531
14.6576,0.0338714
14.6576,0.0337625
14.6589,0.0337922
14.6589,0.0336932
14.66,0.0337315
14.66,0.0336401
14.6611,0.0338101
14.6611,0.0338338
14.6622,0.0339796
14.6622,0.0338571
14.6634,0.033875
14.6634,0.0337656
14.6645,0.0337949
14.6645,0.0336955
14.6656,0.0337336
14.6656,0.0335169
14.6669,0.0334523
14.6669,0.0333958
14.668,0.0334713
14.668,0.0334124
14.6697,0.0336108
14.6697,0.0336595
14.6702,0.033827
14.6702,0.0337237
14.6714,0.0337582
14.6714,0.0336634
14.6725,0.0337055
14.6726,0.0336173
14.6731,0.0336651
14.6737,0.033582
14.6742,0.0336342
14.6754,0.03368
14.6754,0.03372
14.6765,0.033755
14.6765,0.0337856
14.6777,0.0338124
14.6777,0.0338359
14.6789,0.0337314
14.6789,0.0336399
14.68,0.03356
14.68,0.03349
14.6811,0.0335537
14.6811,0.0336095
14.6822,0.0336583
14.6822,0.033701
14.6834,0.0337384
14.6834,0.0337711
14.6846,0.0337997
14.6846,0.0338247
14.6857,0.0338466
14.6857,0.0338658
14.6875,0.0338826
14.6875,0.0338973
14.688,0.0337851
14.688,0.033687
14.6891,0.0337261
14.6891,0.0337603
14.6902,0.0337903
14.6902,0.0338165
14.6914,0.0338394
14.6914,0.0338595
14.6926,0.0338771
14.6926,0.0338924
14.6937,0.0339059
14.6937,0.0339176
14.695,0.0338029
14.695,0.0337026
14.696,0.0336147
14.696,0.0335379
14.6971,0.0335957
14.6971,0.0336462
14.6982,0.0336904
14.6982,0.0337291
14.6995,0.033763
14.6995,0.0337926
14.7006,0.0338185
14.7006,0.0338412
14.7017,0.0338611
14.7017,0.0338784
14.7029,0.0337686
14.7029,0.0336725
14.704,0.0335885
14.704,0.0335149
14.7051,0.0335756
14.7051,0.0336286
14.7062,0.033675
14.7062,0.0337157
14.7075,0.0337512
14.7075,0.0337823
14.7086,0.0338095
14.7086,0.0337083
14.7097,0.0337448
14.7097,0.0336517
14.7109,0.0336952
14.7109,0.0336083
14.712,0.0336573
14.712,0.0335751
14.7131,0.0337532
14.7131,0.0337841
14.7144,0.0339361
14.7144,0.0338191
14.7156,0.0338417
14.7156,0.0337365
14.7166,0.0337694
14.7166,0.0336732
14.7177,0.0337141
14.7177,0.0336248
14.7189,0.0336717
14.7189,0.0335877
14.72,0.0336393
14.72,0.0334344
14.7212,0.0335051
14.7212,0.0335669
14.7224,0.0337461
14.7224,0.0336528
14.7235,0.0336962
14.7235,0.0336092
14.7246,0.033658
14.7246,0.0335758
14.7257,0.0336288
14.7257,0.0335502
14.7269,0.0336064
14.7269,0.0335306
14.728,0.0335893
14.728,0.0335156
14.7292,0.0337012
14.7292,0.0337385
14.7304,0.0338962
14.7304,0.0340342
14.7315,0.0340299
14.7315,0.0340262
14.7326,0.0340229
14.7326,0.03402
14.7337,0.0340175
14.7337,0.0340153
14.735,0.0340134
14.735,0.0340117
14.7361,0.0341353
14.7361,0.0342434
14.7372,0.0343379
14.7372,0.0344207
14.7384,0.0344931
14.7384,0.0345565
14.7395,0.0344869
14.7395,0.034426
14.7406,0.0343728
14.7406,0.0343262
14.7417,0.0342854
14.7417,0.0342497
14.7429,0.0342185
14.7429,0.0341912
14.7441,0.0342923
14.7441,0.0343808
14.7452,0.0344582
14.7452,0.0345259
14.747,0.0345852
14.747,0.034637
14.7475,0.0345574
14.7475,0.0344877
14.7492,0.0345517
14.7492,0.0346078
14.7497,0.0345318
14.7497,0.0344653
14.751,0.0344072
14.751,0.0343563
14.7521,0.0344367
14.7521,0.0345071
14.7532,0.0345687
14.7532,0.0346227
14.7544,0.0346698
14.7544,0.0347111
14.7556,0.0346222
14.7556,0.0345444
14.7566,0.0344764
14.7566,0.0344168
14.7577,0.0343647
14.7577,0.0343191
14.759,0.0342792
14.759,0.0342443
14.7601,0.0343388
14.7601,0.0344214
14.7612,0.0344938
14.7612,0.034557
14.7624,0.0346124
14.7624,0.0346609
14.7635,0.0345783
14.7635,0.034506
14.7646,0.0344427
14.7646,0.0343874
14.7659,0.034339
14.7659,0.0342966
14.767,0.0342595
14.767,0.0342271
14.7681,0.0343237
14.7681,0.0344082
14.7692,0.0344822
14.7692,0.0345469
14.7704,0.0344786
14.7704,0.0344187
14.7715,0.0343664
14.7715,0.0343206
14.7726,0.0342805
14.7726,0.0342455
14.7739,0.0342148
14.7739,0.0341879
14.775,0.0341644
14.775,0.0341439
14.7761,0.0342509
14.7761,0.0343445
14.7772,0.0344265
14.7772,0.0344982
14.7784,0.0344359
14.7784,0.0343814
14.7795,0.0343337
14.7795,0.034292
14.7807,0.0342555
14.7807,0.0342236
14.7819,0.0341956
14.7819,0.0341712
14.783,0.0340248
14.783,0.0338967
14.7841,0.0340346
14.7841,0.0341553
14.7852,0.0342609
14.7852,0.0343532
14.7864,0.0343091
14.7864,0.0342705
14.7876,0.0342366
14.7876,0.0342071
14.7894,0.0343062
14.7894,0.0343929
14.7899,0.0343438
14.7899,0.0343008
14.791,0.0342632
14.791,0.0342303
14.7927,0.0343265
14.7927,0.0344107
14.7932,0.0344844
14.7932,0.0345488
14.7944,0.0344802
14.7944,0.0344202
14.7956,0.0343677
14.7956,0.0343217
14.7967,0.0342815
14.7967,0.0342463
14.7979,0.0342155
14.7979,0.0341886
14.799,0.034165
14.799,0.0341444
14.8001,0.0342513
14.8001,0.0343449
14.8012,0.0344268
14.8012,0.0344984
14.8025,0.0344361
14.8025,0.0343816
14.8036,0.0343339
14.8036,0.0342922
14.8047,0.0342557
14.8047,0.0342237
14.8059,0.0341957
14.8059,0.0341713
14.807,0.0341499
14.807,0.0341311
14.8081,0.0342397
14.8081,0.0343348
14.8092,0.0344179
14.8092,0.0344907
14.8105,0.0344293
14.8105,0.0343757
14.8116,0.0343287
14.8116,0.0342876
14.8127,0.0342517
14.8127,0.0342202
14.8139,0.0341927
14.8139,0.0341686
14.815,0.0341475
14.815,0.0341291
14.8161,0.0342379
14.8161,0.0343332
14.8174,0.0344166
14.8174,0.0344895
14.8185,0.0344283
14.8185,0.0343748
14.8196,0.0343279
14.8196,0.0342869
14.8207,0.0342511
14.8207,0.0342197
14.8219,0.0341922
14.8219,0.0341682
14.823,0.0340222
14.823,0.0338944
14.8241,0.0340326
14.8241,0.0341535
14.8254,0.0342593
14.8254,0.0343519
14.8265,0.0343079
14.8265,0.0342694
14.8276,0.0342358
14.8276,0.0342063
14.8287,0.0341805
14.8287,0.0341579
14.8299,0.0341382
14.8299,0.0341209
14.831,0.0341058
14.831,0.0340926
14.8329,0.034206
14.8329,0.0343053
14.8334,0.0343921
14.8334,0.0344681
14.8345,0.0344096
14.8345,0.0343584
14.8356,0.0343136
14.8356,0.0342744
14.8367,0.0342401
14.8367,0.0342101
14.8385,0.0343088
14.8385,0.0343952
14.839,0.0343458
14.839,0.0343026
14.8402,0.0343898
14.8402,0.034466
14.8414,0.0345328
14.8414,0.0345912
14.8425,0.0345173
14.8425,0.0344526
14.8436,0.034396
14.8436,0.0343465
14.8447,0.0343032
14.8447,0.0342653
14.8459,0.0342322
14.8459,0.0342031
14.8471,0.0343027
14.8471,0.0343899
14.8482,0.0344662
14.8482,0.0345329
14.8494,0.0345913
14.8494,0.0346424
14.8505,0.0345621
14.8505,0.0344918
14.8516,0.0344303
14.8516,0.0343765
14.8527,0.0343295
14.8527,0.0342883
14.8539,0.0342523
14.8539,0.0342207
14.8551,0.0343181
14.8551,0.0344034
14.8562,0.0344779
14.8562,0.0345432
14.858,0.0346003
14.858,0.0346503
14.8585,0.034569
14.8585,0.0344979
14.8596,0.0344356
14.8596,0.0343812
14.8601,0.0344585
14.8607,0.0344012
14.8614,0.0344761
14.862,0.0344165
14.8625,0.0344895
14.8631,0.0345533
14.8636,0.0346091
14.8642,0.034658
14.8647,0.0347007
14.8654,0.0347381
14.866,0.0347709
14.8665,0.0346745
14.8671,0.0347152
14.8676,0.0346258
14.8682,0.0346726
14.8689,0.0345885
14.8694,0.0346399
14.87,0.0345599
14.8705,0.034615
14.8711,0.0346631
14.8716,0.0347052
14.8722,0.034617
14.8729,0.0345399
14.8734,0.0345974
14.874,0.0346477
14.8745,0.0345668
14.8751,0.0346209
14.8756,0.0345433
14.8762,0.0346004
14.8769,0.0345253
14.8774,0.0345847
14.878,0.0345116
14.8785,0.0345726
14.8791,0.0346261
14.8796,0.0346728
14.8802,0.0347137
14.8809,0.0347495
14.8814,0.0346558
14.882,0.0345738
14.8825,0.0345021
14.8831,0.0345643
14.8837,0.0344938
14.8842,0.0345571
14.8854,0.0346124
14.8854,0.0346609
14.8865,0.0347033
14.8865,0.0347404
14.8877,0.0347728
14.8877,0.0348012
14.8889,0.0348261
14.8889,0.0348478
14.89,0.0347418
14.89,0.0346491
14.8911,0.034693
14.8911,0.0347313
14.8922,0.0347649
14.8922,0.0347943
14.8934,0.03482
14.8934,0.0348425
14.8946,0.0348622
14.8946,0.0348794
14.8957,0.0348945
14.8957,0.0349077
14.8969,0.0349192
14.8969,0.0349293
14.898,0.0349382
14.898,0.0348209
14.8991,0.0349683
14.8991,0.0349722
14.9002,0.0351007
14.9002,0.0350881
14.9014,0.0352021
14.9014,0.0351768
14.9026,0.0351547
14.9026,0.0351354
14.9044,0.0352435
14.9044,0.035338
14.905,0.0352958
14.905,0.0352588
14.9066,0.0353515
14.9066,0.0353075
14.9071,0.0353941
14.9071,0.0353448
14.9082,0.0354267
14.9082,0.0353734
14.9095,0.0354517
14.9095,0.0353952
14.9106,0.0353458
14.9106,0.0353026
14.9117,0.0352648
14.9117,0.0352317
14.9129,0.0352027
14.9129,0.0351774
14.914,0.0351552
14.914,0.0350108
14.9151,0.0351345
14.9151,0.0351176
14.9162,0.0352279
14.9162,0.0351994
14.9175,0.0352995
14.9175,0.0352621
14.9186,0.0352293
14.9186,0.0352007
14.9197,0.0351756
14.9197,0.0350286
14.9209,0.035025
14.9209,0.0348969
14.922,0.0349098
14.922,0.0347961
14.9231,0.0349466
14.9231,0.0349532
14.9244,0.0350841
14.9244,0.0350736
14.9256,0.0351894
14.9256,0.0350407
14.9266,0.0350356
14.9266,0.0349062
14.9277,0.0349179
14.9277,0.0348032
14.9289,0.0348278
14.9289,0.0347243
14.93,0.0347588
14.93,0.0346639
14.9311,0.0348309
14.9311,0.0348521
14.9324,0.0349955
14.9324,0.0349961
14.9335,0.0351216
14.9335,0.0349814
14.9346,0.0349837
14.9346,0.0348608
14.9357,0.0348782
14.9357,0.0347684
14.9369,0.0347973
14.9369,0.0346977
14.938,0.0347355
14.938,0.0345185
14.9392,0.0345787
14.9392,0.0346314
14.9404,0.0348025
14.9404,0.0347021
14.9415,0.0347394
14.9415,0.034647
14.9426,0.0346911
14.9426,0.0346047
14.9437,0.0346541
14.9437,0.0345723
14.945,0.0346258
14.945,0.0345476
14.946,0.0346041
14.946,0.0345286
14.9472,0.0347125
14.9472,0.0347485
14.9484,0.0349049
14.9484,0.0349168
14.9495,0.0350522
14.9495,0.0349207
14.9506,0.0349306
14.9506,0.0348143
14.9517,0.0348375
14.9517,0.0347328
14.9529,0.0347662
14.9529,0.0346704
14.9541,0.0348366
14.9541,0.034857
14.9552,0.0349999
14.9552,0.0349999
14.9564,0.0351249
14.9564,0.0351093
14.9575,0.0352206
14.9575,0.0350681
14.9586,0.0350596
14.9586,0.0349271
14.9597,0.0349362
14.9597,0.0348192
14.9609,0.0348418
14.9609,0.0347366
14.9621,0.0348945
14.9621,0.0349077
14.9632,0.0350442
14.9632,0.0350387
14.9644,0.0351589
14.9644,0.035139
14.9656,0.0352466
14.9656,0.0350908
14.9666,0.0350794
14.9666,0.0349445
14.9677,0.0349515
14.9677,0.0348325
14.969,0.0348535
14.969,0.0347468
14.9701,0.0349034
14.9701,0.0349155
14.9712,0.0350511
14.9712,0.0350447
14.9724,0.0351641
14.9724,0.0351436
14.9735,0.0352506
14.9735,0.0350943
14.9746,0.0350825
14.9746,0.0349472
14.9759,0.0349538
14.9759,0.0348346
14.977,0.0348553
14.977,0.0347483
14.9781,0.0349048
14.9781,0.0349167
14.9792,0.0350521
14.9792,0.0350456
14.9804,0.0351649
14.9804,0.0351443
14.9815,0.0352512
14.9815,0.0350948
14.9826,0.035083
14.9826,0.0349476
14.9839,0.0349542
14.9839,0.0348349
14.985,0.0348555
14.985,0.0347486
14.9861,0.034905
14.9861,0.0349169
14.9872,0.0350523
14.9872,0.0350457
14.9884,0.035165
14.9884,0.0350194
14.9895,0.035017
14.9895,0.0348898
14.9907,0.0349036
14.9907,0.0349157
14.9919,0.0349262
14.9919,0.0349354
14.993,0.0349435
14.993,0.0349506
14.9941,0.0350817
14.9941,0.0351965
14.9952,0.035297
14.9952,0.0353848
14.9964,0.0354617
14.9964,0.035529
14.9975,0.0354629
14.9975,0.035405
14.9987,0.0353544
14.9987,0.0353101
14.9999,0.0352713
14.9999,0.0352374
15.001,0.0352077
15.001,0.0351818
15.0021,0.035284
15.0021,0.0353735
15.0032,0.0354519
15.0032,0.0355204
15.0044,0.0355803
15.0044,0.0356328
15.0056,0.0355537
15.0056,0.0354845
15.0067,0.0354239
15.0067,0.0353709
15.0079,0.0353246
15.0079,0.035284
15.009,0.0352485
15.009,0.0352174
15.0101,0.0353152
15.0101,0.0354008
15.0112,0.0354757
15.0112,0.0355413
15.0124,0.0355986
15.0124,0.0356488
15.0136,0.0355677
15.0136,0.0354967
15.0147,0.0354346
15.0147,0.0353803
15.0159,0.0353328
15.0159,0.0352912
15.017,0.0352548
15.017,0.0352229
15.0181,0.0353201
15.0181,0.0354051
15.0192,0.0354794
15.0192,0.0355445
15.0205,0.0356014
15.0205,0.0356513
15.0216,0.0355698
15.0216,0.0354986
15.0227,0.0354363
15.0227,0.0353817
15.0239,0.035334
15.0239,0.0352923
15.025,0.0352557
15.025,0.0352238
15.0261,0.0353208
15.0261,0.0354057
15.0272,0.03548
15.0272,0.035545
15.0285,0.0356019
15.0285,0.0356516
15.0296,0.0355702
15.0296,0.0354989
15.0307,0.0354365
15.0307,0.035382
15.0319,0.0353342
15.0319,0.0352924
15.033,0.0352559
15.033,0.0352239
15.0341,0.0353209
15.0341,0.0354058
15.0354,0.0354801
15.0354,0.0355451
15.0365,0.0356019
15.0365,0.0356517
15.0376,0.0355702
15.0376,0.0354989
15.0387,0.0354366
15.0387,0.035382
15.0399,0.0353343
15.0399,0.0352925
15.041,0.0352559
15.041,0.0352239
15.0422,0.0353209
15.0422,0.0354058
15.0434,0.0354801
15.0434,0.0355451
15.0445,0.0356019
15.0445,0.0356517
15.0456,0.0355702
15.0456,0.035499
15.0467,0.0354366
15.0467,0.035382
15.0479,0.0353343
15.0479,0.0352925
15.049,0.0352559
15.049,0.0352239
15.0502,0.0353209
15.0502,0.0354058
15.0514,0.0354801
15.0514,0.0355451
15.0525,0.0356019
15.0525,0.0356517
15.0536,0.0355702
15.0536,0.035499
15.0547,0.0354366
15.0547,0.035382
15.0559,0.0353343
15.0559,0.0352925
15.0571,0.0353809
15.0571,0.0354583
15.0582,0.035526
15.0582,0.0355853
15.0594,0.0356371
15.0594,0.0356825
15.0605,0.0357222
15.0605,0.0357569
15.0616,0.0356623
15.0616,0.0355795
15.0627,0.0355071
15.0627,0.0354437
15.0639,0.0353882
15.0639,0.0353397
15.0651,0.0354222
15.0651,0.0354944
15.0662,0.0355576
15.0662,0.0356129
15.0674,0.0356613
15.0674,0.0357037
15.0685,0.0357407
15.0685,0.0357731
15.0696,0.0356765
15.0696,0.0355919
15.0707,0.0355179
15.0707,0.0354532
15.072,0.0353965
15.072,0.035347
15.0731,0.0354286
15.0731,0.0355
15.0742,0.0355625
15.0742,0.0356172
15.0754,0.0356651
15.0754,0.0357069
15.0765,0.0357436
15.0765,0.0357756
15.0776,0.0356787
15.0776,0.0355938
15.0787,0.0355196
15.0787,0.0354546
15.08,0.0353978
15.08,0.0353481
15.0811,0.0354296
15.0811,0.0355009
15.0822,0.0355633
15.0822,0.0356179
15.0834,0.0356656
15.0834,0.0357074
15.0845,0.035744
15.0845,0.035776
15.0856,0.035679
15.0856,0.0355941
15.0869,0.0355199
15.0869,0.0354549
15.088,0.035398
15.088,0.0353483
15.0891,0.0354297
15.0891,0.035501
15.0902,0.0355634
15.0902,0.035618
15.0914,0.0356657
15.0914,0.0357075
15.0925,0.0356191
15.0925,0.0355417
15.0936,0.035474
15.0936,0.0354147
15.095,0.0353629
15.095,0.0353175
15.096,0.0352778
15.096,0.0352431
15.0971,0.0353377
15.0971,0.0354205
15.0982,0.0354929
15.0982,0.0355563
15.0994,0.0356118
15.0994,0.0356603
15.1005,0.0355778
15.1005,0.0355055
15.1017,0.0354424
15.1017,0.0353871
15.1029,0.0353387
15.1029,0.0352963
15.104,0.0352593
15.104,0.0352269
15.1051,0.0353235
15.1051,0.0354081
15.1062,0.0354821
15.1062,0.0355468
15.108,0.0356035
15.108,0.035653
15.1085,0.0355714
15.1085,0.0355
15.1097,0.0354375
15.1097,0.0353828
15.1109,0.0353349
15.1109,0.0352931
15.112,0.0352564
15.112,0.0352244
15.1131,0.0353213
15.1131,0.0354062
15.1142,0.0354804
15.1142,0.0355453
15.1154,0.0356022
15.1154,0.0356519
15.1166,0.0355704
15.1166,0.0354991
15.1184,0.0355617
15.1184,0.0356165
15.1189,0.0355394
15.1189,0.035472
15.12,0.035413
15.12,0.0353614
15.1211,0.0354412
15.1211,0.0355111
15.1222,0.0355722
15.1222,0.0356257
15.1241,0.0357974
15.1241,0.0359478
15.1252,0.0362043
15.1252,0.0361788
15.1257,0.0361564
15.1257,0.0360119
15.1269,0.0360104
15.1269,0.0358841
15.128,0.0358986
15.128,0.0357862
15.1291,0.035938
15.1291,0.0359457
15.1302,0.0360775
15.1302,0.0360678
15.1315,0.0361843
15.1315,0.0361613
15.1326,0.0362661
15.1326,0.0361079
15.1337,0.0360944
15.1337,0.0359576
15.135,0.0359629
15.135,0.0358425
15.136,0.0358622
15.136,0.0357544
15.1371,0.0359101
15.1371,0.0359214
15.1384,0.0360562
15.1384,0.0360492
15.1395,0.036168
15.1395,0.036147
15.1406,0.0362536
15.1406,0.0360969
15.1417,0.0360848
15.1417,0.0359492
15.1429,0.0359556
15.1429,0.0358361
15.144,0.0358566
15.144,0.0357495
15.1451,0.0359058
15.1451,0.0359176
15.1464,0.0360529
15.1464,0.0360463
15.1475,0.0361655
15.1475,0.0361448
15.1486,0.0362517
15.1486,0.0360952
15.1497,0.0360833
15.1497,0.0359479
15.1509,0.0359544
15.1509,0.0358351
15.152,0.0358557
15.152,0.0357488
15.1532,0.0359052
15.1532,0.035792
15.1544,0.035818
15.1544,0.0358408
15.1556,0.0359857
15.1556,0.0359875
15.1566,0.036114
15.1566,0.0359748
15.1577,0.0359779
15.1577,0.0358557
15.1589,0.0358737
15.1589,0.0356395
15.16,0.0355596
15.16,0.0353646
15.1612,0.035444
15.1612,0.0355135
15.1624,0.0356993
15.1624,0.0357369
15.1635,0.0358948
15.1635,0.035908
15.1646,0.0360445
15.1646,0.0359139
15.1657,0.0359247
15.1657,0.0358091
15.1669,0.0358329
15.1669,0.0357288
15.1681,0.0358877
15.1681,0.0359018
15.1692,0.036039
15.1692,0.0360342
15.1704,0.0361549
15.1704,0.0361355
15.1715,0.0362436
15.1715,0.0362131
15.1726,0.0363115
15.1726,0.0361476
15.1737,0.0361291
15.1737,0.035988
15.175,0.0359895
15.175,0.0358658
15.1761,0.0360076
15.1761,0.0360066
15.1772,0.0361308
15.1772,0.0361144
15.1784,0.0362251
15.1784,0.036197
15.1795,0.0362974
15.1795,0.0362602
15.1806,0.0363527
15.1806,0.0361836
15.1817,0.0361606
15.1817,0.0360156
15.183,0.0360136
15.183,0.0358869
15.1841,0.036026
15.1841,0.0360228
15.1852,0.0361449
15.1852,0.0361268
15.1864,0.036236
15.1864,0.0362065
15.1875,0.0363057
15.1875,0.0362675
15.1886,0.036359
15.1886,0.0361891
15.1899,0.0361655
15.1899,0.0360198
15.191,0.0360173
15.191,0.0358902
15.1921,0.0360289
15.1921,0.0360253
15.1932,0.0361471
15.1932,0.0361287
15.1944,0.0362376
15.1944,0.0362079
15.1956,0.0363069
15.1956,0.0362686
15.1966,0.03636
15.1966,0.03619
15.1979,0.0361663
15.1979,0.0360205
15.199,0.0360179
15.199,0.0358907
15.2001,0.0360293
15.2001,0.0360257
15.2012,0.0361475
15.2012,0.036129
15.2024,0.0362379
15.2024,0.0362082
15.2035,0.0363071
15.2035,0.0361437
15.2047,0.0361258
15.2047,0.0359851
15.2059,0.0359869
15.2059,0.0358636
15.207,0.0358806
15.207,0.0357705
15.2081,0.0359242
15.2081,0.0359337
15.2092,0.036067
15.2092,0.0360586
15.2104,0.0361763
15.2104,0.0361542
15.2115,0.03626
15.2115,0.0361025
15.2127,0.0360897
15.2127,0.0359534
15.2139,0.0359593
15.2139,0.0358394
15.215,0.0358594
15.215,0.035752
15.2161,0.035908
15.2161,0.0359195
15.2172,0.0360546
15.2172,0.0360477
15.2184,0.0361668
15.2184,0.0361459
15.2196,0.0362527
15.2196,0.0360961
15.2207,0.0360841
15.2207,0.0359486
15.2219,0.035955
15.2219,0.0358356
15.223,0.0358562
15.223,0.0357492
15.2241,0.0359055
15.2241,0.0359173
15.2252,0.0360527
15.2252,0.0360461
15.2264,0.0361653
15.2264,0.0361446
15.2276,0.0362516
15.2276,0.0360951
15.2287,0.0360832
15.2287,0.0359478
15.2299,0.0359543
15.2299,0.0358351
15.231,0.0358557
15.231,0.0357487
15.2321,0.0359051
15.2321,0.035917
15.2332,0.0360524
15.2332,0.0360458
15.2345,0.0361651
15.2345,0.0361445
15.2356,0.0362514
15.2356,0.036095
15.2367,0.0360831
15.2367,0.0359477
15.2379,0.0359542
15.2379,0.035835
15.239,0.0358556
15.239,0.0357486
15.2401,0.0359051
15.2401,0.0359169
15.2412,0.0360523
15.2412,0.0360458
15.2425,0.0361651
15.2425,0.0361444
15.2436,0.0362514
15.2436,0.0360949
15.2447,0.0360831
15.2447,0.0359477
15.2459,0.0359542
15.2459,0.0358349
15.247,0.0358556
15.247,0.0357486
15.2481,0.0359051
15.2481,0.0359169
15.2494,0.0360523
15.2494,0.0360458
15.2505,0.036165
15.2505,0.0361444
15.2516,0.0362514
15.2516,0.0360949
15.2527,0.0360831
15.2527,0.0359477
15.2539,0.0359542
15.2539,0.0358349
15.255,0.0358556
15.255,0.0357486
15.2561,0.0359051
15.2561,0.0359169
15.2574,0.0360523
15.2574,0.0360458
15.2585,0.036165
15.2585,0.0362694
15.2596,0.0363607
15.2596,0.0364406
15.2607,0.0363856
15.2607,0.0363374
15.2619,0.0362952
15.2619,0.0362583
15.263,0.036226
15.263,0.0361978
15.2642,0.036298
15.2642,0.0363858
15.2654,0.0364626
15.2654,0.0365297
15.2665,0.0365885
15.2665,0.03664
15.2676,0.036685
15.2676,0.0367243
15.2687,0.0366338
15.2687,0.0365546
15.2699,0.0364852
15.2699,0.0364246
15.2711,0.0364965
15.2711,0.0365595
15.2722,0.0366145
15.2722,0.0366627
15.2734,0.0367049
15.2734,0.0367418
15.2745,0.036774
15.2745,0.0368023
15.2756,0.036827
15.2756,0.0368486
15.2767,0.0367425
15.2767,0.0366497
15.2779,0.0365685
15.2779,0.0364974
15.2791,0.0365603
15.2791,0.0366152
15.2802,0.0366633
15.2802,0.0367054
15.2814,0.0367422
15.2814,0.0367745
15.2825,0.0368026
15.2825,0.0368273
15.2836,0.0368489
15.2836,0.0368678
15.2847,0.0367593
15.2847,0.0366644
15.286,0.0365813
15.286,0.0365087
15.2871,0.0365701
15.2871,0.0366238
15.2882,0.0366709
15.2882,0.036712
15.2894,0.036748
15.2894,0.0367795
15.3262,0.0366821
15.3269,0.0364718
15.3274,0.0364128
15.328,0.0363612
15.3286,0.0364411
15.3291,0.0365109
15.3297,0.0365721
15.3302,0.0367506
15.3309,0.0351567
15.3314,0.0337621
15.332,0.0325419
15.3326,0.0315991
15.3331,0.0308992
15.3337,0.0301618
15.3342,0.0295166
15.3354,0.029077
15.3354,0.0285674
15.3366,0.0281215
15.3366,0.0277313
15.3377,0.0275149
15.3377,0.0272005
15.3389,0.0270505
15.3389,0.0267941
15.34,0.0264449
15.34,0.0261393
15.3411,0.0261219
15.3411,0.0261066
15.3422,0.0260933
15.3422,0.0259566
15.3435,0.0259621
15.3435,0.0259668
15.3446,0.0259709
15.3446,0.0258496
15.3457,0.0258684
15.3457,0.0257598
15.3469,0.0257899
15.3469,0.0256911
15.348,0.0257297
15.348,0.0256385
15.3491,0.0256837
15.3491,0.0257232
15.3502,0.0257578
15.3502,0.0256631
15.3521,0.0258302
15.3521,0.0259764
15.3526,0.0259794
15.3526,0.025982
15.3537,0.0259842
15.3537,0.0259862
15.355,0.0259879
15.355,0.0258644
15.356,0.0258814
15.356,0.0257712
15.3571,0.0259248
15.3571,0.0259342
15.3584,0.0260674
15.3584,0.026059
15.3595,0.0260516
15.3595,0.0260452
15.3606,0.0260395
15.3606,0.0259096
15.3617,0.0259209
15.3617,0.0258058
15.3629,0.02583
15.3629,0.0257263
15.364,0.0257605
15.364,0.0256654
15.3652,0.0258323
15.3652,0.0258532
15.3664,0.0259966
15.3664,0.025872
15.3675,0.025888
15.3675,0.025777
15.3692,0.0259299
15.3692,0.0259386
15.3697,0.0259463
15.3697,0.025828
15.3709,0.0258495
15.3709,0.0257433
15.3714,0.0257754
15.372,0.0256785
15.3726,0.0257187
15.3732,0.0257538
15.3737,0.0257846
15.3744,0.0256865
15.375,0.0256007
15.3756,0.0255256
15.376,0.0254599
15.3766,0.0252774
15.3772,0.0252428
15.3777,0.0252124
15.3784,0.0253109
15.3789,0.025272
15.3795,0.025363
15.3801,0.0254426
15.3806,0.0255123
15.3812,0.0255733
15.3824,0.0257516
15.3825,0.0256577
15.3829,0.0255754
15.3835,0.0255035
15.3847,0.0255656
15.3847,0.0254949
15.3852,0.025558
15.3857,0.0254883
15.3864,0.0255522
15.3869,0.0254832
15.3881,0.0256728
15.3882,0.0257137
15.3886,0.0257495
15.3892,0.0257808
15.3897,0.0258082
15.3904,0.0257072
15.3909,0.0256188
15.3915,0.0255414
15.3921,0.0255988
15.3926,0.0255239
15.3932,0.0255834
15.3937,0.0253855
15.3944,0.0253373
15.395,0.0252951
15.3956,0.0253832
15.3961,0.0254603
15.3966,0.0255278
15.3972,0.0255868
15.3977,0.0256385
15.3984,0.0256837
15.399,0.0255982
15.3995,0.0256484
15.4001,0.0256924
15.4006,0.0257308
15.4012,0.0257645
15.4017,0.0257939
15.4024,0.0258197
15.403,0.0257172
15.4035,0.0257526
15.4041,0.0257835
15.4046,0.0258106
15.4052,0.0258342
15.4059,0.02573
15.4064,0.0257637
15.407,0.0256682
15.4075,0.0255847
15.4081,0.0256366
15.4086,0.025682
15.4092,0.0257218
15.4099,0.0256316
15.4104,0.0256776
15.411,0.0255929
15.4115,0.0256438
15.4121,0.0256883
15.4126,0.0257273
15.4132,0.0256364
15.4139,0.0255568
15.4144,0.0256122
15.415,0.0255357
15.4156,0.0255937
15.4161,0.0256445
15.4166,0.0256889
15.4172,0.0257278
15.4179,0.0256369
15.4184,0.0256822
15.419,0.025597
15.4195,0.0256473
15.4201,0.0256914
15.4207,0.02573
15.4212,0.0257637
15.4219,0.0256683
15.4224,0.0257097
15.423,0.025621
15.4235,0.0256684
15.4241,0.0257098
15.4247,0.0257461
15.4252,0.0257779
15.4265,0.0258056
15.4265,0.0258299
15.4276,0.0258512
15.4276,0.0258698
15.4281,0.0258861
15.4294,0.0260253
15.4294,0.0260221
15.4299,0.0258944
15.4304,0.0259076
15.431,0.0257941
15.4316,0.0258199
15.4321,0.0258424
15.4327,0.0258621
15.4332,0.0258793
15.4339,0.0257694
15.4344,0.0257982
15.435,0.0256984
15.4356,0.0257361
15.4361,0.0257691
15.4367,0.025798
15.4372,0.0258232
15.4379,0.0257203
15.4384,0.0257553
15.439,0.0256609
15.4396,0.0257033
15.4401,0.0257404
15.4407,0.0257728
15.4412,0.0258012
15.4419,0.0257011
15.4424,0.0257384
15.443,0.0256461
15.4436,0.0256904
15.4441,0.0257291
15.4447,0.0257629
15.4452,0.0257926
15.4459,0.0256935
15.4465,0.0257318
15.447,0.0256403
15.4476,0.0256853
15.4481,0.0257246
15.4487,0.025759
15.4492,0.0257892
15.4505,0.0258155
15.4506,0.0258386
15.451,0.0257338
15.4516,0.025642
15.4521,0.0256868
15.4527,0.0256009
15.4532,0.0256508
15.4539,0.0255695
15.4545,0.0254983
15.455,0.025436
15.4556,0.0255065
15.4561,0.0255682
15.4567,0.0256222
15.4572,0.0256694
15.4579,0.0255857
15.4585,0.0256375
15.459,0.0255578
15.4596,0.0256131
15.4601,0.0257864
15.4607,0.0258131
15.4614,0.0259615
15.4619,0.0259663
15.4625,0.0259705
15.463,0.0259742
15.4636,0.0259774
15.4647,0.0261053
15.465,0.0260921
15.4654,0.0262056
15.4659,0.0261799
15.4665,0.0261574
15.467,0.0261377
15.4676,0.0261205
15.4681,0.0262304
15.4687,0.0262016
15.4694,0.0263014
15.4699,0.0262638
15.4705,0.0262308
15.471,0.0262019
15.4716,0.0261767
15.4722,0.0262796
15.4727,0.0262447
15.474,0.0263391
15.474,0.0262967
15.4745,0.0262596
15.475,0.0262272
15.4756,0.0261988
15.4762,0.0261739
15.4767,0.0261522
15.4774,0.0262582
15.4779,0.0262259
15.4785,0.0261976
15.479,0.0261729
15.4796,0.0261513
15.4802,0.0262574
15.4807,0.0262252
15.4814,0.0263221
15.4819,0.0262818
15.4825,0.0262466
15.483,0.0262158
15.4836,0.0261888
15.4842,0.0262902
15.4847,0.0262539
15.4854,0.0263472
15.4859,0.0263038
15.4865,0.0262658
15.4871,0.0263576
15.4876,0.0263129
15.4882,0.0263988
15.4887,0.0263489
15.4894,0.0264303
15.4899,0.0263765
15.4905,0.0263295
15.4911,0.0264133
15.4916,0.0263616
15.4922,0.0264414
15.4927,0.0263862
15.4934,0.026463
15.4939,0.0264051
15.4945,0.0263544
15.4951,0.0264351
15.4956,0.0263807
15.4962,0.0264582
15.4967,0.0264009
15.498,0.0264758
15.498,0.0264163
15.4985,0.0263643
15.4991,0.0264437
15.4996,0.0263883
15.5002,0.0264647
15.5007,0.0264066
15.5014,0.0264808
15.502,0.0264207
15.5025,0.0263681
15.5031,0.0264471
15.5036,0.0263912
15.5042,0.0264673
15.5047,0.0264089
15.5054,0.0264828
15.506,0.0264224
15.5065,0.0263696
15.5071,0.0264484
15.5076,0.0263924
15.5082,0.0264683
15.5094,0.0265348
15.5095,0.0265929
15.51,0.0265188
15.5105,0.026454
15.5111,0.0265222
15.5116,0.0264569
15.5122,0.0265248
15.5129,0.0264592
15.5134,0.0264018
15.514,0.0263516
15.5145,0.0263076
15.5151,0.0263942
15.5156,0.0263449
15.5162,0.0264268
15.5169,0.0263734
15.5174,0.0263268
15.518,0.0262859
15.5185,0.0262502
15.5191,0.0263439
15.5196,0.0263009
15.5202,0.0263883
15.5209,0.0263398
15.5214,0.0262973
15.522,0.0262601
15.5225,0.0262276
15.5231,0.0263242
15.5236,0.0262836
15.5242,0.0263732
15.5254,0.0264515
15.5254,0.0263951
15.5265,0.0264707
15.5265,0.0264119
15.5277,0.0264854
15.5277,0.0264247
15.5289,0.0264966
15.5289,0.0264345
15.53,0.0263802
15.53,0.0263327
15.5311,0.0264161
15.5311,0.0264891
15.5322,0.026553
15.5322,0.0266088
15.5334,0.0266577
15.5334,0.0265755
15.5345,0.0266286
15.5345,0.02655
15.5357,0.0264813
15.5357,0.0264211
15.5369,0.0264935
15.5369,0.0264318
15.538,0.0263778
15.538,0.0263306
15.5391,0.0264143
15.5391,0.0264875
15.5402,0.0265515
15.5402,0.0266076
15.5414,0.0266566
15.5414,0.0265746
15.5426,0.0266277
15.5426,0.0265493
15.5437,0.0266056
15.5437,0.0265299
15.545,0.0265887
15.545,0.0265151
15.546,0.0264507
15.546,0.0263944
15.5471,0.0264701
15.5471,0.0265363
15.5482,0.0265943
15.5482,0.026645
15.5494,0.0266894
15.5494,0.0266032
15.5506,0.0266528
15.5506,0.0265712
15.5517,0.0264998
15.5517,0.0264373
15.5529,0.0263827
15.5529,0.0263348
15.554,0.026293
15.554,0.0262563
15.5551,0.0263493
15.5551,0.0264306
15.5562,0.0265018
15.5562,0.0265641
15.5575,0.0264936
15.5575,0.0264319
15.5586,0.0265029
15.5586,0.02644
15.5597,0.02651
15.5597,0.0264463
15.5609,0.0265155
15.5609,0.0264511
15.562,0.0265197
15.562,0.0264547
15.5631,0.0266479
15.5631,0.0266919
15.5642,0.0268554
15.5642,0.0268735
15.5656,0.0270143
15.5656,0.0268875
15.5666,0.0269016
15.5666,0.0267889
15.5677,0.0268153
15.5677,0.0267134
15.5689,0.0267492
15.5689,0.0266555
15.57,0.0266986
15.57,0.0266113
15.5711,0.0267849
15.5711,0.0268118
15.5724,0.0269603
15.5724,0.0269652
15.5735,0.0270946
15.5735,0.0269578
15.5746,0.026963
15.5746,0.0268427
15.5757,0.0268623
15.5757,0.0267545
15.5769,0.0267852
15.5769,0.0266871
15.578,0.0267262
15.578,0.0266354
15.5792,0.026806
15.5792,0.0268302
15.5804,0.0269765
15.5804,0.0269794
15.5815,0.027107
15.5815,0.0269686
15.5826,0.0269725
15.5826,0.026851
15.5837,0.0268696
15.5837,0.0267609
15.585,0.0267908
15.585,0.0266919
15.586,0.0267304
15.586,0.0266391
15.5872,0.0268092
15.5872,0.0268331
15.5884,0.026979
15.5884,0.0269816
15.5895,0.0271089
15.5895,0.0269703
15.5906,0.026974
15.5906,0.0268522
15.5917,0.0268707
15.5917,0.0267619
15.5929,0.0267916
15.5929,0.0266927
15.5941,0.0268561
15.5941,0.0268741
15.5952,0.0270148
15.5952,0.027013
15.5964,0.0271363
15.5964,0.0271193
15.5975,0.0272294
15.5975,0.0270757
15.5986,0.0270663
15.5986,0.026933
15.5997,0.0269413
15.5997,0.0268237
15.6009,0.0268457
15.6009,0.02674
15.6021,0.0268975
15.6021,0.0269103
15.6032,0.0270465
15.6032,0.0270407
15.6044,0.0271606
15.6044,0.0271405
15.6056,0.027248
15.6056,0.027092
15.6066,0.0270805
15.6066,0.0269454
15.6077,0.0269522
15.6077,0.0268332
15.609,0.0268541
15.609,0.0267473
15.6101,0.0269039
15.6101,0.0269159
15.6112,0.0270514
15.6112,0.027045
15.6124,0.0271644
15.6124,0.0271438
15.6135,0.0272508
15.6135,0.0270945
15.6146,0.0270827
15.6146,0.0269473
15.6157,0.0269539
15.6157,0.0268347
15.617,0.0268553
15.617,0.0267484
15.6181,0.0269049
15.6181,0.0269168
15.6192,0.0270522
15.6192,0.0270456
15.6204,0.0271649
15.6204,0.0270193
15.6215,0.0270169
15.6215,0.0268898
15.6226,0.0269036
15.6226,0.0267906
15.6239,0.0268168
15.6239,0.0267147
15.625,0.0267504
15.625,0.0266566
15.6261,0.0268245
15.6261,0.0268464
15.6272,0.0269906
15.6272,0.0269918
15.6284,0.0271178
15.6284,0.0269781
15.6295,0.0269808
15.6295,0.0268582
15.6306,0.0268759
15.6306,0.0267665
15.6319,0.0267956
15.6319,0.0266962
15.633,0.0267342
15.633,0.0266424
15.6341,0.0268121
15.6341,0.0268356
15.6352,0.0269811
15.6352,0.0269835
15.6364,0.0271106
15.6364,0.0269717
15.6375,0.0269753
15.6375,0.0268534
15.6387,0.0268717
15.6387,0.0267627
15.6399,0.0267924
15.6399,0.0266933
15.641,0.0267317
15.641,0.0266402
15.6421,0.0268102
15.6421,0.0268339
15.6432,0.0269797
15.6432,0.0269822
15.6444,0.0271094
15.6444,0.0269708
15.6456,0.0269744
15.6456,0.0268526
15.6467,0.026871
15.6467,0.0267622
15.6479,0.0267919
15.6479,0.0266929
15.649,0.0267313
15.649,0.0266399
15.6501,0.0268099
15.6501,0.0268337
15.6512,0.0269794
15.6512,0.026982
15.6524,0.0271093
15.6524,0.0269706
15.6536,0.0269743
15.6536,0.0268525
15.6547,0.0268709
15.6547,0.0267621
15.6559,0.0267918
15.6559,0.0266928
15.657,0.0267312
15.657,0.0266398
15.6581,0.0268098
15.6581,0.0268336
15.6592,0.0269794
15.6592,0.027107
15.6605,0.0272186
15.6605,0.0273163
15.6616,0.0272767
15.6616,0.0272422
15.6627,0.0272119
15.6627,0.0271854
15.6639,0.0271622
15.6639,0.0271419
15.665,0.0271242
15.665,0.0271087
15.6661,0.0272201
15.6661,0.0273176
15.6672,0.0274029
15.6672,0.0274775
15.6685,0.0275428
15.6685,0.0276
15.6696,0.027525
15.6696,0.0274594
15.6707,0.0274019
15.6707,0.0273517
15.6719,0.0273077
15.6719,0.0272693
15.673,0.0272356
15.673,0.0272062
15.6741,0.0273054
15.6741,0.0273922
15.6754,0.0274682
15.6754,0.0275347
15.6765,0.0275928
15.6765,0.0276437
15.6776,0.0275633
15.6776,0.0274928
15.6787,0.0274312
15.6787,0.0273773
15.6799,0.0273302
15.6799,0.0272889
15.681,0.0272528
15.681,0.0272212
15.6821,0.0273185
15.6821,0.0274037
15.6834,0.0274783
15.6834,0.0275435
15.6845,0.0276005
15.6845,0.0276505
15.6856,0.0275692
15.6856,0.027498
15.6867,0.0274358
15.6867,0.0273813
15.6879,0.0273336
15.6879,0.0272919
15.689,0.0272554
15.689,0.0272235
15.6902,0.0273206
15.6902,0.0274055
15.6914,0.0274798
15.6914,0.0275448
15.6925,0.0276017
15.6925,0.0276515
15.6936,0.0275701
15.6936,0.0274988
15.6947,0.0274365
15.6947,0.0273819
15.6959,0.0273342
15.6959,0.0272924
15.697,0.0272558
15.697,0.0272239
15.6982,0.0273209
15.6982,0.0274058
15.6994,0.02748
15.6994,0.027545
15.7005,0.0276019
15.7005,0.0276517
15.7016,0.0275702
15.7016,0.0274989
15.7027,0.0274366
15.7027,0.027382
15.7039,0.0273342
15.7039,0.0272925
15.7051,0.0273809
15.7051,0.0274583
15.7062,0.027526
15.7062,0.0275853
15.7074,0.0276371
15.7074,0.0276825
15.7085,0.0277222
15.7085,0.0277569
15.7096,0.0276623
15.7096,0.0275795
15.7107,0.0275071
15.7107,0.0274437
15.7119,0.0273882
15.7119,0.0273397
15.7131,0.0274222
15.7131,0.0274944
15.7142,0.0275576
15.7142,0.0276129
15.7154,0.0276613
15.7154,0.0277037
15.7165,0.0277407
15.7165,0.0277731
15.7176,0.0276765
15.7176,0.0275919
15.7187,0.0275179
15.7187,0.0274532
15.72,0.0273965
15.72,0.027347
15.7211,0.0274286
15.7211,0.0275
15.7222,0.0275625
15.7222,0.0276172
15.7234,0.0276651
15.7234,0.0277069
15.7245,0.0277436
15.7245,0.0277756
15.7256,0.0276787
15.7256,0.0275938
15.7269,0.0275196
15.7269,0.0274546
15.728,0.0273978
15.728,0.0273481
15.7291,0.0274296
15.7291,0.0275009
15.7302,0.0275633
15.7302,0.0276179
15.7314,0.0276656
15.7314,0.0277074
15.7325,0.027619
15.7325,0.0275416
15.7336,0.0274739
15.7336,0.0274147
15.735,0.0273628
15.735,0.0273175
15.736,0.0272778
15.736,0.0272431
15.7371,0.0273377
15.7371,0.0274205
15.7382,0.0274929
15.7382,0.0275563
15.7394,0.0276118
15.7394,0.0276603
15.7405,0.0275778
15.7405,0.0275055
15.7417,0.0274423
15.7417,0.0273871
15.7429,0.0273387
15.7429,0.0272963
15.744,0.0272593
15.744,0.0272269
15.7451,0.0273235
15.7451,0.0274081
15.7462,0.0274821
15.7462,0.0275468
15.7474,0.0276035
15.7474,0.027653
15.7485,0.0275714
15.7485,0.0275
15.7497,0.0274375
15.7497,0.0273828
15.7509,0.0273349
15.7509,0.0272931
15.752,0.0272564
15.752,0.0272244
15.7531,0.0273213
15.7531,0.0274062
15.7542,0.0274804
15.7542,0.0275453
15.7554,0.0276022
15.7554,0.0276519
15.7566,0.0275704
15.7566,0.0274991
15.7577,0.0274367
15.7577,0.0273821
15.7589,0.0273344
15.7589,0.0272926
15.76,0.027256
15.76,0.027224
15.7611,0.027321
15.7611,0.0274059
15.7622,0.0276051
15.7622,0.0276545
15.7634,0.0278227
15.7634,0.0278448
15.7646,0.0279892
15.7646,0.0278656
15.7657,0.0278824
15.7657,0.0277721
15.7669,0.0278006
15.7669,0.0277005
15.768,0.0277379
15.768,0.0276457
15.7691,0.027815
15.7691,0.0278381
15.7702,0.0279833
15.7702,0.0279854
15.7715,0.0281122
15.7715,0.0280982
15.7726,0.0282109
15.7726,0.0280596
15.7737,0.0280521
15.7737,0.0279206
15.775,0.0279305
15.775,0.0278142
15.776,0.0278374
15.776,0.0277328
15.7771,0.0278912
15.7771,0.0279048
15.7782,0.0280417
15.7782,0.0280365
15.7795,0.0281569
15.7795,0.0281373
15.7806,0.0282451
15.7806,0.0280895
15.7817,0.0280783
15.7817,0.0279435
15.7829,0.0279506
15.7829,0.0278318
15.784,0.0278528
15.784,0.0277462
15.7851,0.0279029
15.7851,0.027915
15.7864,0.0280507
15.7864,0.0280443
15.7875,0.0281638
15.7875,0.0281433
15.7886,0.0282504
15.7886,0.0280941
15.7897,0.0280823
15.7897,0.027947
15.7909,0.0279537
15.7909,0.0278345
15.792,0.0278551
15.792,0.0277483
15.7931,0.0279047
15.7931,0.0279166
15.7944,0.0280521
15.7944,0.0280455
15.7956,0.0281649
15.7956,0.0281442
15.7966,0.0282512
15.7966,0.0280948
15.7977,0.028083
15.7977,0.0279476
15.7989,0.0279541
15.7989,0.0278349
15.8,0.0278555
15.8,0.0277486
15.8012,0.027905
15.8012,0.0279169
15.8024,0.0280523
15.8024,0.0280457
15.8035,0.028165
15.8035,0.0281444
15.8046,0.0282513
15.8046,0.0280949
15.8057,0.0280831
15.8057,0.0279477
15.8069,0.0279542
15.8069,0.0278349
15.8081,0.0279806
15.8081,0.027983
15.8092,0.0281101
15.8092,0.0280964
15.8104,0.0282093
15.8104,0.0281831
15.8115,0.0282853
15.8115,0.0282496
15.8126,0.0283434
15.8126,0.0281755
15.8137,0.0281535
15.8137,0.0280093
15.815,0.0280082
15.815,0.0278822
15.8161,0.0280219
15.8161,0.0280191
15.8172,0.0281418
15.8172,0.028124
15.8184,0.0282335
15.8184,0.0282043
15.8195,0.0283038
15.8195,0.0282658
15.8206,0.0283576
15.8206,0.0281879
15.8217,0.0281644
15.8217,0.0280189
15.823,0.0280165
15.823,0.0278894
15.8241,0.0280283
15.8241,0.0280247
15.8252,0.0281466
15.8252,0.0281283
15.8264,0.0282373
15.8264,0.0282076
15.8275,0.0283067
15.8275,0.0282683
15.8286,0.0283598
15.8286,0.0281898
15.8297,0.0281661
15.8297,0.0280203
15.831,0.0280178
15.831,0.0278906
15.8321,0.0280292
15.8321,0.0280256
15.8332,0.0281474
15.8332,0.028129
15.8344,0.0282378
15.8344,0.0282081
15.8356,0.0283071
15.8356,0.0281437
15.8366,0.0281257
15.8366,0.027985
15.8379,0.0279869
15.8379,0.0278635
15.839,0.0278806
15.839,0.0277705
15.8401,0.0279242
15.8401,0.0279337
15.8412,0.028067
15.8412,0.0280586
15.8424,0.0281763
15.8424,0.0281542
15.8435,0.02826
15.8435,0.0281025
15.8446,0.0280897
15.8446,0.0279534
15.8459,0.0279593
15.8459,0.0278394
15.847,0.0278594
15.847,0.027752
15.8481,0.027908
15.8481,0.0279195
15.8492,0.0280546
15.8492,0.0280477
15.8504,0.0281668
15.8504,0.0281459
15.8515,0.0282527
15.8515,0.0280961
15.8527,0.0280841
15.8527,0.0279486
15.8539,0.027955
15.8539,0.0278356
15.855,0.0278562
15.855,0.0277492
15.8561,0.0279055
15.8561,0.0279173
15.8572,0.0280527
15.8572,0.0280461
15.8584,0.0281653
15.8584,0.0281446
15.8595,0.0282516
15.8595,0.0280951
15.8607,0.0280832
15.8607,0.0279478
15.8619,0.0279543
15.8619,0.0278351
15.863,0.0278557
15.863,0.0277487
15.8641,0.0279051
15.8641,0.027917
15.8652,0.0280524
15.8652,0.0280458
15.8664,0.0281651
15.8664,0.0282695
15.8676,0.0283608
15.8676,0.0284407
15.8687,0.0283856
15.8687,0.0283374
15.8699,0.0282952
15.8699,0.0282583
15.871,0.028226
15.871,0.0281978
15.8721,0.028298
15.8721,0.0283858
15.8732,0.0284626
15.8732,0.0285297
15.8745,0.0285885
15.8745,0.02864
15.8756,0.028685
15.8756,0.0287243
15.8767,0.0286338
15.8767,0.0285546
15.8779,0.0284853
15.8779,0.0284246
15.879,0.0283715
15.879,0.0283251
15.8801,0.0284094
15.8801,0.0284833
15.8812,0.0285479
15.8812,0.0286044
15.8825,0.0286538
15.8825,0.0286971
15.8836,0.028735
15.8836,0.0287681
15.8847,0.0286721
15.8847,0.0285881
15.8859,0.0285146
15.8859,0.0284502
15.887,0.028394
15.887,0.0283447
15.8881,0.0284266
15.8881,0.0284983
15.8894,0.028561
15.8894,0.0286159
15.8905,0.0286639
15.8905,0.0287059
15.8916,0.0287427
15.8916,0.0287748
15.8927,0.028678
15.8927,0.0285932
15.8939,0.0285191
15.8939,0.0284542
15.895,0.0283974
15.895,0.0283477
15.8961,0.0284293
15.8961,0.0285006
15.8974,0.028563
15.8974,0.0286177
15.8985,0.0286654
15.8985,0.0287073
15.8996,0.0287439
15.8996,0.0287759
15.9007,0.0286789
15.9007,0.028594
15.9019,0.0285198
15.9019,0.0284548
15.903,0.028398
15.903,0.0283482
15.9042,0.0284297
15.9042,0.028501
15.9054,0.0285633
15.9054,0.0286179
15.9065,0.0286657
15.9065,0.0287075
15.9076,0.028744
15.9076,0.028776
15.9087,0.028679
15.9087,0.0285942
15.9099,0.0285199
15.9099,0.0284549
15.911,0.028398
15.911,0.0283483
15.9122,0.0284297
15.9122,0.028501
15.9134,0.0285634
15.9134,0.028618
15.9145,0.0286657
15.9145,0.0287075
15.9156,0.0287441
15.9156,0.0287761
15.9167,0.0286791
15.9167,0.0285942
15.9179,0.0285199
15.9179,0.0284549
15.9191,0.028523
15.9191,0.0285827
15.9202,0.0286348
15.9202,0.0286805
15.9214,0.0287204
15.9214,0.0287554
15.9225,0.0287859
15.9225,0.0288127
15.9236,0.0288361
15.9236,0.0288566
15.9247,0.0287495
15.9247,0.0286558
15.9259,0.0285739
15.9259,0.0285021
15.9271,0.0285644
15.9271,0.0286188
15.9282,0.0286665
15.9282,0.0287082
15.9294,0.0287446
15.9294,0.0287766
15.9305,0.0288045
15.9305,0.0288289
15.9316,0.0288503
15.9316,0.028869
15.9327,0.0287604
15.9327,0.0286653
15.934,0.0285822
15.934,0.0285094
15.9351,0.0285707
15.9351,0.0286244
15.9362,0.0286713
15.9362,0.0287124
15.9374,0.0287484
15.9374,0.0287798
15.9385,0.0288073
15.9385,0.0288314
15.9396,0.0288525
15.9396,0.0288709
15.9407,0.0287621
15.9407,0.0286668
15.942,0.0285835
15.942,0.0285105
15.9431,0.0285717
15.9431,0.0286252
15.9442,0.0286721
15.9442,0.0287131
15.9454,0.0287489
15.9454,0.0287803
15.9465,0.0288078
15.9465,0.0288318
15.9476,0.0287278
15.9476,0.0286369
15.9489,0.0285572
15.9489,0.0284876
15.95,0.0284266
15.95,0.0283733
15.9511,0.0284516
15.9511,0.0285202
15.9522,0.0285802
15.9522,0.0286326
15.9534,0.0286786
15.9534,0.0287187
15.9545,0.0287539
15.9545,0.0287847
15.9557,0.0286866
15.9557,0.0286008
15.9569,0.0285257
15.9569,0.02846
15.958,0.0284025
15.958,0.0283521
15.9591,0.0284331
15.9591,0.028504
15.9602,0.028566
15.9602,0.0286202
15.9614,0.0286677
15.9614,0.0287092
15.9625,0.0287456
15.9625,0.0287774
15.9637,0.0286802
15.9637,0.0285952
15.965,0.0285208
15.965,0.0284557
15.966,0.0283987
15.966,0.0283489
15.9671,0.0284303
15.9671,0.0285015
15.9682,0.0285638
15.9682,0.0286183
15.9694,0.028666
15.9694,0.0287078
15.9706,0.0287443
15.9706,0.0287763
15.9717,0.0286792
15.9717,0.0285943
15.9729,0.02852
15.9729,0.028455
15.974,0.0285232
15.974,0.0284578
15.9751,0.0286505
15.9751,0.0286942
15.9762,0.0288574
15.9762,0.0288753
15.9774,0.0290159
15.9774,0.0290139
15.9786,0.0291371
15.9786,0.02912
15.9797,0.02923
15.9797,0.0290762
15.9809,0.0290667
15.9809,0.0289334
15.982,0.0289417
15.982,0.028824
15.9831,0.028971
15.9831,0.0289746
15.9842,0.0291028
15.9842,0.0290899
15.9856,0.0292037
15.9856,0.0291782
15.9866,0.029281
15.9866,0.0292458
15.9877,0.0293401
15.9877,0.0291726
15.9889,0.029151
15.9889,0.0290071
15.99,0.0290062
15.99,0.0288805
15.9911,0.0290204
15.9911,0.0290179
15.9922,0.0291406
15.9922,0.029123
15.9935,0.0292327
15.9935,0.0292036
15.9946,0.0293031
15.9946,0.0292652
15.9957,0.0293571
15.9957,0.0291874
15.9969,0.029164
15.9969,0.0290185
15.998,0.0290162
15.998,0.0288892
15.9991,0.029028
15.9991,0.0290245
16.0004,0.0291465
16.0004,0.0291281
16.0015,0.0292371
16.0015,0.0292075
16.0026,0.0293066
16.0026,0.0292682
16.0037,0.0293597
16.0037,0.0291897
16.005,0.029166
16.005,0.0290203
16.006,0.0290177
16.006,0.0288905
16.0071,0.0290292
16.0071,0.0290256
16.0084,0.0291474
16.0084,0.0291289
16.0095,0.0292378
16.0095,0.0292081
16.0106,0.0293071
16.0106,0.0292687
16.0117,0.0293601
16.0117,0.0291901
16.0129,0.0291663
16.0129,0.0290205
16.014,0.029018
16.014,0.0288907
16.0152,0.0290294
16.0152,0.0290257
16.0164,0.0291475
16.0164,0.0291291
16.0175,0.0292379
16.0175,0.0292082
16.0186,0.0293072
16.0186,0.0292688
16.0197,0.0293602
16.0197,0.0291901
16.0209,0.0291664
16.0209,0.0290206
16.0221,0.029143
16.0221,0.0291251
16.0232,0.0292345
16.0232,0.0292052
16.0244,0.0293045
16.0244,0.0292665
16.0256,0.0293582
16.0256,0.0293134
16.0266,0.0293992
16.0266,0.0293493
16.0277,0.0294306
16.0277,0.0292518
16.0289,0.0292203
16.0289,0.0290678
16.0301,0.0291843
16.0301,0.0291613
16.0312,0.0292661
16.0312,0.0292329
16.0324,0.0293287
16.0324,0.0292877
16.0335,0.0293767
16.0335,0.0293296
16.0346,0.0294134
16.0346,0.0293617
16.0357,0.0294415
16.0357,0.0292613
16.037,0.0292287
16.037,0.0290751
16.0381,0.0291907
16.0381,0.0291669
16.0392,0.029271
16.0392,0.0292371
16.0404,0.0293325
16.0404,0.0292909
16.0415,0.0293796
16.0415,0.0293321
16.0426,0.0294156
16.0426,0.0293636
16.0437,0.0294432
16.0437,0.0292628
16.045,0.0292299
16.045,0.0290762
16.0461,0.0291917
16.0461,0.0291677
16.0472,0.0292717
16.0472,0.0292378
16.0484,0.0293331
16.0484,0.0292914
16.0495,0.02938
16.0495,0.0293325
16.0506,0.0294159
16.0506,0.0292389
16.0519,0.0292091
16.0519,0.0290579
16.053,0.0290507
16.053,0.0289194
16.0541,0.0290544
16.0541,0.0290476
16.0552,0.0291667
16.0552,0.0291458
16.0564,0.0292526
16.0564,0.029221
16.0575,0.0293184
16.0575,0.0292786
16.0586,0.0293688
16.0586,0.0291977
16.0599,0.029173
16.0599,0.0290263
16.061,0.0290231
16.061,0.0288952
16.0621,0.0290333
16.0621,0.0290291
16.0632,0.0291505
16.0632,0.0291317
16.0644,0.0292402
16.0644,0.0292102
16.0656,0.0293089
16.0656,0.0292703
16.0667,0.0293615
16.0667,0.0291913
16.0679,0.0291674
16.0679,0.0290215
16.069,0.0290188
16.069,0.0288914
16.0701,0.02903
16.0701,0.0290263
16.0712,0.029148
16.0712,0.0291295
16.0724,0.0292383
16.0724,0.0292085
16.0735,0.0293074
16.0735,0.029269
16.0747,0.0293604
16.0747,0.0291903
16.0759,0.0291665
16.0759,0.0290207
16.077,0.0290181
16.077,0.0288909
16.0781,0.0290295
16.0781,0.0290258
16.0792,0.0291476
16.0792,0.0291291
16.0804,0.029238
16.0804,0.0292083
16.0816,0.0293072
16.0816,0.0292688
16.0827,0.0293602
16.0827,0.0294402
16.0839,0.0293852
16.0839,0.029337
16.085,0.0292949
16.085,0.029258
16.0861,0.0293508
16.0861,0.0294319
16.0872,0.0295029
16.0872,0.0295651
16.0884,0.0296194
16.0884,0.029667
16.0896,0.0297086
16.0896,0.029745
16.0907,0.0297769
16.0907,0.0298048
16.0919,0.0297042
16.0919,0.0296162
16.093,0.0295392
16.093,0.0294718
16.0941,0.0295378
16.0941,0.0295956
16.0952,0.0296461
16.0952,0.0296904
16.0965,0.0297291
16.0965,0.0297629
16.0976,0.0297926
16.0976,0.0298185
16.0987,0.0298412
16.0987,0.029861
16.0999,0.0297534
16.0999,0.0296592
16.101,0.0295768
16.101,0.0295047
16.1021,0.0295666
16.1021,0.0296208
16.1034,0.0296682
16.1034,0.0297097
16.1045,0.029746
16.1045,0.0297777
16.1056,0.0298055
16.1056,0.0298298
16.1067,0.0298511
16.1067,0.0298697
16.1079,0.029761
16.1079,0.0296659
16.109,0.0295826
16.109,0.0295098
16.1101,0.0295711
16.1101,0.0296247
16.1114,0.0296716
16.1114,0.0297127
16.1125,0.0297486
16.1125,0.02978
16.1136,0.0298075
16.1136,0.0298316
16.1147,0.0298526
16.1147,0.029871
16.1159,0.0297622
16.1159,0.0296669
16.117,0.0295835
16.117,0.0295106
16.1182,0.0295718
16.1182,0.0296253
16.1194,0.0296721
16.1194,0.0297131
16.1205,0.029749
16.1205,0.0297804
16.1216,0.0298078
16.1216,0.0298318
16.1227,0.0298529
16.1227,0.0298712
16.1239,0.0297623
16.1239,0.029667
16.125,0.0295837
16.125,0.0295107
16.1262,0.0295719
16.1262,0.0296254
16.1274,0.0296722
16.1274,0.0297132
16.1285,0.029749
16.1285,0.0297804
16.1296,0.0298079
16.1296,0.0298319
16.1307,0.0298529
16.1307,0.0298713
16.1319,0.0297624
16.1319,0.0296671
16.1331,0.0297087
16.1331,0.0297451
16.1342,0.029777
16.1342,0.0298048
16.1354,0.0298292
16.1354,0.0298506
16.1365,0.0298693
16.1365,0.0298856
16.1376,0.0298999
16.1376,0.0299124
16.1387,0.0299234
16.1387,0.0299329
16.1399,0.0298163
16.1399,0.0297143
16.1411,0.02975
16.1411,0.0297812
16.1422,0.0298086
16.1422,0.0298325
16.1434,0.0298535
16.1434,0.0298718
16.1445,0.0298878
16.1445,0.0299018
16.1456,0.0299141
16.1456,0.0299248
16.1467,0.0299342
16.1467,0.0299424
16.148,0.0298246
16.148,0.0297216
16.1491,0.0297564
16.1491,0.0297868
16.1502,0.0298135
16.1502,0.0298368
16.1514,0.0298572
16.1514,0.029875
16.1525,0.0298907
16.1525,0.0299043
16.1536,0.0299163
16.1536,0.0299267
16.1547,0.0299359
16.1547,0.0299439
16.156,0.0298259
16.156,0.0297227
16.1571,0.0297573
16.1571,0.0297877
16.1582,0.0298142
16.1582,0.0298374
16.1594,0.0298578
16.1594,0.0298755
16.1605,0.0298911
16.1605,0.0299047
16.1616,0.0299166
16.1616,0.029927
16.1629,0.0298112
16.1629,0.0297098
16.164,0.029621
16.164,0.0295434
16.1651,0.0296005
16.1651,0.0296504
16.1662,0.0296941
16.1662,0.0297324
16.1674,0.0297658
16.1674,0.0297951
16.1685,0.0298207
16.1685,0.0298431
16.1697,0.0298627
16.1697,0.0298799
16.1709,0.0297699
16.1709,0.0296737
16.172,0.0295894
16.172,0.0295158
16.1731,0.0295763
16.1731,0.0296293
16.1742,0.0296756
16.1742,0.0297162
16.1754,0.0297516
16.1754,0.0297827
16.1765,0.0298098
16.1765,0.0298336
16.1777,0.0298544
16.1777,0.0298726
16.1789,0.0297635
16.1789,0.0296681
16.18,0.0295846
16.18,0.0295115
16.1811,0.0295726
16.1811,0.029626
16.1822,0.0296727
16.1822,0.0297137
16.1834,0.0297494
16.1834,0.0297808
16.1846,0.0298082
16.1846,0.0298321
16.1857,0.0298531
16.1857,0.0298715
16.1869,0.0297625
16.1869,0.0296672
16.188,0.0295838
16.188,0.0295108
16.1891,0.029572
16.1891,0.0296255
16.1902,0.0296723
16.1902,0.0297133
16.1914,0.0297491
16.1914,0.0297805
16.1926,0.0298079
16.1926,0.0298319
16.1937,0.0298529
16.1937,0.0298713
16.195,0.0300124
16.195,0.0298858
16.196,0.0299001
16.196,0.0297876
16.1971,0.0299392
16.1971,0.0299468
16.1982,0.0300784
16.1982,0.0300686
16.1995,0.030185
16.1995,0.0301619
16.2006,0.0302667
16.2006,0.0302333
16.2017,0.0303292
16.2017,0.030288
16.2029,0.030377
16.2029,0.0302049
16.204,0.0301793
16.204,0.0300319
16.2051,0.0301529
16.2051,0.0301338
16.2062,0.030242
16.2062,0.0302118
16.2075,0.0303103
16.2075,0.0302715
16.2086,0.0303626
16.2086,0.0303173
16.2097,0.0304026
16.2097,0.0303523
16.2109,0.0304332
16.2109,0.0302541
16.212,0.0302223
16.212,0.0300695
16.2131,0.0301858
16.2131,0.0301626
16.2144,0.0302673
16.2144,0.0302339
16.2156,0.0303296
16.2156,0.0302884
16.2166,0.0303774
16.2166,0.0303302
16.2177,0.0304139
16.2177,0.0303622
16.2189,0.0304419
16.2189,0.0302617
16.22,0.030229
16.22,0.0300753
16.2211,0.0301909
16.2211,0.0301671
16.2224,0.0302712
16.2224,0.0302373
16.2235,0.0303326
16.2235,0.030291
16.2246,0.0303797
16.2246,0.0303322
16.2257,0.0304157
16.2257,0.0303637
16.2269,0.0304433
16.2269,0.0302628
16.228,0.03023
16.228,0.0300762
16.2292,0.0301917
16.2292,0.0301677
16.2304,0.0302718
16.2304,0.0302378
16.2315,0.0303331
16.2315,0.0302914
16.2326,0.03038
16.2326,0.0303325
16.2337,0.0304159
16.2337,0.030364
16.235,0.0304435
16.235,0.030263
16.236,0.0302301
16.236,0.0300764
16.2372,0.0301918
16.2372,0.0301678
16.2384,0.0302719
16.2384,0.0302379
16.2395,0.0303331
16.2395,0.0302915
16.2406,0.0303801
16.2406,0.0303326
16.2417,0.030416
16.2417,0.030364
16.2429,0.0304435
16.2429,0.0302631
16.2441,0.0303552
16.2441,0.0303108
16.2452,0.0303969
16.2452,0.0303473
16.2464,0.0304289
16.2464,0.0303753
16.2475,0.0304534
16.2475,0.0303967
16.2486,0.0304721
16.2486,0.0304131
16.2497,0.0304865
16.2497,0.0304257
16.251,0.0304974
16.251,0.0303103
16.2521,0.0303965
16.2521,0.0303469
16.2532,0.0304286
16.2532,0.030375
16.2544,0.0304531
16.2544,0.0303965
16.2556,0.0304719
16.2556,0.0304129
16.2566,0.0304863
16.2566,0.0304255
16.2577,0.0304973
16.2577,0.0304352
16.259,0.0305058
16.259,0.0303175
16.2601,0.0304029
16.2601,0.0303525
16.2612,0.0304334
16.2612,0.0303793
16.2624,0.0304568
16.2624,0.0303997
16.2635,0.0304748
16.2635,0.0304154
16.2646,0.0304885
16.2646,0.0304274
16.2659,0.030499
16.2659,0.0304366
16.267,0.030507
16.267,0.0303187
16.2681,0.0304038
16.2681,0.0303534
16.2692,0.0304342
16.2692,0.0303799
16.2704,0.0304574
16.2704,0.0304002
16.2715,0.0304752
16.2715,0.0304158
16.2726,0.0304888
16.2726,0.0304277
16.2739,0.0304993
16.2739,0.0303119
16.275,0.0302729
16.275,0.0301138
16.2761,0.0302245
16.2761,0.0301965
16.2772,0.0302969
16.2772,0.0302598
16.2784,0.0303523
16.2784,0.0303083
16.2795,0.0303947
16.2795,0.0303454
16.2807,0.0304272
16.2807,0.0303738
16.2819,0.0304521
16.2819,0.0302706
16.283,0.0302368
16.283,0.0300822
16.2841,0.0301969
16.2841,0.0301723
16.2852,0.0302757
16.2852,0.0302413
16.2864,0.0303361
16.2864,0.0302941
16.2875,0.0303823
16.2875,0.0303345
16.2887,0.0304177
16.2887,0.0303655
16.2899,0.0304448
16.2899,0.0302642
16.291,0.0302312
16.291,0.0300773
16.2921,0.0301926
16.2921,0.0301686
16.2932,0.0302725
16.2932,0.0302384
16.2944,0.0303336
16.2944,0.0302919
16.2956,0.0303804
16.2956,0.0303329
16.2974,0.0305413
16.2974,0.0305986
16.2979,0.0306488
16.2979,0.0304427
16.299,0.0303873
16.299,0.0302139
16.3001,0.0303122
16.3001,0.0302732
16.3012,0.030364
16.3012,0.0303185
16.3024,0.0304037
16.3024,0.0303532
16.3036,0.0304341
16.3036,0.0303798
16.3047,0.0304573
16.3047,0.0304002
16.3059,0.0304752
16.3059,0.0302908
16.307,0.0302544
16.307,0.0300976
16.3081,0.0302104
16.3081,0.0303091
16.3092,0.0303955
16.3092,0.030471
16.3105,0.0305372
16.3105,0.030595
16.3116,0.0306456
16.3116,0.0306899
16.3127,0.0307287
16.3127,0.0307626
16.3139,0.0307923
16.3139,0.0308182
16.315,0.030716
16.315,0.0306265
16.3161,0.0306732
16.3161,0.030714
16.3174,0.0307498
16.3174,0.030781
16.3185,0.0308084
16.3185,0.0308324
16.3196,0.0308533
16.3196,0.0308716
16.3207,0.0308877
16.3207,0.0309017
16.3219,0.030914
16.3219,0.0309248
16.323,0.0308092
16.323,0.030708
16.3241,0.0307445
16.3241,0.0307765
16.3254,0.0308044
16.3254,0.0308288
16.3265,0.0308502
16.3265,0.030869
16.3276,0.0307603
16.3276,0.0306653
16.3287,0.0307071
16.3287,0.0307437
16.3299,0.0307758
16.3299,0.0308038
16.331,0.0307033
16.331,0.0306154
16.3322,0.0306635
16.3322,0.0307055
16.3334,0.0307424
16.3334,0.0307746
16.3345,0.0308027
16.3345,0.0308274
16.3356,0.030849
16.3356,0.0308678
16.3367,0.0308844
16.3367,0.0308988
16.3379,0.0309115
16.3379,0.0309225
16.339,0.0308072
16.339,0.0307063
16.3402,0.030743
16.3402,0.0307751
16.3414,0.0308033
16.3414,0.0308278
16.3425,0.0308494
16.3425,0.0308682
16.3436,0.0308847
16.3436,0.0308991
16.3447,0.0309117
16.3447,0.0309227
16.3459,0.0309324
16.3459,0.0309408
16.3471,0.0309482
16.3471,0.0309547
16.3482,0.0309604
16.3482,0.0309653
16.3494,0.0309697
16.3494,0.0309734
16.3505,0.0309768
16.3505,0.0309797
16.3516,0.0309822
16.3516,0.0309844
16.3527,0.0309864
16.3527,0.0309881
16.3539,0.0309896
16.3539,0.0309909
16.3551,0.030992
16.3551,0.030993
16.3562,0.0309939
16.3562,0.0309946
16.3574,0.0309953
16.3574,0.0309959
16.3585,0.0309964
16.3585,0.0309969
16.3596,0.0309973
16.3596,0.0309976
16.3607,0.0309979
16.3607,0.0309982
16.362,0.0309984
16.362,0.0309986
16.3631,0.0309988
16.3631,0.0309989
16.3642,0.0309991
16.3642,0.0309992
16.3654,0.0309993
16.3654,0.0309994
16.3665,0.0309994
16.3665,0.0309995
16.3676,0.0309996
16.3676,0.0309996
16.3687,0.0309997
16.3687,0.0309997
16.37,0.0309997
16.37,0.0309998
16.3711,0.0309998
16.3711,0.0309998
16.3722,0.0309999
16.3722,0.0309999
16.3734,0.0309999
16.3734,0.0309999
16.3745,0.0309999
16.3745,0.0309999
16.3756,0.0309999
16.3756,0.0309999
16.3769,0.0309999
16.3769,0.031
16.378,0.030875
16.378,0.0307656
16.3791,0.0307949
16.3791,0.0308205
16.3809,0.030843
16.3809,0.0308626
16.3814,0.0308798
16.3814,0.0308948
16.3825,0.0309079
16.3825,0.0309195
16.3836,0.0309295
16.3836,0.0309383
16.385,0.030946
16.385,0.0309528
16.386,0.0308337
16.386,0.0307295
16.3871,0.0307633
16.3871,0.0307929
16.3882,0.0308188
16.3882,0.0308414
16.3894,0.0308612
16.3894,0.0308786
16.3905,0.0308938
16.3905,0.030907
16.3917,0.0309187
16.3917,0.0309288
16.3929,0.0309377
16.3929,0.0309455
16.394,0.0308273
16.394,0.0307239
16.3951,0.0307584
16.3951,0.0307886
16.3969,0.030815
16.3969,0.0308382
16.3974,0.0308584
16.3974,0.0308761
16.3986,0.0308916
16.3986,0.0309051
16.3997,0.030917
16.3997,0.0309274
16.4009,0.0309364
16.4009,0.0309444
16.402,0.0308263
16.402,0.030723
16.4031,0.0307577
16.4031,0.030788
16.4042,0.0308145
16.4042,0.0308377
16.4054,0.0308579
16.4054,0.0308757
16.4072,0.0310162
16.4072,0.0311392
16.4077,0.0311218
16.4077,0.0311066
16.4089,0.0310933
16.4089,0.0310816
16.41,0.0309464
16.41,0.0308281
16.4111,0.0308496
16.4111,0.0308684
16.4122,0.0308848
16.4122,0.0308992
16.4135,0.0309118
16.4135,0.0309229
16.4146,0.0309325
16.4146,0.0309409
16.4157,0.0309483
16.4157,0.0309548
16.4169,0.0309604
16.4169,0.0309654
16.418,0.0308447
16.418,0.0307391
16.4191,0.0307717
16.4191,0.0308003
16.4202,0.0308252
16.4202,0.0308471
16.4215,0.0308662
16.4215,0.0308829
16.4226,0.0308975
16.4226,0.0309104
16.4237,0.0310466
16.4237,0.0310407
16.425,0.0311606
16.425,0.0311406
16.426,0.031248
16.426,0.031092
16.4271,0.0312055
16.4271,0.0311798
16.4284,0.0312823
16.4284,0.031247
16.4295,0.0313412
16.4295,0.0312985
16.4306,0.0313862
16.4306,0.0313379
16.4317,0.0314207
16.4317,0.0313681
16.4329,0.0314471
16.4329,0.0313912
16.434,0.0314673
16.434,0.0312839
16.4351,0.0313734
16.4351,0.0313267
16.4364,0.0314109
16.4364,0.0313595
16.4375,0.0314396
16.4375,0.0312596
16.4386,0.0312272
16.4386,0.0311988
16.4397,0.0312989
16.4397,0.0312616
16.4409,0.0313539
16.4409,0.0313096
16.4426,0.0315209
16.4426,0.0314558
16.4432,0.0315238
16.4432,0.0314584
16.4444,0.0315261
16.4444,0.0314603
16.4456,0.0315278
16.4456,0.0314618
16.4466,0.0315291
16.4466,0.0314629
16.4484,0.0316551
16.4484,0.0316982
16.4489,0.0317359
16.4489,0.0316439
16.45,0.0316884
16.45,0.0314774
16.4512,0.0315427
16.4512,0.0314749
16.4524,0.0315405
16.4524,0.0314729
16.4535,0.0315388
16.4535,0.0314715
16.4546,0.0315375
16.4546,0.0314703
16.4557,0.0315366
16.4557,0.0314695
16.4569,0.0315358
16.4569,0.0314688
16.4581,0.0316602
16.4581,0.0315777
16.4592,0.0316305
16.4592,0.0315517
16.4604,0.0316077
16.4604,0.0315317
16.4615,0.0315903
16.4615,0.0315165
16.4626,0.0315769
16.4626,0.0315048
16.4637,0.0315667
16.4637,0.0314959
16.465,0.0315589
16.465,0.031489
16.4661,0.0316779
16.4661,0.0315932
16.4672,0.031644
16.4672,0.0315635
16.4684,0.0316181
16.4684,0.0315408
16.4695,0.0315982
16.4695,0.0315234
16.4706,0.031583
16.4706,0.0315101
16.4717,0.0315714
16.4717,0.0314999
16.473,0.0315624
16.473,0.0313671
16.4741,0.0314462
16.4741,0.0313905
16.4752,0.0314667
16.4752,0.0314083
16.4764,0.0314823
16.4764,0.031422
16.4775,0.0314942
16.4775,0.0314325
16.4786,0.0315034
16.4786,0.0313155
16.4799,0.031276
16.4799,0.0312415
16.481,0.0313363
16.481,0.0312943
16.4821,0.0315075
16.4821,0.0314441
16.4832,0.0315136
16.4832,0.0314494
16.4844,0.0315182
16.4844,0.0314534
16.4856,0.0315217
16.4856,0.0314565
16.4866,0.0315245
16.4866,0.0314589
16.4879,0.0315265
16.4879,0.0314607
16.489,0.0315281
16.489,0.0313371
16.4901,0.03142
16.4901,0.0313675
16.4912,0.0314465
16.4912,0.0313907
16.4924,0.0314669
16.4924,0.0314085
16.4935,0.0314825
16.4935,0.0314221
16.4947,0.0314944
16.4947,0.0314326
16.4959,0.0315035
16.4959,0.0314406
16.497,0.0315105
16.497,0.0313217
16.4981,0.0314065
16.4981,0.0313557
16.4992,0.0314362
16.4992,0.0313817
16.5004,0.031459
16.5004,0.0314016
16.5015,0.0314764
16.5015,0.0314168
16.5027,0.0314897
16.5027,0.0314285
16.5039,0.0315
16.5039,0.0314375
16.505,0.0315078
16.505,0.0313193
16.5061,0.0314044
16.5061,0.0313538
16.5072,0.0314346
16.5072,0.0313803
16.5084,0.0314577
16.5084,0.0314005
16.5096,0.0314755
16.5096,0.031416
16.5107,0.031489
16.5107,0.0314279
16.5119,0.0314994
16.5119,0.031437
16.513,0.0315074
16.513,0.0313189
16.5147,0.0314041
16.5147,0.0313536
16.5152,0.0314344
16.5152,0.0313801
16.5164,0.0314576
16.5164,0.0314004
16.5176,0.0314753
16.5176,0.0314159
16.5187,0.0314889
16.5187,0.0314278
16.5199,0.0314993
16.5199,0.0314369
16.521,0.0315073
16.521,0.0313189
16.5221,0.031404
16.5221,0.0313535
16.5232,0.0314343
16.5232,0.03138
16.5245,0.0314575
16.5245,0.0314003
16.5256,0.0314753
16.5256,0.0314159
16.5267,0.0314889
16.5267,0.0314278
16.5279,0.0314993
16.5279,0.0314369
16.529,0.0315073
16.529,0.0313189
16.5301,0.031404
16.5301,0.0313535
16.5312,0.0314343
16.5312,0.03138
16.5325,0.0314575
16.5325,0.0314003
16.5336,0.0314753
16.5336,0.0314159
16.5347,0.0314889
16.5347,0.0314278
16.5359,0.0314993
16.5359,0.0314369
16.537,0.0315073
16.537,0.0313189
16.5381,0.031404
16.5381,0.0313535
16.5394,0.0314343
16.5394,0.03138
16.5405,0.0314575
16.5405,0.0314003
16.5416,0.0314753
16.5416,0.0315409
16.5427,0.0315983
16.5427,0.0316485
16.5439,0.0316924
16.5439,0.0317309
16.5456,0.0318895
16.5456,0.0320283
16.5462,0.0320248
16.5462,0.0320217
16.5474,0.032019
16.5474,0.0320166
16.5485,0.0320145
16.5485,0.0320127
16.5496,0.0320111
16.5496,0.0320097
16.5507,0.0320085
16.5507,0.0320074
16.5519,0.0320065
16.5519,0.0320057
16.553,0.032005
16.553,0.0320044
16.5542,0.0320038
16.5542,0.0320033
16.5554,0.0320029
16.5554,0.0320026
16.5565,0.0320022
16.5565,0.032002
16.5576,0.0320017
16.5576,0.0320015
16.5587,0.0320013
16.5587,0.0320011
16.5599,0.032001
16.5599,0.0320009
16.5611,0.0321258
16.5611,0.032235
16.5622,0.0322057
16.5622,0.03218
16.5634,0.0321575
16.5634,0.0321378
16.5645,0.0321206
16.5645,0.0321055
16.5656,0.0320923
16.5656,0.0320808
16.5667,0.0320707
16.5667,0.0320618
16.5679,0.0320541
16.5679,0.0320473
16.5691,0.0321664
16.5691,0.0322706
16.5702,0.0322368
16.5702,0.0322072
16.5714,0.0321813
16.5714,0.0321586
16.5725,0.0321388
16.5725,0.0321215
16.5736,0.0321063
16.5736,0.032093
16.5747,0.0320814
16.5747,0.0320712
16.576,0.0320623
16.576,0.0320545
16.5771,0.0320477
16.5771,0.0320417
16.5782,0.0320365
16.5782,0.0320319
16.5794,0.032028
16.5794,0.0320245
16.5805,0.0320214
16.5805,0.0320187
16.5816,0.0320164
16.5816,0.0320143
16.5834,0.0321375
16.5834,0.0322454
16.584,0.0322147
16.584,0.0321878
16.5851,0.0322894
16.5851,0.0323782
16.5862,0.0323309
16.5862,0.0322896
16.5874,0.0322534
16.5874,0.0322217
16.5885,0.032194
16.5885,0.0321697
16.5896,0.0321485
16.5896,0.0321299
16.5909,0.0321137
16.5909,0.0320995
16.592,0.0320871
16.592,0.0320762
16.5931,0.0320667
16.5931,0.0320583
16.5942,0.032051
16.5942,0.0320446
16.5954,0.0320391
16.5954,0.0320342
16.5965,0.0320299
16.5965,0.0320262
16.5976,0.0320229
16.5976,0.03202
16.5989,0.0320175
16.5989,0.0320153
16.6,0.0320134
16.6,0.0320117
16.6011,0.0320103
16.6011,0.032009
16.6022,0.0320079
16.6022,0.0320069
16.6034,0.032006
16.6034,0.0320053
16.6045,0.0320046
16.6045,0.032004
16.6057,0.0320035
16.6057,0.0320031
16.6069,0.0320027
16.6069,0.0320024
16.608,0.0320021
16.608,0.0320018
16.6091,0.0320016
16.6091,0.0320014
16.6102,0.0320012
16.6102,0.0320011
16.6114,0.0320009
16.6114,0.0320008
16.6126,0.0320007
16.6126,0.0320006
16.6137,0.0320005
16.6137,0.0320005
16.615,0.0318754
16.615,0.031766
16.616,0.0317952
16.616,0.0318208
16.6171,0.0318432
16.6171,0.0318628
16.6182,0.03188
16.6182,0.031895
16.6194,0.0319081
16.6194,0.0319196
16.6206,0.0319296
16.6206,0.0319384
16.6217,0.0319461
16.6217,0.0319529
16.6229,0.0319588
16.6229,0.0319639
16.624,0.0319684
16.624,0.0319724
16.6251,0.0319758
16.6251,0.0319788
16.6262,0.0319815
16.6262,0.0319838
16.6275,0.0319858
16.6275,0.0319876
16.6286,0.0319891
16.6286,0.0319905
16.6297,0.0319917
16.6297,0.0319927
16.6309,0.0319936
16.6309,0.0319944
16.632,0.0319951
16.632,0.0319957
16.6331,0.0319963
16.6331,0.0319967
16.6342,0.0319971
16.6342,0.0319975
16.6356,0.0319978
16.6356,0.0319981
16.6366,0.0319983
16.6366,0.0319985
16.6377,0.0319987
16.6377,0.0319989
16.6389,0.031999
16.6389,0.0319991
16.64,0.0319992
16.64,0.0319993
16.6411,0.0319994
16.6411,0.0319995
16.6424,0.0319996
16.6424,0.0319996
16.6435,0.0319997
16.6435,0.0319997
16.6446,0.0319997
16.6446,0.0319998
16.6457,0.0319998
16.6457,0.0319998
16.6469,0.0319998
16.6469,0.0319999
16.648,0.0319999
16.648,0.0319999
16.6491,0.0319999
16.6491,0.0319999
16.6504,0.0319999
16.6504,0.0319999
16.6515,0.0319999
16.6515,0.032
16.6526,0.032
16.6526,0.032
16.6537,0.032
16.6537,0.032
16.655,0.032
16.655,0.032
16.656,0.032
16.656,0.032
16.6572,0.032
16.6572,0.032
16.6584,0.032
16.6584,0.032
16.6595,0.032
16.6595,0.032
16.6606,0.032
16.6606,0.032
16.6617,0.032125
16.6617,0.0321094
16.6629,0.0322207
16.6629,0.0321931
16.664,0.032294
16.664,0.0322572
16.6652,0.0324751
16.6652,0.0324157
16.6664,0.0324887
16.6664,0.0324276
16.6675,0.0324992
16.6675,0.0324368
16.6686,0.0325072
16.6686,0.0324438
16.6697,0.0325133
16.6697,0.0324491
16.6709,0.032518
16.6709,0.0324533
16.6721,0.0326466
16.6721,0.0326908
16.6732,0.0328544
16.6732,0.0327476
16.6744,0.0327792
16.6744,0.0326818
16.6756,0.0327215
16.6756,0.0326314
16.6766,0.0326774
16.6766,0.0325928
16.6777,0.0326437
16.6777,0.0325632
16.6789,0.0326178
16.6789,0.0325406
16.6801,0.032723
16.6801,0.0327576
16.6812,0.0329129
16.6812,0.0327988
16.6824,0.032824
16.6824,0.032721
16.6835,0.0327558
16.6835,0.0326614
16.6846,0.0327037
16.6846,0.0326157
16.6857,0.0326638
16.6857,0.0325808
16.687,0.0326332
16.687,0.032554
16.6881,0.0327348
16.6881,0.0327679
16.6892,0.0329219
16.6892,0.0328067
16.6904,0.0328309
16.6904,0.032727
16.6915,0.0327611
16.6915,0.032666
16.6926,0.0327077
16.6926,0.0326193
16.6939,0.0326669
16.6939,0.0325835
16.695,0.0326356
16.695,0.0325561
16.6961,0.0327366
16.6961,0.0327695
16.6972,0.0329233
16.6972,0.0328079
16.699,0.0328319
16.699,0.0327279
16.6995,0.0327619
16.6995,0.0326667
16.7006,0.0327084
16.7006,0.0326198
16.7019,0.0326673
16.7019,0.0325839
16.7036,0.0327609
16.7036,0.0327908
16.7041,0.032942
16.7041,0.0328242
16.7052,0.0328462
16.7052,0.0327404
16.7064,0.0327729
16.7064,0.0326763
16.7075,0.0327167
16.7075,0.0326271
16.7087,0.0326737
16.7087,0.0325895
16.7099,0.0326408
16.7099,0.0325607
16.711,0.0326156
16.711,0.0325387
16.7121,0.0327213
16.7121,0.0326312
16.7132,0.0326773
16.7132,0.0325926
16.7144,0.0326435
16.7144,0.0325631
16.7156,0.0326177
16.7156,0.0325405
16.7167,0.0325979
16.7167,0.0325232
16.7179,0.0325828
16.7179,0.0325099
16.719,0.0325712
16.719,0.0324998
16.7201,0.0326873
16.7201,0.0326014
16.7212,0.0326512
16.7212,0.0325698
16.7224,0.0326236
16.7224,0.0325456
16.7236,0.0326024
16.7236,0.0325271
16.7247,0.0325862
16.7247,0.032513
16.7259,0.0325738
16.7259,0.0325021
16.727,0.0325643
16.727,0.0324938
16.7281,0.0326821
16.7281,0.0325968
16.7292,0.0326472
16.7292,0.0325663
16.731,0.0326205
16.731,0.032543
16.7316,0.0326001
16.7316,0.0325251
16.7327,0.0325844
16.7327,0.0325114
16.7339,0.0325725
16.7339,0.0325009
16.735,0.0325633
16.735,0.0323679
16.7361,0.0324469
16.7361,0.032391
16.7372,0.0324672
16.7372,0.0324088
16.7385,0.0324827
16.7385,0.0324223
16.7396,0.0324945
16.7396,0.0324327
16.7407,0.0325036
16.7407,0.0324407
16.7419,0.0325106
16.7419,0.0324468
16.743,0.0325159
16.743,0.0324514
16.7441,0.032645
16.7441,0.0325644
16.7452,0.0326188
16.7452,0.0325415
16.7465,0.0325988
16.7465,0.0325239
16.7476,0.0325834
16.7476,0.0325105
16.7487,0.0325717
16.7487,0.0325002
16.7499,0.0325627
16.7499,0.0324924
16.751,0.0325558
16.751,0.0324863
16.7521,0.0326756
16.7521,0.0325911
16.7534,0.0326422
16.7534,0.0325619
16.7545,0.0326167
16.7545,0.0325396
16.7556,0.0325972
16.7556,0.0325225
16.7567,0.0325822
16.7567,0.0325094
16.7579,0.0325707
16.7579,0.0324994
16.759,0.032562
16.759,0.0324917
16.7602,0.0326803
16.7602,0.0325952
16.7614,0.0326458
16.7614,0.0325651
16.7625,0.0326195
16.7625,0.032542
16.7636,0.0325993
16.7636,0.0325244
16.7647,0.0325838
16.7647,0.0325108
16.7659,0.032572
16.7659,0.0325005
16.767,0.0325629
16.767,0.0324926
16.7682,0.032681
16.7682,0.0325959
16.7694,0.0326464
16.7694,0.0325656
16.7705,0.0326199
16.7705,0.0325424
16.7716,0.0325996
16.7716,0.0325246
16.7727,0.0325841
16.7727,0.0325111
16.7739,0.0325722
16.7739,0.0325007
16.7751,0.0326881
16.7751,0.0327271
16.7762,0.0328862
16.7762,0.0327754
16.7774,0.0328035
16.7774,0.032703
16.7785,0.0327402
16.7785,0.0326476
16.7796,0.0326917
16.7796,0.0326052
16.7807,0.0326546
16.7807,0.0325727
16.7819,0.0326262
16.7819,0.0325479
16.7831,0.0327294
16.7831,0.0328882
16.7842,0.0330272
16.7842,0.0331488
16.7854,0.0331302
16.7854,0.0331139
16.7865,0.0330997
16.7865,0.0330872
16.7876,0.0330763
16.7876,0.0330668
16.7887,0.0330584
16.7887,0.0330511
16.79,0.0330447
16.79,0.0330391
16.7911,0.0331592
16.7911,0.0332643
16.7922,0.0333563
16.7922,0.0334368
16.7934,0.0333822
16.7934,0.0333344
16.7945,0.0332926
16.7945,0.033256
16.7956,0.033224
16.7956,0.033196
16.7967,0.0331715
16.7967,0.0331501
16.798,0.0331313
16.798,0.0331149
16.7991,0.0332255
16.7991,0.0333223
16.8002,0.0334071
16.8002,0.0334812
16.8014,0.033421
16.8014,0.0333684
16.8025,0.0333223
16.8025,0.0332821
16.8036,0.0332468
16.8036,0.0332159
16.805,0.033189
16.805,0.0331653
16.806,0.0331447
16.806,0.0331266
16.8071,0.0332358
16.8071,0.0333313
16.8082,0.0332899
16.8082,0.0332536
16.8094,0.0332219
16.8094,0.0331942
16.8105,0.0331699
16.8105,0.0331487
16.8116,0.0331301
16.8116,0.0331138
16.8129,0.0330996
16.8129,0.0330872
16.814,0.0330763
16.814,0.0330667
16.8151,0.0331834
16.8151,0.0332855
16.8162,0.0332498
16.8162,0.0332186
16.8174,0.0331912
16.8174,0.0331673
16.8185,0.0331464
16.8185,0.0331281
16.8197,0.0331121
16.8197,0.0330981
16.8209,0.0330858
16.8209,0.0330751
16.822,0.0330657
16.822,0.0330575
16.8231,0.0331753
16.8231,0.0332784
16.8242,0.0332436
16.8242,0.0332131
16.8254,0.0331865
16.8254,0.0331632
16.8265,0.0331428
16.8265,0.0331249
16.8277,0.0331093
16.8277,0.0330957
16.8289,0.0330837
16.8289,0.0330732
16.83,0.0330641
16.83,0.0330561
16.8311,0.0331741
16.8311,0.0332773
16.8322,0.0332426
16.8322,0.0332123
16.8334,0.0331858
16.8334,0.0331625
16.8346,0.0331422
16.8346,0.0331245
16.8357,0.0331089
16.8357,0.0330953
16.8369,0.0330834
16.8369,0.0330729
16.838,0.0330638
16.838,0.0330559
16.8391,0.0331739
16.8391,0.0332771
16.8402,0.0332425
16.8402,0.0332122
16.8415,0.0331857
16.8415,0.0331625
16.8426,0.0331421
16.8426,0.0331244
16.8437,0.0331088
16.8437,0.0330952
16.845,0.0330833
16.845,0.0330729
16.846,0.0330638
16.846,0.0330558
16.8471,0.0331738
16.8471,0.0332771
16.8482,0.0332425
16.8482,0.0332122
16.8495,0.0331856
16.8495,0.0331624
16.8506,0.0331421
16.8506,0.0331244
16.8517,0.0331088
16.8517,0.0330952
16.8529,0.0330833
16.8529,0.0330729
16.854,0.0330638
16.854,0.0330558
16.8551,0.0331738
16.8551,0.0332771
16.8564,0.0332425
16.8564,0.0332122
16.8575,0.0331856
16.8575,0.0331624
16.8586,0.0331421
16.8586,0.0331244
16.8597,0.0331088
16.8597,0.0330952
16.8609,0.0330833
16.8609,0.0330729
16.862,0.0330638
16.862,0.0330558
16.8631,0.0331738
16.8631,0.0332771
16.8644,0.0332425
16.8644,0.0332122
16.8656,0.0331856
16.8656,0.0331624
16.8666,0.0331421
16.8666,0.0331244
16.8677,0.0331088
16.8677,0.0330952
16.8689,0.0330833
16.8689,0.0330729
16.87,0.0330638
16.87,0.0330558
16.8712,0.0331738
16.8712,0.0332771
16.8724,0.0332425
16.8724,0.0332122
16.8735,0.0331856
16.8735,0.0331624
16.8746,0.0331421
16.8746,0.0331244
16.8757,0.0331088
16.8757,0.0330952
16.8769,0.0330833
16.8769,0.0330729
16.878,0.0330638
16.878,0.0330558
16.8792,0.0331738
16.8792,0.0332771
16.8804,0.0332425
16.8804,0.0332122
16.8815,0.0331856
16.8815,0.0331624
16.8826,0.0331421
16.8826,0.0331244
16.8837,0.0331088
16.8837,0.0330952
16.885,0.0330833
16.885,0.0330729
16.8861,0.0331888
16.8861,0.0332902
16.8872,0.0333789
16.8872,0.0334565
16.8884,0.0333995
16.8884,0.0333495
16.8895,0.0333059
16.8895,0.0332676
16.8906,0.0332342
16.8906,0.0332049
16.8917,0.0331793
16.8917,0.0331569
16.8929,0.0331373
16.8929,0.0331201
16.8941,0.0332301
16.8941,0.0333263
16.8952,0.0334105
16.8952,0.0334842
16.8964,0.0334237
16.8964,0.0333707
16.8975,0.0333244
16.8975,0.0332838
16.8986,0.0332484
16.8986,0.0332173
16.8997,0.0331901
16.8997,0.0331664
16.901,0.0331456
16.901,0.0331274
16.9021,0.0332365
16.9021,0.0333319
16.9032,0.0334154
16.9032,0.0334885
16.9044,0.0334274
16.9044,0.033374
16.9056,0.0333272
16.9056,0.0332863
16.9066,0.0332505
16.9066,0.0332192
16.9079,0.0333168
16.9079,0.0332772
16.909,0.0333676
16.909,0.0333216
16.9101,0.0335314
16.9101,0.03359
16.9112,0.0337662
16.9112,0.0337955
16.9124,0.033946
16.9124,0.0338278
16.9135,0.0338493
16.9135,0.0337431
16.9146,0.0337752
16.9146,0.0336783
16.9165,0.0338435
16.9165,0.0338631
16.917,0.0338802
16.917,0.0337702
16.9181,0.0339239
16.9181,0.0339334
16.9186,0.0339417
16.9192,0.033824
16.9199,0.033721
16.9204,0.0336309
16.921,0.033552
16.9215,0.033483
16.9221,0.0335476
16.9227,0.0334792
16.9232,0.0335443
16.9239,0.0334763
16.9244,0.0335417
16.925,0.033474
16.9256,0.0335398
16.9261,0.0335973
16.9274,0.0337726
16.9274,0.033676
16.9279,0.0335915
16.9284,0.0335176
16.929,0.0334529
16.9295,0.0333963
16.9301,0.0334717
16.9307,0.0334128
16.9312,0.0334862
16.9319,0.0334254
16.9324,0.0334972
16.933,0.0334351
16.9335,0.0335057
16.9341,0.0335675
16.9347,0.0336215
16.9352,0.0335439
16.9359,0.0334759
16.9364,0.0334164
16.937,0.0333643
16.9376,0.0333188
16.9381,0.0334039
16.9387,0.0333535
16.9399,0.0334343
16.94,0.03338
16.9404,0.0334575
16.941,0.0334003
16.9416,0.0334753
16.9421,0.0335409
16.9427,0.0335982
16.9432,0.0335235
16.9439,0.033458
16.9444,0.0334008
16.945,0.0333507
16.9456,0.0333068
16.9461,0.0333935
16.9467,0.0333443
16.9472,0.0334263
16.9479,0.033373
16.9485,0.0334514
16.949,0.0332699
16.9496,0.0332362
16.9501,0.0333317
16.9507,0.0334152
16.9512,0.0333633
16.9519,0.0333179
16.9525,0.0334032
16.953,0.0333528
16.9536,0.0334337
16.9541,0.0335045
16.9547,0.0335664
16.9552,0.0336206
16.9559,0.033543
16.9565,0.0336001
16.957,0.0335251
16.9576,0.0335845
16.9581,0.0336364
16.9587,0.0336819
16.9592,0.0337216
16.9605,0.0337564
16.9612,0.0337869
16.9612,0.0338135
16.9616,0.0338368
16.9621,0.0338572
16.9627,0.0338751
16.9634,0.0338907
16.9639,0.0337794
16.9645,0.0338069
16.965,0.0337061
16.9656,0.0337428
16.9661,0.033775
16.9667,0.0338031
16.9674,0.0338277
16.9679,0.0337242
16.9685,0.0337587
16.969,0.0336639
16.9696,0.0337059
16.9701,0.0337426
16.9707,0.0337748
16.9714,0.033803
16.9719,0.0337026
16.9725,0.0337398
16.973,0.0336473
16.9736,0.0336914
16.9741,0.03373
16.9747,0.0337637
16.9754,0.0337932
16.9759,0.0336941
16.9765,0.0337323
16.977,0.0336408
16.9776,0.0336857
16.9782,0.033725
16.9787,0.0337594
16.9794,0.0337894
16.9799,0.0336908
16.9805,0.0337294
16.981,0.0336382
16.9822,0.0338085
16.9824,0.0338324
16.9827,0.0338533
16.9834,0.0338717
16.9839,0.0337627
16.9845,0.0337924
16.985,0.0336933
16.9856,0.0337317
16.9862,0.0337652
16.9867,0.0337946
16.9874,0.0338202
16.9879,0.0337177
16.9885,0.033753
16.9891,0.0337839
16.9896,0.0338109
16.9902,0.0338345
16.9907,0.0338552
16.9914,0.0338733
16.9919,0.0337641
16.9925,0.0337936
16.9931,0.0338194
16.9936,0.033717
16.9942,0.0336274
16.9947,0.0335489
16.9954,0.0336053
16.9959,0.0335297
16.9965,0.0335885
16.9971,0.0336399
16.9976,0.0336849
16.9982,0.0337243
16.9987,0.0337588
16.9994,0.0337889
16.9999,0.0336903
17.0005,0.033729
17.0011,0.0337629
17.0016,0.0337925
17.0022,0.0338185
17.0027,0.0338411
17.0034,0.033861
17.004,0.0337534
17.0045,0.0337842
17.0051,0.0338112
17.0056,0.0338348
17.0062,0.0338554
17.0067,0.0338735
17.0074,0.0338893
17.008,0.0337782
17.0085,0.0338059
17.0091,0.0338301
17.0096,0.0338514
17.0102,0.03387
17.0107,0.0338862
17.0114,0.0339004
17.012,0.0337879
17.0125,0.0338144
17.0131,0.0338376
17.0136,0.0338579
17.0142,0.0338757
17.0154,0.0340162
17.0154,0.0338892
17.0165,0.033903
17.0165,0.0339151
17.0176,0.0339258
17.0176,0.033935
17.0189,0.0339432
17.0189,0.0339503
17.02,0.0339565
17.02,0.0338369
17.0211,0.0339823
17.0211,0.0339845
17.0222,0.0341114
17.0222,0.0340975
17.0234,0.0340853
17.0234,0.0340747
17.0245,0.0340653
17.0245,0.0340572
17.0256,0.03405
17.0256,0.0340438
17.0269,0.0340383
17.0269,0.0339085
17.028,0.0339199
17.028,0.0338049
17.0291,0.0339543
17.0291,0.03396
17.0302,0.03409
17.0302,0.0340788
17.0314,0.0340689
17.0314,0.0340603
17.0325,0.0340528
17.0325,0.0340462
17.0337,0.0340404
17.0337,0.0340354
17.035,0.0341559
17.035,0.0341364
17.036,0.0341194
17.036,0.0341045
17.0371,0.0342164
17.0371,0.0343144
17.0382,0.0344001
17.0382,0.0344751
17.0394,0.0345407
17.0394,0.0344731
17.0405,0.0345389
17.0405,0.0344716
17.0417,0.0345376
17.0417,0.0344704
17.0429,0.0345366
17.0429,0.0344695
17.044,0.0344109
17.044,0.0343595
17.0451,0.0344396
17.0451,0.0345096
17.0462,0.0345709
17.0462,0.0346245
17.0474,0.0346715
17.0474,0.0345875
17.0486,0.0346391
17.0486,0.0345592
17.0497,0.0344893
17.0497,0.0344281
17.0509,0.0343746
17.0509,0.0343278
17.052,0.0342868
17.052,0.034251
17.0531,0.0343446
17.0531,0.0344265
17.0542,0.0344982
17.0542,0.0345609
17.0556,0.0344908
17.0556,0.0344295
17.0566,0.0343758
17.0566,0.0343288
17.0577,0.0342877
17.0577,0.0342517
17.0589,0.0342203
17.0589,0.0341927
17.06,0.0341686
17.06,0.0341476
17.0611,0.0342541
17.0611,0.0343474
17.0622,0.0344289
17.0622,0.0345003
17.0635,0.0344378
17.0635,0.0343831
17.0646,0.0343352
17.0646,0.0342933
17.0657,0.0342566
17.0657,0.0342245
17.0669,0.0341965
17.0669,0.0341719
17.068,0.0341504
17.068,0.0341316
17.0691,0.0342402
17.0691,0.0343351
17.0704,0.0344183
17.0704,0.034491
17.0715,0.0344296
17.0715,0.0343759
17.0726,0.0343289
17.0726,0.0342878
17.0737,0.0342518
17.0737,0.0342203
17.075,0.0341928
17.075,0.0341687
17.076,0.0341476
17.076,0.0341292
17.0771,0.034238
17.0771,0.0343333
17.0784,0.0344166
17.0784,0.0344895
17.0795,0.0344283
17.0795,0.0343748
17.0806,0.0343279
17.0806,0.034287
17.0817,0.0342511
17.0817,0.0342197
17.0829,0.0341922
17.0829,0.0341682
17.084,0.0341472
17.084,0.0341288
17.0852,0.0342377
17.0852,0.034333
17.0864,0.0344163
17.0864,0.0344893
17.0875,0.0344281
17.0875,0.0343746
17.0886,0.0343278
17.0886,0.0342868
17.0897,0.034251
17.0897,0.0342196
17.0909,0.0341921
17.0909,0.0341681
17.092,0.0341471
17.092,0.0341287
17.0932,0.0342376
17.0932,0.0343329
17.0944,0.0344163
17.0944,0.0344893
17.0956,0.0344281
17.0956,0.0343746
17.0966,0.0343278
17.0966,0.0342868
17.0977,0.034251
17.0977,0.0342196
17.0989,0.0341921
17.0989,0.0341681
17.1001,0.0342721
17.1001,0.0343631
17.1012,0.0344427
17.1012,0.0345124
17.1024,0.0345733
17.1024,0.0346267
17.1035,0.0345483
17.1035,0.0344798
17.1046,0.0344198
17.1046,0.0343673
17.1057,0.0343214
17.1057,0.0342812
17.1069,0.0342461
17.1069,0.0342153
17.1081,0.0343134
17.1081,0.0343992
17.1092,0.0344743
17.1092,0.03454
17.1104,0.0345975
17.1104,0.0346478
17.1115,0.0345669
17.1115,0.034496
17.1126,0.034434
17.1126,0.0343797
17.1137,0.0343323
17.1137,0.0342907
17.115,0.0342544
17.115,0.0342226
17.1161,0.0343198
17.1161,0.0344048
17.1172,0.0344792
17.1172,0.0345443
17.1184,0.0346013
17.1184,0.0346511
17.1195,0.0345697
17.1195,0.0344985
17.1206,0.0344362
17.1206,0.0343817
17.1217,0.034334
17.1217,0.0342922
17.123,0.0342557
17.123,0.0342237
17.1241,0.0343208
17.1241,0.0344057
17.1252,0.03448
17.1252,0.034545
17.1264,0.0346018
17.1264,0.0346516
17.1275,0.0345702
17.1275,0.0344989
17.1286,0.0344365
17.1286,0.034382
17.1299,0.0343342
17.1299,0.0342924
17.131,0.0342559
17.131,0.0342239
17.1321,0.0343209
17.1321,0.0344058
17.1332,0.0344801
17.1332,0.0345451
17.1344,0.0344769
17.1344,0.0344173
17.1356,0.0343651
17.1356,0.0343195
17.1367,0.0342796
17.1367,0.0342446
17.1379,0.034214
17.1379,0.0341873
17.139,0.0341639
17.139,0.0341434
17.1401,0.0342505
17.1401,0.0343442
17.1412,0.0344261
17.1412,0.0344979
17.1424,0.0344356
17.1424,0.0343812
17.1435,0.0343335
17.1435,0.0342918
17.1447,0.0342554
17.1447,0.0342234
17.1459,0.0341955
17.1459,0.0341711
17.147,0.0341497
17.147,0.034131
17.1481,0.0342396
17.1481,0.0343347
17.1492,0.0344178
17.1492,0.0344906
17.1504,0.0344293
17.1504,0.0343756
17.1516,0.0343287
17.1516,0.0342876
17.1527,0.0342516
17.1527,0.0342202
17.1539,0.0341927
17.1539,0.0341686
17.155,0.0341475
17.155,0.0341291
17.1561,0.0342379
17.1561,0.0343332
17.1572,0.0344165
17.1572,0.0344895
17.1584,0.0344283
17.1584,0.0343747
17.1596,0.0343279
17.1596,0.0342869
17.1607,0.0342511
17.1607,0.0342197
17.1619,0.0341922
17.1619,0.0341682
17.163,0.0342722
17.163,0.0342381
17.1641,0.0344584
17.1641,0.0345261
17.1652,0.0347103
17.1652,0.0347465
17.1665,0.0349032
17.1665,0.0347903
17.1676,0.0348165
17.1676,0.0347145
17.1687,0.0347501
17.1687,0.0346564
17.1699,0.0346993
17.1699,0.0346119
17.171,0.0346604
17.171,0.0345779
17.1721,0.0347556
17.1721,0.0347862
17.1732,0.0349379
17.1732,0.0349457
17.1745,0.0350775
17.1745,0.0349428
17.1756,0.0349499
17.1756,0.0348312
17.1767,0.0348523
17.1767,0.0347458
17.1779,0.0347775
17.1779,0.0346803
17.179,0.0347203
17.179,0.0346303
17.1801,0.0348015
17.1801,0.0348263
17.1814,0.034973
17.1814,0.0349764
17.1825,0.0351043
17.1825,0.0349663
17.1836,0.0349705
17.1836,0.0348492
17.1847,0.034868
17.1847,0.0347595
17.1859,0.0347896
17.1859,0.0346909
17.187,0.0347295
17.187,0.0346383
17.1881,0.0348085
17.1881,0.0348325
17.1894,0.0349784
17.1894,0.0349811
17.1905,0.0351085
17.1905,0.0349699
17.1916,0.0349737
17.1916,0.034852
17.1927,0.0348705
17.1927,0.0347617
17.1939,0.0347915
17.1939,0.0346925
17.195,0.034731
17.195,0.0346396
17.1962,0.0348096
17.1962,0.0348334
17.1974,0.0349793
17.1974,0.0349818
17.1985,0.0351091
17.1985,0.0349705
17.1996,0.0349742
17.1996,0.0348524
17.2007,0.0348708
17.2007,0.034762
17.2019,0.0347917
17.2019,0.0346928
17.2031,0.0348562
17.2031,0.0348742
17.2042,0.0350149
17.2042,0.035013
17.2054,0.0351364
17.2054,0.0351193
17.2065,0.0352294
17.2065,0.0350757
17.2076,0.0350663
17.2076,0.034933
17.2087,0.0349414
17.2087,0.0348237
17.2099,0.0348457
17.2099,0.03474
17.2111,0.0348975
17.2111,0.0349103
17.2122,0.0350465
17.2122,0.0350407
17.2134,0.0351606
17.2134,0.0351405
17.2145,0.035248
17.2145,0.035092
17.2156,0.0350805
17.2156,0.0349454
17.2167,0.0349522
17.2167,0.0348332
17.218,0.0348541
17.218,0.0347473
17.2191,0.0349039
17.2191,0.0349159
17.2202,0.0350514
17.2202,0.035045
17.2214,0.0351644
17.2214,0.0351438
17.2225,0.0352508
17.2225,0.0350945
17.2236,0.0350827
17.2236,0.0349473
17.2247,0.0349539
17.2247,0.0348347
17.226,0.0348553
17.226,0.0347484
17.2271,0.0349049
17.2271,0.0349168
17.2282,0.0350522
17.2282,0.0350456
17.2294,0.0351649
17.2294,0.0351443
17.2305,0.0352513
17.2305,0.0350949
17.2316,0.035083
17.2316,0.0349476
17.2329,0.0349542
17.2329,0.0348349
17.234,0.0348555
17.234,0.0347486
17.2351,0.034905
17.2351,0.0349169
17.2362,0.0350523
17.2362,0.0350457
17.2374,0.035165
17.2374,0.0350194
17.2385,0.035017
17.2385,0.0348899
17.2396,0.0349036
17.2396,0.0347907
17.2409,0.0348168
17.2409,0.0347147
17.242,0.0347504
17.242,0.0346566
17.2431,0.0348245
17.2431,0.0348464
17.2442,0.0349906
17.2442,0.0349918
17.2454,0.0351178
17.2454,0.0349781
17.2465,0.0349808
17.2465,0.0348582
17.2477,0.034876
17.2477,0.0347665
17.2489,0.0347957
17.2489,0.0346962
17.25,0.0347342
17.25,0.0346424
17.2511,0.0348121
17.2511,0.0348356
17.2522,0.0349811
17.2522,0.0349835
17.2534,0.0351106
17.2534,0.0349717
17.2545,0.0349753
17.2545,0.0348534
17.2557,0.0348717
17.2557,0.0347627
17.2569,0.0347924
17.2569,0.0346933
17.258,0.0347317
17.258,0.0346402
17.2591,0.0348102
17.2591,0.0348339
17.2602,0.0349797
17.2602,0.0349822
17.2614,0.0351094
17.2614,0.0349708
17.2626,0.0349744
17.2626,0.0348526
17.2637,0.034871
17.2637,0.0347622
17.265,0.0347919
17.265,0.0346929
17.266,0.0347313
17.266,0.0346399
17.2671,0.0348099
17.2671,0.0348337
17.2682,0.0349794
17.2682,0.034982
17.2694,0.0351093
17.2694,0.0349706
17.2706,0.0349743
17.2706,0.0348525
17.2717,0.0348709
17.2717,0.0347621
17.2729,0.0347918
17.2729,0.0346928
17.274,0.0347312
17.274,0.0346398
17.2751,0.0348098
17.2751,0.0348336
17.2762,0.0349794
17.2762,0.034982
17.2775,0.0351092
17.2775,0.0349706
17.2786,0.0349743
17.2786,0.0348525
17.2797,0.0348709
17.2797,0.0347621
17.2809,0.0347918
17.2809,0.0346928
17.282,0.0347312
17.282,0.0346398
17.2831,0.0348098
17.2831,0.0348336
17.2844,0.0349794
17.2844,0.034982
17.2856,0.0351092
17.2856,0.0349706
17.2866,0.0349743
17.2866,0.0348525
17.2877,0.0348709
17.2877,0.034762
17.2889,0.0347918
17.2889,0.0346928
17.29,0.0347312
17.29,0.0346398
17.2911,0.0348098
17.2911,0.0348336
17.2924,0.0349794
17.2924,0.034982
17.2935,0.0351092
17.2935,0.0352206
17.2946,0.035193
17.2946,0.0351689
17.2957,0.0351478
17.2957,0.0351293
17.2969,0.0351131
17.2969,0.035099
17.298,0.0350866
17.298,0.0350758
17.2992,0.0351913
17.2992,0.0352924
17.3004,0.0353808
17.3004,0.0354582
17.3015,0.035526
17.3015,0.0355852
17.3026,0.0355121
17.3026,0.0354481
17.3037,0.035392
17.3037,0.035343
17.305,0.0353002
17.305,0.0352626
17.306,0.0352298
17.306,0.0352011
17.3072,0.0353009
17.3072,0.0353883
17.3084,0.0354648
17.3084,0.0355317
17.3095,0.0355902
17.3095,0.0356414
17.3106,0.0355613
17.3106,0.0354911
17.3117,0.0354297
17.3117,0.035376
17.3129,0.035329
17.3129,0.0352879
17.3141,0.0353769
17.3141,0.0354548
17.3152,0.0355229
17.3152,0.0355826
17.3164,0.0356347
17.3164,0.0356804
17.3175,0.0357203
17.3175,0.0357553
17.3186,0.0356609
17.3186,0.0355783
17.3197,0.035506
17.3197,0.0354427
17.3215,0.0355124
17.3215,0.0355733
17.3221,0.0356267
17.3221,0.0356733
17.3232,0.0357142
17.3232,0.0357499
17.3244,0.0357812
17.3244,0.0358085
17.3256,0.0358325
17.3256,0.0358534
17.3266,0.0357467
17.3266,0.0356534
17.3277,0.0355717
17.3277,0.0355002
17.329,0.0354377
17.329,0.035383
17.3301,0.0354601
17.3301,0.0355276
17.3312,0.0355867
17.3312,0.0356383
17.3324,0.0356835
17.3324,0.0357231
17.3335,0.0357577
17.3335,0.035788
17.3346,0.0356895
17.3346,0.0356033
17.3357,0.0355279
17.3357,0.0354619
17.337,0.0354042
17.337,0.0353536
17.3381,0.0354344
17.3381,0.0355051
17.3392,0.035567
17.3392,0.0356211
17.3404,0.0356685
17.3404,0.0357099
17.3415,0.0357462
17.3415,0.0357779
17.3426,0.0356807
17.3426,0.0355956
17.3439,0.0355211
17.3439,0.035456
17.345,0.035399
17.345,0.0353491
17.3461,0.0354305
17.3461,0.0355017
17.3472,0.035564
17.3472,0.0356185
17.3484,0.0356662
17.3484,0.0357079
17.3495,0.0356194
17.3495,0.035542
17.3507,0.0354742
17.3507,0.0354149
17.3519,0.0353631
17.3519,0.0353177
17.353,0.035278
17.353,0.0352432
17.3541,0.0353378
17.3541,0.0354206
17.3552,0.035493
17.3552,0.0355564
17.3564,0.0354868
17.3564,0.035426
17.3575,0.0353727
17.3575,0.0353261
17.3587,0.0352854
17.3587,0.0352497
17.3599,0.0352185
17.3599,0.0351912
17.361,0.0351673
17.361,0.0351464
17.3621,0.0352531
17.3621,0.0353464
17.3632,0.0354281
17.3632,0.0354996
17.3644,0.0355622
17.3644,0.0356169
17.3656,0.0355398
17.3656,0.0354723
17.3667,0.0354133
17.3667,0.0353616
17.3679,0.0353164
17.3679,0.0352769
17.369,0.0352422
17.369,0.035212
17.3701,0.0353105
17.3701,0.0353967
17.3712,0.0354721
17.3712,0.0355381
17.3724,0.0355958
17.3724,0.0356463
17.3736,0.0355655
17.3736,0.0354948
17.3747,0.035433
17.3747,0.0353789
17.3759,0.0353315
17.3759,0.0352901
17.377,0.0352538
17.377,0.0352221
17.3781,0.0353193
17.3781,0.0354044
17.3792,0.0354789
17.3792,0.035544
17.3805,0.035601
17.3805,0.0356509
17.3816,0.0355695
17.3816,0.0354983
17.3827,0.035436
17.3827,0.0353815
17.3839,0.0353338
17.3839,0.0352921
17.385,0.0352556
17.385,0.0352236
17.3861,0.0353207
17.3861,0.0354056
17.3872,0.0354799
17.3872,0.0355449
17.3885,0.0356018
17.3885,0.0356516
17.3896,0.0355701
17.3896,0.0354989
17.3907,0.0354365
17.3907,0.0353819
17.3919,0.0353342
17.3919,0.0352924
17.393,0.0352559
17.393,0.0352239
17.3941,0.0353209
17.3941,0.0354058
17.3954,0.0354801
17.3954,0.0355451
17.3965,0.0356019
17.3965,0.0356517
17.3976,0.0355702
17.3976,0.0354989
17.3987,0.0354366
17.3987,0.035382
17.3999,0.0353343
17.3999,0.0352925
17.401,0.0352559
17.401,0.0352239
17.4021,0.0353209
17.4021,0.0354058
17.4034,0.0354801
17.4034,0.0355451
17.4045,0.0356019
17.4045,0.0356517
17.4056,0.0355702
17.4056,0.035499
17.4067,0.0354366
17.4067,0.035382
17.4079,0.0353343
17.4079,0.0352925
17.409,0.0352559
17.409,0.0352239
17.4109,0.0353209
17.4109,0.0354058
17.4114,0.0354801
17.4114,0.0355451
17.4125,0.0356019
17.4125,0.0356517
17.4136,0.0355702
17.4136,0.035499
17.4147,0.0354366
17.4147,0.035382
17.4159,0.0353343
17.4159,0.0352925
17.417,0.0352559
17.417,0.0352239
17.4182,0.0353209
17.4182,0.0354058
17.4194,0.0354801
17.4194,0.0355451
17.4205,0.0356019
17.4205,0.0356517
17.4216,0.0355702
17.4216,0.035499
17.4227,0.0354366
17.4227,0.035382
17.4239,0.0353343
17.4239,0.0352925
17.4251,0.0353809
17.4251,0.0354583
17.4262,0.035651
17.4262,0.0356946
17.4274,0.0358578
17.4274,0.0358756
17.4285,0.0360161
17.4285,0.0360141
17.4296,0.0361374
17.4296,0.0359952
17.4307,0.0359958
17.4307,0.0358713
17.432,0.0358874
17.432,0.0357765
17.4331,0.0359294
17.4331,0.0359382
17.4342,0.036071
17.4342,0.0360621
17.4354,0.0361793
17.4354,0.0361569
17.4365,0.0362623
17.4365,0.0362295
17.4376,0.0363258
17.4376,0.0361601
17.4387,0.0361401
17.4387,0.0359976
17.44,0.0359979
17.44,0.0358731
17.4411,0.036014
17.4411,0.0360122
17.4422,0.0361357
17.4422,0.0361187
17.4434,0.0362289
17.4434,0.0362003
17.4445,0.0363003
17.4445,0.0362627
17.4456,0.0363549
17.4456,0.0361855
17.4469,0.0361623
17.4469,0.036017
17.448,0.0360149
17.448,0.035888
17.4491,0.036027
17.4491,0.0360237
17.4502,0.0361457
17.4502,0.0361275
17.4514,0.0362366
17.4514,0.036207
17.4525,0.0363061
17.4525,0.0362678
17.4536,0.0363594
17.4536,0.0361894
17.455,0.0361658
17.455,0.03602
17.456,0.0360175
17.456,0.0358903
17.4571,0.036029
17.4571,0.0360254
17.4582,0.0361472
17.4582,0.0361288
17.4594,0.0362377
17.4594,0.036208
17.4605,0.036307
17.4605,0.0361436
17.4617,0.0361257
17.4617,0.035985
17.4629,0.0359868
17.4629,0.0358635
17.464,0.0358806
17.464,0.0357705
17.4651,0.0359242
17.4651,0.0359337
17.4662,0.0360669
17.4662,0.0360586
17.4674,0.0361763
17.4674,0.0361542
17.4685,0.0362599
17.4685,0.0361025
17.4697,0.0360896
17.4697,0.0359534
17.4709,0.0359593
17.4709,0.0358393
17.472,0.0358594
17.472,0.035752
17.4731,0.035908
17.4731,0.0359195
17.4742,0.0360546
17.4742,0.0360477
17.4754,0.0361668
17.4754,0.0361459
17.4766,0.0362527
17.4766,0.0360961
17.4777,0.0360841
17.4777,0.0359486
17.4789,0.035955
17.4789,0.0358356
17.48,0.0358562
17.48,0.0357492
17.4811,0.0359055
17.4811,0.0359173
17.4822,0.0360527
17.4822,0.0360461
17.4834,0.0361653
17.4834,0.0361446
17.4846,0.0362516
17.4846,0.0360951
17.4857,0.0360832
17.4857,0.0359478
17.4869,0.0359543
17.4869,0.0358351
17.488,0.0358557
17.488,0.0357487
17.4891,0.0359051
17.4891,0.035917
17.4902,0.0360524
17.4902,0.0360458
17.4915,0.0361651
17.4915,0.0361445
17.4926,0.0362514
17.4926,0.036095
17.4937,0.0360831
17.4937,0.0359477
17.495,0.0359542
17.495,0.035835
17.496,0.0358556
17.496,0.0357486
17.4971,0.0359051
17.4971,0.0359169
17.4984,0.0360523
17.4984,0.0360458
17.4995,0.0361651
17.4995,0.0361444
17.5006,0.0362514
17.5006,0.0360949
17.5017,0.0360831
17.5017,0.0359477
17.5029,0.0359542
17.5029,0.0358349
17.504,0.0358556
17.504,0.0357486
17.5051,0.0359051
17.5051,0.0359169
17.5064,0.0360523
17.5064,0.0360458
17.5075,0.036165
17.5075,0.0361444
17.5086,0.0362514
17.5086,0.0360949
17.5097,0.0360831
17.5097,0.0359477
17.5109,0.0359542
17.5109,0.0358349
17.512,0.0358556
17.512,0.0357486
17.5132,0.0359051
17.5132,0.0359169
17.5144,0.0360523
17.5144,0.0360458
17.5156,0.036165
17.5156,0.0361444
17.5166,0.0362514
17.5166,0.0360949
17.5177,0.0360831
17.5177,0.0359477
17.5189,0.0359542
17.5189,0.0358349
17.52,0.0358556
17.52,0.0357486
17.5212,0.0359051
17.5212,0.0359169
17.5224,0.0360523
17.5224,0.0360458
17.5235,0.036165
17.5235,0.0361444
17.5246,0.0362514
17.5246,0.0360949
17.5257,0.0360831
17.5257,0.0359477
17.5269,0.0359542
17.5269,0.0358349
17.5281,0.0359806
17.5281,0.035983
17.5292,0.0361101
17.5292,0.0360964
17.5304,0.0362093
17.5304,0.0361832
17.5315,0.0362853
17.5315,0.0362496
17.5326,0.0363434
17.5326,0.0361755
17.5337,0.0361535
17.5337,0.0360093
17.535,0.0360082
17.535,0.0358822
17.5361,0.0360219
17.5361,0.0360191
17.5372,0.0361418
17.5372,0.036124
17.5384,0.0362335
17.5384,0.0362043
17.5395,0.0363038
17.5395,0.0362658
17.5406,0.0363576
17.5406,0.0361879
17.5417,0.0361644
17.5417,0.0360189
17.543,0.0360165
17.543,0.0358894
17.5441,0.0360283
17.5441,0.0360247
17.5452,0.0361466
17.5452,0.0361283
17.5464,0.0362373
17.5464,0.0362076
17.5475,0.0363067
17.5475,0.0362683
17.5486,0.0363598
17.5486,0.0361898
17.5497,0.0361661
17.5497,0.0360203
17.551,0.0360178
17.551,0.0358906
17.5521,0.0360292
17.5521,0.0360256
17.5532,0.0361474
17.5532,0.036129
17.5544,0.0362378
17.5544,0.0362081
17.5556,0.0363071
17.5556,0.0362687
17.5566,0.0363601
17.5566,0.0361901
17.5579,0.0361663
17.5579,0.0360205
17.559,0.036018
17.559,0.0358907
17.5601,0.0360294
17.5601,0.0360257
17.5612,0.0361475
17.5612,0.0362541
17.5624,0.0363473
17.5624,0.0364289
17.5635,0.0365003
17.5635,0.0365627
17.5646,0.0364924
17.5646,0.0364309
17.5659,0.036377
17.5659,0.0363299
17.567,0.0362886
17.567,0.0362526
17.5681,0.036346
17.5681,0.0364277
17.5692,0.0364993
17.5692,0.0365619
17.5704,0.0366166
17.5704,0.0366645
17.5715,0.0367065
17.5715,0.0367432
17.5727,0.0366503
17.5727,0.036569
17.5739,0.0364979
17.5739,0.0364356
17.575,0.0363812
17.575,0.0363335
17.5761,0.0364168
17.5761,0.0364897
17.5772,0.0365535
17.5772,0.0366093
17.5784,0.0366582
17.5784,0.0367009
17.5796,0.0367383
17.5796,0.036771
17.5807,0.0366746
17.5807,0.0365903
17.5819,0.0365165
17.5819,0.0364519
17.583,0.0363954
17.583,0.036346
17.5841,0.0364278
17.5841,0.0364993
17.5859,0.0365619
17.5859,0.0366166
17.5864,0.0366646
17.5864,0.0367065
17.5876,0.0367432
17.5876,0.0367753
17.5894,0.0368034
17.5894,0.0368279
17.5905,0.0368495
17.5905,0.0368683
17.591,0.0367597
17.591,0.0366648
17.5921,0.0367067
17.5921,0.0367433
17.6296,0.0366504
17.6305,0.0366941
17.6305,0.0367324
17.6322,0.0368908
17.6322,0.0369045
17.6334,0.0370414
17.6334,0.0370362
17.6339,0.0370317
17.6339,0.0366527
17.6351,0.0353211
17.6351,0.034156
17.6362,0.0331365
17.6362,0.0322444
17.6374,0.0314639
17.6374,0.0306559
17.6385,0.0299489
17.6385,0.0293303
17.6396,0.028914
17.6396,0.0284248
17.6407,0.0279967
17.6407,0.0276221
17.6419,0.0272943
17.6419,0.0268825
17.6431,0.0266472
17.6431,0.0264413
17.6442,0.0263861
17.6442,0.0262129
17.6454,0.0261863
17.6454,0.026038
17.6465,0.0259082
17.6465,0.0257947
17.6476,0.0256954
17.6476,0.0256084
17.6487,0.0255324
17.6487,0.0254658
17.65,0.0254076
17.65,0.0252317
17.6511,0.0253277
17.6511,0.0254117
17.6522,0.0254853
17.6522,0.0255496
17.6534,0.0256059
17.6534,0.0255302
17.6545,0.0255889
17.6545,0.0255153
17.6556,0.0255759
17.6556,0.0255039
17.6567,0.0255659
17.6567,0.0253702
17.658,0.0253239
17.658,0.0251584
17.6591,0.0252636
17.6591,0.0253557
17.6602,0.0255612
17.6602,0.025491
17.6614,0.0255547
17.6614,0.0254853
17.6625,0.0255497
17.6625,0.025481
17.6636,0.0255458
17.6636,0.0254776
17.665,0.0255429
17.665,0.025475
17.666,0.0255407
17.666,0.0254731
17.6671,0.0256639
17.6671,0.0257059
17.6682,0.0258677
17.6682,0.0257592
17.6694,0.0257893
17.6694,0.0256907
17.6705,0.0257293
17.6705,0.0256382
17.6716,0.0256834
17.6716,0.025598
17.6729,0.0256482
17.6729,0.0255672
17.674,0.0256213
17.674,0.0255436
17.6751,0.0257257
17.6751,0.02576
17.6762,0.025915
17.6762,0.0258006
17.6774,0.0258255
17.6774,0.0258473
17.6785,0.0258664
17.6785,0.0258831
17.6797,0.0258977
17.6797,0.0259105
17.6809,0.0259217
17.6809,0.0259315
17.682,0.02594
17.682,0.0259475
17.6831,0.0260791
17.6831,0.0261942
17.6842,0.0262949
17.6842,0.0263831
17.6854,0.0263352
17.6854,0.0262933
17.6866,0.0262566
17.6866,0.0262245
17.6877,0.0261965
17.6877,0.0261719
17.6889,0.0261504
17.6889,0.0261316
17.69,0.0261152
17.69,0.0261008
17.6911,0.0262132
17.6911,0.0263115
17.6922,0.0263976
17.6922,0.0264729
17.6934,0.0264138
17.6934,0.0263621
17.6946,0.0263168
17.6946,0.0262772
17.6957,0.0262425
17.6957,0.0262122
17.6969,0.0261857
17.6969,0.0261625
17.698,0.0261422
17.698,0.0261244
17.6991,0.0262339
17.6991,0.0263296
17.7002,0.0264134
17.7002,0.0264867
17.7015,0.0264259
17.7015,0.0263727
17.7026,0.0263261
17.7026,0.0262853
17.7037,0.0262497
17.7037,0.0262184
17.705,0.0261911
17.705,0.0261672
17.706,0.0261463
17.706,0.026128
17.7071,0.026237
17.7071,0.0263324
17.7082,0.0264159
17.7082,0.0264889
17.7095,0.0264278
17.7095,0.0263743
17.7106,0.0263275
17.7106,0.0262866
17.7117,0.0262507
17.7117,0.0262194
17.7129,0.026192
17.7129,0.026168
17.714,0.026147
17.714,0.0261286
17.7151,0.0262375
17.7151,0.0263328
17.7164,0.0264162
17.7164,0.0264892
17.7175,0.0264281
17.7175,0.0263745
17.7186,0.0263277
17.7186,0.0262868
17.7197,0.0262509
17.7197,0.0262196
17.7209,0.0261921
17.7209,0.0261681
17.722,0.0261471
17.722,0.0261287
17.7231,0.0262376
17.7231,0.0263329
17.7244,0.0264163
17.7244,0.0264893
17.7256,0.0264281
17.7256,0.0263746
17.7266,0.0263278
17.7266,0.0262868
17.7277,0.0262509
17.7277,0.0262196
17.7289,0.0261921
17.7289,0.0261681
17.73,0.0261471
17.73,0.0261287
17.7312,0.0262376
17.7312,0.0263329
17.7324,0.0264163
17.7324,0.0264893
17.7335,0.0264281
17.7335,0.0263746
17.7346,0.0263278
17.7346,0.0262868
17.7357,0.0262509
17.7357,0.0262196
17.7369,0.0261921
17.7369,0.0261681
17.738,0.0261471
17.738,0.0261287
17.7392,0.0262376
17.7392,0.0263329
17.7404,0.0264163
17.7404,0.0264893
17.7415,0.0264281
17.7415,0.0263746
17.7426,0.0263278
17.7426,0.0262868
17.7437,0.0262509
17.7437,0.0262196
17.745,0.0261921
17.745,0.0261681
17.7461,0.0262721
17.7461,0.0263631
17.7472,0.0264427
17.7472,0.0265124
17.7484,0.0265733
17.7484,0.0266267
17.7495,0.0265483
17.7495,0.0264798
17.7506,0.0264198
17.7506,0.0263673
17.7517,0.0263214
17.7517,0.0262812
17.753,0.0262461
17.753,0.0262153
17.7541,0.0263134
17.7541,0.0263992
17.7552,0.0264743
17.7552,0.02654
17.7564,0.0265975
17.7564,0.0266478
17.7575,0.0265669
17.7575,0.026496
17.7586,0.026434
17.7586,0.0263797
17.7597,0.0264573
17.7597,0.0264001
17.761,0.0264751
17.761,0.0264157
17.7621,0.0266138
17.7621,0.026662
17.7632,0.0268293
17.7632,0.0268506
17.7644,0.0269943
17.7644,0.026995
17.7656,0.0271206
17.7656,0.0269805
17.7666,0.026983
17.7666,0.0268601
17.7679,0.0268776
17.7679,0.0267679
17.769,0.0267969
17.769,0.0266973
17.7701,0.0268601
17.7701,0.0268776
17.7712,0.0270179
17.7712,0.0270157
17.7724,0.0271387
17.7724,0.0269964
17.7735,0.0269968
17.7735,0.0268722
17.7746,0.0268882
17.7746,0.0267772
17.7759,0.026805
17.7759,0.0267044
17.777,0.0267413
17.777,0.0266487
17.7781,0.0268176
17.7781,0.0268404
17.7792,0.0269853
17.7792,0.0269872
17.7804,0.0271138
17.7804,0.0269746
17.7815,0.0269777
17.7815,0.0268555
17.7827,0.0268736
17.7827,0.0267644
17.7839,0.0267938
17.7839,0.0266946
17.785,0.0267328
17.785,0.0266412
17.7861,0.026811
17.7861,0.0268347
17.7872,0.0269803
17.7872,0.0269828
17.7884,0.0271099
17.7884,0.0269712
17.7895,0.0269748
17.7895,0.0268529
17.7907,0.0268713
17.7907,0.0267624
17.7919,0.0267921
17.7919,0.0266931
17.793,0.0267315
17.793,0.02664
17.7941,0.02681
17.7941,0.0268338
17.7952,0.0269795
17.7952,0.0269821
17.7964,0.0271093
17.7964,0.0269707
17.7976,0.0269743
17.7976,0.0268525
17.7987,0.026871
17.7987,0.0267621
17.7999,0.0267918
17.7999,0.0266929
17.801,0.0267313
17.801,0.0266398
17.8021,0.0268099
17.8021,0.0268336
17.8032,0.0269794
17.8032,0.026982
17.8044,0.0271092
17.8044,0.0269706
17.8056,0.0269743
17.8056,0.0268525
17.8067,0.0268709
17.8067,0.0267621
17.8079,0.0267918
17.8079,0.0266928
17.809,0.0267312
17.809,0.0266398
17.8101,0.0268098
17.8101,0.0268336
17.8119,0.0269794
17.8119,0.026982
17.8125,0.0271092
17.8125,0.0269706
17.8136,0.0269743
17.8136,0.0268525
17.8147,0.0268709
17.8147,0.026762
17.8159,0.0267918
17.8159,0.0266928
17.817,0.0267312
17.817,0.0266398
17.8181,0.0268098
17.8181,0.0268336
17.8192,0.0269794
17.8192,0.026982
17.8205,0.0271092
17.8205,0.0269706
17.8216,0.0269743
17.8216,0.0268525
17.8227,0.0268709
17.8227,0.026762
17.8239,0.0267918
17.8239,0.0266928
17.825,0.0267312
17.825,0.0266398
17.8261,0.0268098
17.8261,0.0268336
17.8274,0.0269794
17.8274,0.026982
17.8285,0.0271092
17.8285,0.0269706
17.8296,0.0269743
17.8296,0.0268525
17.8307,0.0268709
17.8307,0.026762
17.8319,0.0267918
17.8319,0.0266928
17.833,0.0267312
17.833,0.0266398
17.8342,0.0268098
17.8342,0.0268336
17.836,0.0269794
17.836,0.026982
17.8365,0.0271092
17.8365,0.0269706
17.8376,0.0269743
17.8376,0.0268525
17.8387,0.0268709
17.8387,0.026762
17.8399,0.0267918
17.8399,0.0266928
17.841,0.0267312
17.841,0.0266398
17.8422,0.0268098
17.8422,0.0268336
17.8434,0.0269794
17.8434,0.026982
17.8445,0.0271092
17.8445,0.0272206
17.8456,0.027193
17.8456,0.0271689
17.8467,0.0271478
17.8467,0.0271293
17.8479,0.0271131
17.8479,0.027099
17.8491,0.0272116
17.8491,0.0273102
17.8502,0.0273964
17.8502,0.0274718
17.8514,0.0275379
17.8514,0.0275956
17.8525,0.0276462
17.8525,0.0276904
17.8536,0.0276041
17.8536,0.0275286
17.8547,0.0274625
17.8547,0.0274047
17.8559,0.0273541
17.8559,0.0273098
17.8571,0.0273961
17.8571,0.0274716
17.8582,0.0275377
17.8582,0.0275954
17.8594,0.027646
17.8594,0.0276903
17.8605,0.027729
17.8605,0.0277629
17.8616,0.0276675
17.8616,0.0275841
17.8627,0.0275111
17.8627,0.0274472
17.864,0.0273913
17.864,0.0273424
17.8651,0.0274246
17.8651,0.0274965
17.8662,0.0275594
17.8662,0.0276145
17.8674,0.0276627
17.8674,0.0277049
17.8685,0.0277417
17.8685,0.027774
17.8696,0.0276773
17.8696,0.0275926
17.8707,0.0275185
17.8707,0.0274537
17.872,0.027397
17.872,0.0273474
17.8731,0.027429
17.8731,0.0275003
17.8742,0.0275628
17.8742,0.0276174
17.8754,0.0276653
17.8754,0.0277071
17.8765,0.0276187
17.8765,0.0275414
17.8782,0.0275987
17.8782,0.0276489
17.8789,0.0275678
17.8789,0.0274968
17.88,0.0274347
17.88,0.0273804
17.8811,0.0274578
17.8811,0.0275256
17.8822,0.0275849
17.8822,0.0276368
17.8834,0.0276822
17.8834,0.0277219
17.8845,0.0276317
17.8845,0.0275527
17.8856,0.0274836
17.8856,0.0274232
17.8869,0.0273703
17.8869,0.027324
17.888,0.0272835
17.888,0.027248
17.8891,0.027342
17.8891,0.0274243
17.8902,0.0274963
17.8902,0.0275592
17.8914,0.0276143
17.8914,0.0276625
17.8925,0.0275797
17.8925,0.0275072
17.8937,0.0274438
17.8937,0.0273884
17.895,0.0273398
17.895,0.0272973
17.896,0.0272602
17.896,0.0272276
17.8971,0.0273242
17.8971,0.0274087
17.8982,0.0274826
17.8982,0.0275473
17.8994,0.0276039
17.8994,0.0276534
17.9006,0.0275717
17.9006,0.0275002
17.9017,0.0274377
17.9017,0.027383
17.9029,0.0273351
17.9029,0.0272932
17.904,0.0272566
17.904,0.0272245
17.9051,0.0271964
17.9051,0.0271719
17.9062,0.0272754
17.9062,0.027366
17.9074,0.0274452
17.9074,0.0275146
17.9086,0.0274502
17.9086,0.027394
17.9097,0.0273447
17.9097,0.0273016
17.9109,0.0272639
17.9109,0.0272309
17.912,0.0272021
17.912,0.0271768
17.9131,0.0272797
17.9131,0.0273697
17.9142,0.0274485
17.9142,0.0275175
17.9156,0.0275778
17.9156,0.0276306
17.9166,0.0275517
17.9166,0.0274828
17.9177,0.0274224
17.9177,0.0273696
17.9189,0.0273234
17.9189,0.027283
17.92,0.0272476
17.92,0.0272167
17.9211,0.0273146
17.9211,0.0274003
17.9222,0.0274752
17.9222,0.0275408
17.9235,0.0275982
17.9235,0.0276484
17.9246,0.0275674
17.9246,0.0274965
17.9257,0.0274344
17.9257,0.0273801
17.9269,0.0273326
17.9269,0.027291
17.928,0.0272546
17.928,0.0272228
17.9291,0.02732
17.9291,0.027405
17.9304,0.0274793
17.9304,0.0275444
17.9315,0.0276014
17.9315,0.0276512
17.9326,0.0275698
17.9326,0.0274986
17.9337,0.0275613
17.9337,0.0274911
17.935,0.0275547
17.935,0.0274854
17.936,0.0275497
17.936,0.027481
17.9371,0.0276709
17.9371,0.027712
17.9384,0.027873
17.9384,0.0278889
17.9395,0.0280278
17.9395,0.0280243
17.9406,0.0281463
17.9406,0.028003
17.9417,0.0280026
17.9417,0.0278773
17.9429,0.0278926
17.9429,0.027781
17.944,0.0278084
17.944,0.0277074
17.9452,0.0278689
17.9452,0.0278853
17.9464,0.0280247
17.9464,0.0280216
17.9475,0.0281439
17.9475,0.0281259
17.9486,0.0282352
17.9486,0.0280808
17.9497,0.0280707
17.9497,0.0279368
17.9509,0.0279447
17.9509,0.0278266
17.952,0.0278483
17.952,0.0277423
17.9532,0.0278995
17.9532,0.027912
17.9544,0.028048
17.9544,0.028042
17.9556,0.0281618
17.9556,0.0281416
17.9566,0.0282489
17.9566,0.0280928
17.9577,0.0280812
17.9577,0.027946
17.9589,0.0279528
17.9589,0.0278337
17.9601,0.0279795
17.9601,0.027982
17.9612,0.0281093
17.9612,0.0280956
17.9624,0.0282087
17.9624,0.0281826
17.9635,0.0282848
17.9635,0.0282492
17.9646,0.028343
17.9646,0.0281751
17.9657,0.0281532
17.9657,0.0280091
17.9669,0.028008
17.9669,0.027882
17.9681,0.0280217
17.9681,0.028019
17.9692,0.0281416
17.9692,0.0281239
17.9704,0.0282334
17.9704,0.0282043
17.9715,0.0283037
17.9715,0.0282658
17.9726,0.0283575
17.9726,0.0281878
17.9737,0.0281644
17.9737,0.0280188
17.975,0.0280165
17.975,0.0278894
17.9761,0.0280282
17.9761,0.0280247
17.9772,0.0281466
17.9772,0.0281283
17.9784,0.0282372
17.9784,0.0282076
17.9795,0.0283066
17.9795,0.0282683
17.9806,0.0283598
17.9806,0.0281898
17.9819,0.0281661
17.9819,0.0280203
17.983,0.0280178
17.983,0.0278906
17.9841,0.0280292
17.9841,0.0280256
17.9852,0.0281474
17.9852,0.028129
17.9864,0.0282378
17.9864,0.0282081
17.9875,0.0283071
17.9875,0.0281437
17.9886,0.0281257
17.9886,0.027985
17.9899,0.0279869
17.9899,0.0278635
17.991,0.0278806
17.991,0.0277705
17.9921,0.0279242
17.9921,0.0279337
17.9932,0.028067
17.9932,0.0280586
17.9944,0.0281763
17.9944,0.0281542
17.9956,0.02826
17.9956,0.0281025
17.9967,0.0280897
17.9967,0.0279534
17.9979,0.0279593
17.9979,0.0278394
17.999,0.0278594
17.999,0.027752
18.0001,0.027908
18.0001,0.0279195
18.0012,0.0280546
18.0012,0.0280477
18.0024,0.0281668
18.0024,0.0281459
18.0035,0.0282527
18.0035,0.0280961
18.0047,0.0280841
18.0047,0.0279486
18.0059,0.027955
18.0059,0.0278356
18.007,0.0278562
18.007,0.0277492
18.0081,0.0279055
18.0081,0.0279173
18.0092,0.0280527
18.0092,0.0280461
18.0104,0.0281653
18.0104,0.0281446
18.0116,0.0282516
18.0116,0.0280951
18.0127,0.0280832
18.0127,0.0279478
18.0139,0.0279543
18.0139,0.0278351
18.015,0.0278557
18.015,0.0277487
18.0161,0.0279051
18.0161,0.027917
18.0172,0.0280524
18.0172,0.0280458
18.0184,0.0281651
18.0184,0.0281445
18.0196,0.0282514
18.0196,0.028095
18.0207,0.0280831
18.0207,0.0279477
18.0219,0.0279542
18.0219,0.027835
18.023,0.0278556
18.023,0.0277486
18.0241,0.0279051
18.0241,0.0279169
18.0252,0.0280523
18.0252,0.0281708
18.0265,0.0282744
18.0265,0.0283651
18.0276,0.0284445
18.0276,0.0285139
18.0287,0.0284497
18.0287,0.0283935
18.0299,0.0283443
18.0299,0.0283013
18.031,0.0282636
18.031,0.0282306
18.0321,0.0283268
18.0321,0.028411
18.0332,0.0284846
18.0332,0.028549
18.0345,0.0286054
18.0345,0.0286547
18.0356,0.0286979
18.0356,0.0287356
18.0374,0.0287687
18.0374,0.0287976
18.0379,0.0286979
18.0379,0.0286107
18.039,0.0285343
18.039,0.0284675
18.0401,0.0285341
18.0401,0.0285923
18.0414,0.0286433
18.0414,0.0286879
18.0425,0.0287269
18.0425,0.028761
18.0436,0.0287909
18.0436,0.028817
18.0447,0.0287149
18.0447,0.0286255
18.0459,0.0285474
18.0459,0.0284789
18.047,0.0284191
18.047,0.0283667
18.0482,0.0284458
18.0482,0.0285151
18.0494,0.0285757
18.0494,0.0286288
18.0505,0.0286752
18.0505,0.0287158
18.0516,0.0287513
18.0516,0.0287824
18.0527,0.0286846
18.0527,0.028599
18.0539,0.0285241
18.0539,0.0284586
18.055,0.0284013
18.055,0.0283511
18.0562,0.0284322
18.0562,0.0285032
18.0574,0.0285653
18.0574,0.0286196
18.0585,0.0286672
18.0585,0.0287088
18.0596,0.0287452
18.0596,0.028777
18.0607,0.0286799
18.0607,0.0285949
18.0619,0.0285206
18.0619,0.0284555
18.0631,0.0285235
18.0631,0.0285831
18.0642,0.0286352
18.0642,0.0286808
18.0654,0.0285957
18.0654,0.0285212
18.0665,0.0285811
18.0665,0.0286335
18.0676,0.0286793
18.0676,0.0287194
18.0687,0.0286294
18.0687,0.0285508
18.0699,0.0284819
18.0699,0.0284217
18.0717,0.028494
18.0717,0.0285572
18.0722,0.0286126
18.0722,0.028661
18.0734,0.0287034
18.0734,0.0287404
18.0745,0.0287729
18.0745,0.0288013
18.0756,0.0288261
18.0756,0.0288479
18.0767,0.0287419
18.0767,0.0286491
18.078,0.028568
18.078,0.028497
18.0791,0.0285599
18.0791,0.0286149
18.0802,0.028663
18.0802,0.0287051
18.0814,0.028742
18.0814,0.0287743
18.0825,0.0288025
18.0825,0.0288272
18.0836,0.0288488
18.0836,0.0288677
18.0847,0.0287592
18.0847,0.0286643
18.086,0.0285813
18.086,0.0285086
18.0871,0.02857
18.0871,0.0286238
18.0882,0.0286708
18.0882,0.028712
18.0894,0.028748
18.0894,0.0287795
18.0905,0.028807
18.0905,0.0288312
18.0916,0.0287273
18.0916,0.0286364
18.0929,0.0285568
18.0929,0.0284872
18.094,0.0284263
18.094,0.028373
18.0951,0.0284514
18.0951,0.02852
18.0962,0.02858
18.0962,0.0286325
18.0974,0.0286784
18.0974,0.0287186
18.0985,0.0287538
18.0985,0.0287846
18.0996,0.0286865
18.0996,0.0286007
18.1009,0.0285256
18.1009,0.0284599
18.102,0.0284024
18.102,0.0283521
18.1031,0.0284331
18.1031,0.028504
18.1042,0.028566
18.1042,0.0286202
18.1054,0.0286677
18.1054,0.0287092
18.1065,0.0287456
18.1065,0.0287774
18.1077,0.0286802
18.1077,0.0285952
18.1089,0.0285208
18.1089,0.0284557
18.11,0.0283987
18.11,0.0283489
18.1111,0.0284303
18.1111,0.0285015
18.1122,0.0285638
18.1122,0.0286183
18.1134,0.028666
18.1134,0.0287078
18.1145,0.0287443
18.1145,0.0287763
18.1157,0.0286792
18.1157,0.0285943
18.1169,0.02852
18.1169,0.028455
18.118,0.0283982
18.118,0.0283484
18.1191,0.0284298
18.1191,0.0285011
18.1202,0.0285635
18.1202,0.028618
18.1214,0.0286658
18.1214,0.0287076
18.1226,0.0288691
18.1226,0.0288855
18.1237,0.0290248
18.1237,0.0288967
18.125,0.0289096
18.125,0.0287959
18.126,0.0288214
18.126,0.0287187
18.1271,0.0288789
18.1271,0.028894
18.1282,0.0290323
18.1282,0.0290282
18.1295,0.0291497
18.1295,0.029131
18.1306,0.0292396
18.1306,0.0292097
18.1317,0.0293085
18.1317,0.0291449
18.1329,0.0291268
18.1329,0.0289859
18.134,0.0289877
18.134,0.0288642
18.1351,0.0290062
18.1351,0.0290054
18.1362,0.0291297
18.1362,0.0291135
18.1375,0.0292243
18.1375,0.0291963
18.1386,0.0292968
18.1386,0.0292597
18.1397,0.0293522
18.1397,0.0291832
18.1409,0.0291603
18.1409,0.0290152
18.142,0.0290133
18.142,0.0288867
18.1431,0.0290258
18.1431,0.0290226
18.1444,0.0291448
18.1444,0.0291267
18.1456,0.0292358
18.1456,0.0292064
18.1466,0.0293056
18.1466,0.0292674
18.1477,0.029359
18.1477,0.0291891
18.1489,0.0291654
18.1489,0.0290198
18.15,0.0290173
18.15,0.0288901
18.1511,0.0290289
18.1511,0.0290253
18.1524,0.0291471
18.1524,0.0291287
18.1535,0.0292376
18.1535,0.0292079
18.1546,0.0293069
18.1546,0.0292686
18.1557,0.02936
18.1557,0.02919
18.1569,0.0291662
18.1569,0.0290205
18.158,0.0290179
18.158,0.0288907
18.1592,0.0290293
18.1592,0.0290257
18.1604,0.0291475
18.1604,0.029129
18.1615,0.0292379
18.1615,0.0292082
18.1626,0.0293071
18.1626,0.0292687
18.1637,0.0293602
18.1637,0.0291901
18.165,0.0291664
18.165,0.0290206
18.166,0.029018
18.166,0.0288907
18.1672,0.0290294
18.1672,0.0290257
18.1684,0.0291475
18.1684,0.0291291
18.1695,0.0292379
18.1695,0.0292082
18.1706,0.0293072
18.1706,0.0292688
18.1717,0.0293602
18.1717,0.0291902
18.1729,0.0291664
18.1729,0.0290206
18.1741,0.029143
18.1741,0.0291251
18.1752,0.0292345
18.1752,0.0292052
18.1764,0.0293045
18.1764,0.0292665
18.1775,0.0293582
18.1775,0.0293134
18.1792,0.0295242
18.1792,0.0295837
18.1797,0.0296357
18.1797,0.0294313
18.1809,0.0293774
18.1809,0.0292052
18.1821,0.0293045
18.1821,0.0292665
18.1832,0.0293582
18.1832,0.0293134
18.1844,0.0293992
18.1844,0.0293493
18.1856,0.0294306
18.1856,0.0293768
18.1866,0.0294547
18.1866,0.0293979
18.1877,0.0294731
18.1877,0.029289
18.189,0.0292529
18.189,0.0290963
18.1901,0.0292092
18.1901,0.0291831
18.1912,0.0292852
18.1912,0.0292495
18.1924,0.0293433
18.1924,0.0293004
18.1935,0.0293879
18.1935,0.0293394
18.1946,0.029422
18.1946,0.0293692
18.1959,0.0294481
18.1959,0.0292671
18.197,0.0292337
18.197,0.0290795
18.1981,0.0291945
18.1981,0.0291702
18.1992,0.0292739
18.1992,0.0292397
18.2004,0.0293347
18.2004,0.0292929
18.2015,0.0293813
18.2015,0.0293336
18.2026,0.0294169
18.2026,0.0292398
18.2039,0.0292098
18.2039,0.0290586
18.205,0.0290513
18.205,0.0289199
18.2061,0.0290549
18.2061,0.029048
18.2072,0.029167
18.2072,0.0290211
18.2084,0.0290185
18.2084,0.0290162
18.2095,0.0291392
18.2095,0.0291218
18.2107,0.0292315
18.2107,0.0290776
18.2119,0.0290679
18.2119,0.0289344
18.213,0.0289426
18.213,0.0288248
18.2141,0.0289717
18.2141,0.0289752
18.2152,0.0291033
18.2152,0.0290904
18.2164,0.0292041
18.2164,0.0291786
18.2175,0.0292813
18.2175,0.0292461
18.2187,0.0293403
18.2187,0.0291728
18.2199,0.0291512
18.2199,0.0290073
18.221,0.0290064
18.221,0.0288806
18.2227,0.0290205
18.2227,0.0290179
18.2232,0.0291407
18.2232,0.0292481
18.2244,0.0293421
18.2244,0.0294243
18.2256,0.0294963
18.2256,0.0295593
18.2267,0.0296144
18.2267,0.0296626
18.2279,0.0295797
18.2279,0.0295073
18.229,0.0294439
18.229,0.0293884
18.2301,0.0294648
18.2301,0.0295317
18.2312,0.0295903
18.2312,0.0296415
18.2324,0.0296863
18.2324,0.0297255
18.2336,0.0297598
18.2336,0.0297898
18.2347,0.0298161
18.2347,0.0298391
18.2359,0.0297342
18.2359,0.0296424
18.237,0.0295621
18.237,0.0294919
18.2381,0.0295554
18.2381,0.029611
18.2392,0.0296596
18.2392,0.0297021
18.2405,0.0297394
18.2405,0.0297719
18.2416,0.0298005
18.2416,0.0298254
18.2427,0.0298472
18.2427,0.0298663
18.2439,0.029758
18.2439,0.0296633
18.245,0.0295804
18.245,0.0295078
18.2461,0.0295693
18.2461,0.0296232
18.2472,0.0296703
18.2472,0.0297115
18.2485,0.0297476
18.2485,0.0297791
18.2502,0.0299317
18.2502,0.0300653
18.2507,0.0300571
18.2507,0.03005
18.2519,0.0299187
18.2519,0.0298039
18.253,0.0297034
18.253,0.0296155
18.2541,0.0296635
18.2541,0.0297056
18.2554,0.0297424
18.2554,0.0297746
18.2565,0.0298028
18.2565,0.0298274
18.2576,0.029849
18.2576,0.0298679
18.2587,0.0298844
18.2587,0.0298988
18.2599,0.0297865
18.2599,0.0296882
18.261,0.0296021
18.261,0.0295269
18.2621,0.029586
18.2621,0.0296378
18.2634,0.029683
18.2634,0.0297227
18.2645,0.0297573
18.2645,0.0297877
18.2656,0.0298142
18.2656,0.0298374
18.2667,0.0298578
18.2667,0.0298755
18.2679,0.0297661
18.2679,0.0296703
18.269,0.0295865
18.269,0.0295132
18.2702,0.0295741
18.2702,0.0296273
18.2714,0.0296739
18.2714,0.0297147
18.2725,0.0297503
18.2725,0.0297815
18.2736,0.0298088
18.2736,0.0298327
18.2747,0.0298536
18.2747,0.0298719
18.2759,0.0297629
18.2759,0.0296676
18.2771,0.0297091
18.2771,0.0297455
18.2782,0.0297773
18.2782,0.0298051
18.2794,0.0297045
18.2794,0.0296164
18.2805,0.0296644
18.2805,0.0297063
18.2816,0.029743
18.2816,0.0297752
18.2827,0.0298033
18.2827,0.0298279
18.2839,0.0297244
18.2839,0.0296338
18.2851,0.0296796
18.2851,0.0297196
18.2862,0.0297547
18.2862,0.0297854
18.2874,0.0298122
18.2874,0.0298357
18.2885,0.0298562
18.2885,0.0298742
18.2896,0.0298899
18.2896,0.0299037
18.2907,0.0299157
18.2907,0.0299262
18.292,0.0298105
18.292,0.0297092
18.2937,0.0297455
18.2937,0.0297773
18.2942,0.0298052
18.2942,0.0298295
18.2954,0.0298508
18.2954,0.0298695
18.2965,0.0298858
18.2965,0.0299001
18.2976,0.0299126
18.2976,0.0299235
18.2987,0.029933
18.2987,0.0299414
18.3,0.0298237
18.3,0.0297208
18.3011,0.0297557
18.3011,0.0297862
18.3022,0.0298129
18.3022,0.0298363
18.3034,0.0298568
18.3034,0.0298747
18.3045,0.0298903
18.3045,0.0299041
18.3056,0.029916
18.3056,0.0299265
18.3069,0.0298107
18.3069,0.0297094
18.308,0.0296207
18.308,0.0295431
18.3091,0.0296002
18.3091,0.0296502
18.3102,0.0296939
18.3102,0.0297322
18.3114,0.0297657
18.3114,0.029795
18.3125,0.0298206
18.3125,0.029843
18.3136,0.0298626
18.3136,0.0298798
18.315,0.0297698
18.315,0.0296736
18.316,0.0295894
18.316,0.0295157
18.3171,0.0295763
18.3171,0.0296292
18.3182,0.0296756
18.3182,0.0297161
18.3194,0.0297516
18.3194,0.0297827
18.3205,0.0298098
18.3205,0.0298336
18.3217,0.0298544
18.3217,0.0298726
18.3229,0.0297635
18.3229,0.0296681
18.324,0.0295846
18.324,0.0295115
18.3251,0.0295726
18.3251,0.029626
18.3262,0.0296727
18.3262,0.0297136
18.3274,0.0297494
18.3274,0.0297808
18.3285,0.0298082
18.3285,0.0298321
18.3297,0.0298531
18.3297,0.0298715
18.3309,0.0300125
18.3309,0.029886
18.332,0.0299002
18.332,0.0297877
18.3331,0.0299392
18.3331,0.0299468
18.3342,0.0300785
18.3342,0.0300687
18.3354,0.0301851
18.3354,0.0301619
18.3366,0.0302667
18.3366,0.0302334
18.3377,0.0303292
18.3377,0.030288
18.3389,0.030377
18.3389,0.0302049
18.34,0.0301793
18.34,0.0300319
18.3411,0.0301529
18.3411,0.0301338
18.3422,0.0302421
18.3422,0.0302118
18.3435,0.0303103
18.3435,0.0302715
18.3446,0.0303626
18.3446,0.0303173
18.3457,0.0304026
18.3457,0.0303523
18.3469,0.0304332
18.3469,0.0302541
18.348,0.0302223
18.348,0.0300695
18.3491,0.0301858
18.3491,0.0301626
18.3502,0.0302673
18.3502,0.0302339
18.3515,0.0303296
18.3515,0.0302884
18.3526,0.0303774
18.3526,0.0303302
18.3537,0.0304139
18.3537,0.0303622
18.355,0.0304419
18.355,0.0302617
18.356,0.030229
18.356,0.0300753
18.3571,0.0301909
18.3571,0.0301671
18.3584,0.0302712
18.3584,0.0302373
18.3595,0.0303326
18.3595,0.030291
18.3606,0.0303797
18.3606,0.0303322
18.3617,0.0304157
18.3617,0.0303637
18.3629,0.0304433
18.3629,0.0302628
18.364,0.03023
18.364,0.0300762
18.3651,0.0301917
18.3651,0.0301677
18.3664,0.0302718
18.3664,0.0302378
18.3675,0.0303331
18.3675,0.0302914
18.3686,0.03038
18.3686,0.0303325
18.3697,0.0304159
18.3697,0.030364
18.3709,0.0304435
18.3709,0.030263
18.372,0.0302301
18.372,0.0300764
18.3732,0.0301918
18.3732,0.0301678
18.3744,0.0302719
18.3744,0.0302379
18.3756,0.0303331
18.3756,0.0302915
18.3766,0.0303801
18.3766,0.0303326
18.3777,0.030416
18.3777,0.030364
18.3789,0.0304435
18.3789,0.0302631
18.38,0.0302302
18.38,0.0300764
18.3812,0.0301918
18.3812,0.0301679
18.3824,0.0302719
18.3824,0.0302379
18.3835,0.0303332
18.3835,0.0302915
18.3846,0.0303801
18.3846,0.0303326
18.3857,0.030416
18.3857,0.030364
18.3869,0.0304435
18.3869,0.0302631
18.3881,0.0303552
18.3881,0.0303108
18.3892,0.0303969
18.3892,0.0303473
18.3904,0.0304289
18.3904,0.0303753
18.3915,0.0304534
18.3915,0.0303967
18.3926,0.0304721
18.3926,0.0304131
18.3937,0.0304865
18.3937,0.0304257
18.395,0.0304974
18.395,0.0303103
18.3961,0.0303965
18.3961,0.0303469
18.3972,0.0304286
18.3972,0.030375
18.3984,0.0304531
18.3984,0.0303965
18.3995,0.0304719
18.3995,0.0304129
18.4006,0.0304863
18.4006,0.0304255
18.4017,0.0304973
18.4017,0.0304352
18.403,0.0305058
18.403,0.0303175
18.4041,0.0304029
18.4041,0.0303525
18.4052,0.0304334
18.4052,0.0303793
18.4064,0.0304568
18.4064,0.0303997
18.4075,0.0304748
18.4075,0.0304154
18.4086,0.0304885
18.4086,0.0304274
18.4097,0.030499
18.4097,0.0304366
18.411,0.030507
18.411,0.0303187
18.4121,0.0304038
18.4121,0.0303534
18.4132,0.0304342
18.4132,0.0303799
18.4144,0.0304574
18.4144,0.0304002
18.4156,0.0304752
18.4156,0.0304158
18.4166,0.0304888
18.4166,0.0304277
18.4179,0.0304993
18.4179,0.0303119
18.419,0.0302729
18.419,0.0301138
18.4201,0.0302245
18.4201,0.0301965
18.4212,0.0302969
18.4212,0.0302598
18.4224,0.0303523
18.4224,0.0303083
18.4235,0.0303947
18.4235,0.0303454
18.4247,0.0304272
18.4247,0.0303738
18.4259,0.0304521
18.4259,0.0302706
18.427,0.0302368
18.427,0.0300822
18.4281,0.0301969
18.4281,0.0301723
18.4292,0.0302757
18.4292,0.0302413
18.4304,0.0303361
18.4304,0.0302941
18.4315,0.0303823
18.4315,0.0303345
18.4327,0.0304177
18.4327,0.0303655
18.4339,0.0304448
18.4339,0.0302642
18.435,0.0302312
18.435,0.0300773
18.4361,0.0301926
18.4361,0.0301686
18.4372,0.0302725
18.4372,0.0302384
18.4384,0.0303336
18.4384,0.0302919
18.4396,0.0303804
18.4396,0.0303329
18.4407,0.0304163
18.4407,0.0303642
18.4419,0.0304437
18.4419,0.0305132
18.443,0.0304491
18.443,0.0303929
18.4441,0.0304688
18.4441,0.0305352
18.4452,0.0305933
18.4452,0.0306442
18.4464,0.0306886
18.4464,0.0307276
18.4476,0.0307616
18.4476,0.0307914
18.4487,0.0308175
18.4487,0.0308403
18.4499,0.0308603
18.4499,0.0308777
18.451,0.030768
18.451,0.030672
18.4521,0.030713
18.4521,0.0307489
18.4532,0.0307803
18.4532,0.0308077
18.4545,0.0308318
18.4545,0.0308528
18.4556,0.0308712
18.4556,0.0308873
18.4567,0.0309014
18.4567,0.0309137
18.4579,0.0309245
18.4579,0.0309339
18.459,0.0308172
18.459,0.030715
18.4601,0.0307507
18.4601,0.0307818
18.4612,0.0308091
18.4612,0.030833
18.4625,0.0308538
18.4625,0.0308721
18.4636,0.0308881
18.4636,0.0309021
18.4647,0.0309143
18.4647,0.030925
18.4659,0.0309344
18.4659,0.0309426
18.467,0.0308248
18.467,0.0307217
18.4681,0.0307565
18.4681,0.0307869
18.4694,0.0308135
18.4694,0.0308369
18.4705,0.0308572
18.4705,0.0308751
18.4716,0.0308907
18.4716,0.0309044
18.4727,0.0309163
18.4727,0.0309268
18.4739,0.0309359
18.4739,0.0309439
18.475,0.0308259
18.475,0.0307227
18.4761,0.0307574
18.4761,0.0307877
18.4774,0.0308142
18.4774,0.0308375
18.4785,0.0308578
18.4785,0.0308755
18.4796,0.0308911
18.4796,0.0309047
18.4807,0.0309166
18.4807,0.030927
18.4819,0.0309362
18.4819,0.0309441
18.483,0.0308261
18.483,0.0307229
18.4842,0.0307575
18.4842,0.0307878
18.4854,0.0308143
18.4854,0.0308375
18.4865,0.0308579
18.4865,0.0308756
18.4876,0.0308912
18.4876,0.0309048
18.4887,0.0309167
18.4887,0.0309271
18.4899,0.0309362
18.4899,0.0309442
18.4911,0.0309512
18.4911,0.0309573
18.4922,0.0309626
18.4922,0.0309673
18.4934,0.0309714
18.4934,0.0309749
18.4945,0.0309781
18.4945,0.0309808
18.4956,0.0309832
18.4956,0.0309853
18.4967,0.0309871
18.4967,0.0309888
18.4979,0.0309902
18.4979,0.0309914
18.4991,0.0309925
18.4991,0.0309934
18.5002,0.0309942
18.5002,0.030995
18.5014,0.0309956
18.5014,0.0309961
18.5025,0.0309966
18.5025,0.030997
18.5036,0.0309974
18.5036,0.0309977
18.5047,0.030998
18.5047,0.0309983
18.506,0.0309985
18.506,0.0309987
18.5071,0.0309988
18.5071,0.030999
18.5082,0.0309991
18.5082,0.0309992
18.5094,0.0309993
18.5094,0.0309994
18.5105,0.0309995
18.5105,0.0309995
18.5116,0.0309996
18.5116,0.0309996
18.5127,0.0309997
18.5127,0.0309997
18.514,0.0309998
18.514,0.0309998
18.5151,0.0309998
18.5151,0.0309998
18.5169,0.0309999
18.5169,0.0309999
18.5174,0.0309999
18.5174,0.0309999
18.5185,0.0309999
18.5185,0.0309999
18.5196,0.0309999
18.5196,0.0309999
18.5209,0.0309999
18.5209,0.031
18.522,0.030875
18.522,0.0307656
18.5231,0.0307949
18.5231,0.0308205
18.5242,0.030843
18.5242,0.0308626
18.5254,0.0308798
18.5254,0.0308948
18.5265,0.0309079
18.5265,0.0309195
18.5276,0.0309295
18.5276,0.0309383
18.5289,0.030946
18.5289,0.0309528
18.53,0.0308337
18.53,0.0307295
18.5311,0.0307633
18.5311,0.0307929
18.5322,0.0308188
18.5322,0.0308414
18.5334,0.0308612
18.5334,0.0308786
18.5345,0.0308938
18.5345,0.030907
18.5357,0.0309187
18.5357,0.0309288
18.5369,0.0309377
18.5369,0.0309455
18.538,0.0308273
18.538,0.0307239
18.5391,0.0307584
18.5391,0.0307886
18.5402,0.030815
18.5402,0.0308382
18.5414,0.0308584
18.5414,0.0308761
18.5425,0.0308916
18.5425,0.0309051
18.5437,0.030917
18.5437,0.0309274
18.545,0.0309364
18.545,0.0309444
18.546,0.0308263
18.546,0.030723
18.5471,0.0307577
18.5471,0.030788
18.5482,0.0308145
18.5482,0.0308377
18.5494,0.0308579
18.5494,0.0308757
18.5506,0.0308912
18.5506,0.0309048
18.5517,0.0309167
18.5517,0.0309271
18.5529,0.0309362
18.5529,0.0309442
18.554,0.0308262
18.554,0.0307229
18.5551,0.0307575
18.5551,0.0307879
18.5562,0.0308144
18.5562,0.0308376
18.5574,0.0308579
18.5574,0.0308756
18.5586,0.0308912
18.5586,0.0309048
18.5597,0.0309167
18.5597,0.0309271
18.5609,0.0309362
18.5609,0.0309442
18.562,0.0310762
18.562,0.0309416
18.5631,0.0310739
18.5631,0.0310647
18.5642,0.0311816
18.5642,0.0311589
18.5656,0.031264
18.5656,0.031231
18.5666,0.0313272
18.5666,0.0312863
18.5677,0.0313755
18.5677,0.0313285
18.5689,0.0314125
18.5689,0.0313609
18.57,0.0314408
18.57,0.0312607
18.5711,0.0313531
18.5711,0.031309
18.5724,0.0313954
18.5724,0.0313459
18.5735,0.0314277
18.5735,0.0313742
18.5746,0.0314524
18.5746,0.0313959
18.5757,0.0314714
18.5757,0.0314125
18.5769,0.0314859
18.5769,0.0314252
18.578,0.031497
18.578,0.0313099
18.5791,0.0313962
18.5791,0.0313466
18.5804,0.0314283
18.5804,0.0313748
18.5815,0.0314529
18.5815,0.0313963
18.5826,0.0314718
18.5826,0.0314128
18.5837,0.0314862
18.5837,0.0314254
18.585,0.0314972
18.585,0.0314351
18.586,0.0315057
18.586,0.0313175
18.5872,0.0314028
18.5872,0.0313525
18.5884,0.0314334
18.5884,0.0313792
18.5895,0.0314568
18.5895,0.0313997
18.5906,0.0314747
18.5906,0.0314154
18.5917,0.0314885
18.5917,0.0314274
18.5929,0.031499
18.5929,0.0314366
18.594,0.031507
18.594,0.0313187
18.5952,0.0314038
18.5952,0.0313533
18.5964,0.0314342
18.5964,0.0313799
18.5975,0.0314574
18.5975,0.0314002
18.5986,0.0314752
18.5986,0.0314158
18.5997,0.0314888
18.5997,0.0314277
18.6009,0.0314993
18.6009,0.0314369
18.6021,0.0316322
18.6021,0.0315532
18.6032,0.0316091
18.6032,0.0315329
18.605,0.0315913
18.605,0.0315174
18.6056,0.0315777
18.6056,0.0315055
18.6066,0.0315673
18.6066,0.0314964
18.6077,0.0315594
18.6077,0.0314894
18.6089,0.0315533
18.6089,0.0314841
18.6101,0.0316736
18.6101,0.0315894
18.6112,0.0316407
18.6112,0.0315606
18.6124,0.0316155
18.6124,0.0315386
18.6135,0.0315963
18.6135,0.0315217
18.6146,0.0315815
18.6146,0.0315088
18.6157,0.0315702
18.6157,0.0314989
18.617,0.0315616
18.617,0.0314914
18.6181,0.03168
18.6181,0.031595
18.6192,0.0316456
18.6192,0.0315649
18.6204,0.0316193
18.6204,0.0315419
18.6215,0.0315991
18.6215,0.0315242
18.6226,0.0315837
18.6226,0.0315107
18.6237,0.0315719
18.6237,0.0315004
18.625,0.0315629
18.625,0.0314925
18.6261,0.0316809
18.6261,0.0315958
18.6272,0.0316463
18.6272,0.0315656
18.6284,0.0316199
18.6284,0.0315424
18.6295,0.0315996
18.6295,0.0315246
18.6306,0.0315841
18.6306,0.031511
18.6319,0.0315722
18.6319,0.0315006
18.633,0.0315631
18.633,0.0313677
18.6341,0.0314467
18.6341,0.0313909
18.6352,0.031467
18.6352,0.0314086
18.6364,0.0314826
18.6364,0.0314222
18.6375,0.0314945
18.6375,0.0314327
18.6387,0.0315036
18.6387,0.0314406
18.6405,0.0316355
18.6405,0.0316811
18.641,0.031721
18.641,0.0315058
18.6421,0.0315676
18.6421,0.0314967
18.6432,0.0315596
18.6432,0.0314896
18.6444,0.0315534
18.6444,0.0314842
18.6456,0.0315487
18.6456,0.0314801
18.6467,0.0315451
18.6467,0.031477
18.6479,0.0315423
18.6479,0.0314746
18.649,0.0315402
18.649,0.0313477
18.6501,0.0314292
18.6501,0.0313756
18.6512,0.0314536
18.6512,0.0313969
18.6524,0.0314723
18.6524,0.0314133
18.6536,0.0314866
18.6536,0.0314258
18.6547,0.0314976
18.6547,0.0314354
18.6559,0.0315059
18.6559,0.0314427
18.657,0.0315124
18.657,0.0313233
18.6581,0.0314079
18.6581,0.0313569
18.6592,0.0314373
18.6592,0.0313826
18.6604,0.0314598
18.6604,0.0314023
18.6616,0.031477
18.6616,0.0314174
18.6627,0.0314902
18.6627,0.031429
18.6639,0.0315003
18.6639,0.0314378
18.665,0.0315081
18.665,0.0313196
18.6661,0.0314046
18.6661,0.031354
18.6672,0.0314348
18.6672,0.0313804
18.6685,0.0314579
18.6685,0.0314006
18.6696,0.0314756
18.6696,0.0314161
18.6707,0.0314891
18.6707,0.031303
18.6719,0.0312651
18.6719,0.031232
18.673,0.031328
18.673,0.031162
18.6741,0.0312667
18.6741,0.0312334
18.6752,0.0313292
18.6752,0.0312881
18.6765,0.031377
18.6765,0.0313299
18.6776,0.0314137
18.6776,0.031362
18.6787,0.0314417
18.6787,0.0313865
18.6799,0.0314632
18.6799,0.0314053
18.681,0.0314796
18.681,0.0312947
18.6821,0.0313828
18.6821,0.031335
18.6834,0.0314181
18.6834,0.0313658
18.6845,0.0314451
18.6845,0.0313895
18.6856,0.0314658
18.6856,0.0314076
18.6867,0.0314816
18.6867,0.0314214
18.6879,0.0314937
18.6879,0.031432
18.689,0.031503
18.689,0.0315651
18.6901,0.0316195
18.6901,0.0316671
18.6914,0.0317087
18.6914,0.0317451
18.6925,0.031777
18.6925,0.0318048
18.6936,0.0318292
18.6936,0.0318506
18.6947,0.0318693
18.6947,0.0318856
18.6959,0.0318999
18.6959,0.0319124
18.697,0.0319234
18.697,0.0319329
18.6982,0.0319413
18.6982,0.0319487
18.6994,0.0319551
18.6994,0.0319607
18.7005,0.0319656
18.7005,0.0319699
18.7016,0.0319737
18.7016,0.031977
18.7027,0.0319798
18.7027,0.0319824
18.7039,0.0319846
18.7039,0.0319865
18.705,0.0319882
18.705,0.0319897
18.7062,0.0319909
18.7062,0.0319921
18.7074,0.0319931
18.7074,0.0319939
18.7085,0.0319947
18.7085,0.0319954
18.7096,0.0319959
18.7096,0.0319964
18.7107,0.0319969
18.7107,0.0319973
18.7119,0.0319976
18.7119,0.0319979
18.7131,0.0321232
18.7131,0.0322328
18.7142,0.0322037
18.7142,0.0321782
18.7154,0.0321559
18.7154,0.0321364
18.7165,0.0321194
18.7165,0.0321045
18.7176,0.0320914
18.7176,0.03208
18.7187,0.03207
18.7187,0.0320612
18.72,0.0320536
18.72,0.0320469
18.7211,0.032166
18.7211,0.0322703
18.7222,0.0322365
18.7222,0.0322069
18.7234,0.0321811
18.7234,0.0321584
18.7245,0.0321386
18.7245,0.0321213
18.7256,0.0321061
18.7256,0.0320929
18.7267,0.0320813
18.7267,0.0320711
18.728,0.0320622
18.728,0.0320544
18.7291,0.0321726
18.7291,0.0322761
18.7302,0.0322415
18.7302,0.0322113
18.7314,0.0321849
18.7314,0.0321618
18.7325,0.0321416
18.7325,0.0321239
18.7336,0.0321084
18.7336,0.0320949
18.735,0.032083
18.735,0.0320726
18.736,0.0320635
18.736,0.0320556
18.7371,0.0321736
18.7371,0.0322769
18.7382,0.0322423
18.7382,0.032212
18.7394,0.0321855
18.7394,0.0321623
18.7405,0.032142
18.7405,0.0321243
18.7416,0.0321088
18.7416,0.0320952
18.7429,0.0320833
18.7429,0.0320729
18.744,0.0320637
18.744,0.0320558
18.7451,0.0320488
18.7451,0.0320427
18.7462,0.0320374
18.7462,0.0320327
18.7474,0.0320286
18.7474,0.032025
18.7485,0.0320219
18.7485,0.0320192
18.7497,0.0320168
18.7497,0.0320147
18.7509,0.0320128
18.7509,0.0320112
18.752,0.0320098
18.752,0.0320086
18.7531,0.0320075
18.7531,0.0320066
18.7542,0.0320058
18.7542,0.032005
18.7554,0.0320044
18.7554,0.0320039
18.7565,0.0320034
18.7565,0.032003
18.7577,0.0320026
18.7577,0.0320023
18.7589,0.032002
18.7589,0.0320017
18.7606,0.0321265
18.7606,0.0322357
18.7611,0.0322062
18.7611,0.0321805
18.7622,0.0321579
18.7622,0.0321382
18.7634,0.0321209
18.7634,0.0321058
18.7646,0.0320926
18.7646,0.032081
18.7657,0.0320709
18.7657,0.032062
18.7669,0.0320543
18.7669,0.0320475
18.768,0.0320415
18.768,0.0320363
18.7691,0.0320318
18.7691,0.0320278
18.7702,0.0320243
18.7702,0.0320213
18.7714,0.0320186
18.7714,0.0320163
18.7726,0.0320143
18.7726,0.0320125
18.7737,0.0320109
18.7737,0.0320096
18.775,0.0320084
18.775,0.0320073
18.776,0.0320064
18.776,0.0320056
18.7771,0.0320049
18.7771,0.0320043
18.7782,0.0320038
18.7782,0.0320033
18.7795,0.0320029
18.7795,0.0320025
18.7806,0.0320022
18.7806,0.0320019
18.7817,0.0320017
18.7817,0.0320015
18.7829,0.0320013
18.7829,0.0320011
18.784,0.032001
18.784,0.0320009
18.7851,0.0320008
18.7851,0.0320007
18.7864,0.0320006
18.7864,0.0320005
18.7875,0.0320004
18.7875,0.0320004
18.7886,0.0320003
18.7886,0.0320003
18.7897,0.0320003
18.7897,0.0320002
18.7909,0.0320002
18.7909,0.0320002
18.792,0.0318751
18.792,0.0317658
18.7931,0.031795
18.7931,0.0318207
18.7944,0.0318431
18.7944,0.0318627
18.7956,0.0318799
18.7956,0.0318949
18.7966,0.031908
18.7966,0.0319195
18.7977,0.0319296
18.7977,0.0319384
18.7989,0.0319461
18.7989,0.0319528
18.8,0.0319587
18.8,0.0319639
18.8012,0.0319684
18.8012,0.0319723
18.8024,0.0319758
18.8024,0.0319788
18.8035,0.0319815
18.8035,0.0319838
18.8046,0.0319858
18.8046,0.0319876
18.8057,0.0319891
18.8057,0.0319905
18.8069,0.0319917
18.8069,0.0319927
18.808,0.0319936
18.808,0.0319944
18.8092,0.0319951
18.8092,0.0319957
18.8104,0.0319963
18.8104,0.0319967
18.8115,0.0319971
18.8115,0.0319975
18.8126,0.0319978
18.8126,0.0319981
18.8137,0.0319983
18.8137,0.0319985
18.815,0.0319987
18.815,0.0319989
18.8161,0.032124
18.8161,0.0322335
18.8172,0.0322043
18.8172,0.0321788
18.8184,0.0321564
18.8184,0.0321369
18.8195,0.0321198
18.8195,0.0321048
18.8206,0.0320917
18.8206,0.0320802
18.8217,0.0320702
18.8217,0.0320614
18.8229,0.0320537
18.8229,0.032047
18.8241,0.0321662
18.8241,0.0322704
18.8252,0.0322366
18.8252,0.032207
18.8264,0.0321811
18.8264,0.0321585
18.8275,0.0322637
18.8275,0.0322307
18.8286,0.0323269
18.8286,0.032286
18.8297,0.0323753
18.8297,0.0323284
18.831,0.0324123
18.831,0.0323608
18.8321,0.0325657
18.8321,0.03262
18.8332,0.0327925
18.8332,0.0326934
18.8344,0.0327317
18.8344,0.0326403
18.8356,0.0326852
18.8356,0.0325996
18.8366,0.0326496
18.8366,0.0325684
18.8377,0.0326224
18.8377,0.0325446
18.839,0.0326015
18.839,0.0325263
18.8401,0.0327105
18.8401,0.0327467
18.8412,0.0329034
18.8412,0.0327904
18.8424,0.0328166
18.8424,0.0327146
18.8435,0.0327502
18.8435,0.0326565
18.8446,0.0326994
18.8446,0.032612
18.8459,0.0326605
18.8459,0.0325779
18.847,0.0326307
18.847,0.0325518
18.8481,0.0327329
18.8481,0.0326413
18.8492,0.0326861
18.8492,0.0326003
18.8504,0.0326503
18.8504,0.032569
18.8515,0.0326229
18.8515,0.032545
18.8526,0.0326019
18.8526,0.0325267
18.8539,0.0325858
18.8539,0.0325126
18.855,0.0325735
18.855,0.0325018
18.8561,0.0326891
18.8561,0.032603
18.8572,0.0326526
18.8572,0.032571
18.8584,0.0326246
18.8584,0.0325466
18.8595,0.0326032
18.8595,0.0325278
18.8607,0.0325869
18.8607,0.0325135
18.8619,0.0325743
18.8619,0.0325025
18.863,0.0325647
18.863,0.0324941
18.8641,0.0326824
18.8641,0.0325971
18.8652,0.0326474
18.8652,0.0325665
18.8664,0.0326207
18.8664,0.0325431
18.8676,0.0326002
18.8676,0.0325252
18.8687,0.0325845
18.8687,0.0325115
18.8699,0.0325725
18.8699,0.032501
18.871,0.0325633
18.871,0.0324929
18.8721,0.0326813
18.8721,0.0325961
18.8739,0.0326466
18.8739,0.0325658
18.8744,0.0326201
18.8744,0.0325426
18.8756,0.0325997
18.8756,0.0325248
18.8767,0.0325842
18.8767,0.0325112
18.8779,0.0325723
18.8779,0.0325007
18.879,0.0325631
18.879,0.0324927
18.8801,0.0326812
18.8801,0.032596
18.8812,0.0326465
18.8812,0.0325657
18.8825,0.03262
18.8825,0.0325425
18.8836,0.0325997
18.8836,0.0325247
18.8847,0.0325841
18.8847,0.0325111
18.8859,0.0325722
18.8859,0.0325007
18.887,0.0325631
18.887,0.0324927
18.8881,0.0326811
18.8881,0.032596
18.8892,0.0326465
18.8892,0.0325657
18.8905,0.03262
18.8905,0.0325425
18.8916,0.0325997
18.8916,0.0325247
18.8927,0.0325841
18.8927,0.0325111
18.8939,0.0325722
18.8939,0.0325007
18.895,0.0325631
18.895,0.0324927
18.8961,0.0326811
18.8961,0.032596
18.8974,0.0326465
18.8974,0.0325657
18.8985,0.03262
18.8985,0.0325425
18.8996,0.0325997
18.8996,0.0325247
18.9007,0.0325841
18.9007,0.0325111
18.9019,0.0325722
18.9019,0.0325007
18.903,0.0325631
18.903,0.0324927
18.9041,0.0326811
18.9041,0.032596
18.9054,0.0326465
18.9054,0.0325657
18.9065,0.03262
18.9065,0.0325425
18.9076,0.0325997
18.9076,0.0325247
18.9087,0.0325841
18.9087,0.0325111
18.9099,0.0325722
18.9099,0.0325007
18.911,0.0325631
18.911,0.0324927
18.9122,0.0326811
18.9122,0.032596
18.9134,0.0326465
18.9134,0.0325657
18.9145,0.03262
18.9145,0.0325425
18.9156,0.0325997
18.9156,0.0325247
18.9167,0.0325841
18.9167,0.0325111
18.9179,0.0325722
18.9179,0.0325007
18.919,0.0325631
18.919,0.0324927
18.9202,0.0326811
18.9202,0.032596
18.9214,0.0326465
18.9214,0.0325657
18.9225,0.03262
18.9225,0.0325425
18.9236,0.0325997
18.9236,0.0325247
18.9247,0.0325841
18.9247,0.0325111
18.9259,0.0325722
18.9259,0.0325007
18.9271,0.0326881
18.9271,0.0327271
18.9282,0.0328862
18.9282,0.0327754
18.9294,0.0328035
18.9294,0.0327031
18.9305,0.0327402
18.9305,0.0326477
18.9316,0.0326917
18.9316,0.0326052
18.9327,0.0326546
18.9327,0.0325728
18.934,0.0326262
18.934,0.0325479
18.9351,0.0327294
18.9351,0.0327632
18.9362,0.0329178
18.9362,0.0328031
18.9374,0.0328277
18.9374,0.0327242
18.9385,0.0327587
18.9385,0.0326639
18.9402,0.0328309
18.9402,0.032852
18.9407,0.0328705
18.9407,0.0327617
18.942,0.0327915
18.942,0.0326926
18.9431,0.032856
18.9431,0.032874
18.9442,0.0330147
18.9442,0.0328879
18.9454,0.0329019
18.9454,0.0327892
18.9465,0.0328155
18.9465,0.0327136
18.9476,0.0327494
18.9476,0.0326557
18.9489,0.0326987
18.9489,0.0326114
18.95,0.03266
18.95,0.0325775
18.9511,0.0327553
18.9511,0.0327859
18.9522,0.0329376
18.9522,0.0328204
18.9534,0.0328429
18.9534,0.0327375
18.9545,0.0327703
18.9545,0.032674
18.9556,0.0327148
18.9556,0.0326254
18.9569,0.0326723
18.9569,0.0325882
18.958,0.0326397
18.958,0.0325597
18.9591,0.0327398
18.9591,0.0326473
18.9602,0.0326914
18.9602,0.032605
18.9614,0.0326543
18.9614,0.0325725
18.9625,0.032626
18.9625,0.0325477
18.9637,0.0326043
18.9637,0.0325287
18.965,0.0325876
18.965,0.0325142
18.966,0.0325749
18.966,0.032503
18.9671,0.0326902
18.9671,0.0326039
18.9682,0.0326534
18.9682,0.0325717
18.9694,0.0326253
18.9694,0.0325471
18.9705,0.0326037
18.9705,0.0325283
18.9717,0.0325872
18.9717,0.0323888
18.9729,0.0323402
18.9729,0.0322977
18.974,0.0323855
18.974,0.0323373
18.9751,0.0325451
18.9751,0.032477
18.9762,0.0325424
18.9762,0.0325996
18.9774,0.0326496
18.9774,0.0326934
18.9786,0.0327317
18.9786,0.0327653
18.9797,0.0327946
18.9797,0.0328203
18.9809,0.0328427
18.9809,0.0328624
18.982,0.0328796
18.982,0.0328947
18.9831,0.0330328
18.9831,0.0331537
18.9842,0.0331345
18.9842,0.0331177
18.9854,0.033103
18.9854,0.0330901
18.9866,0.0330788
18.9866,0.033069
18.9877,0.0330604
18.9877,0.0330528
18.9889,0.0330462
18.9889,0.0330404
18.99,0.0330354
18.99,0.033031
18.9911,0.0331521
18.9911,0.0332581
18.9922,0.0332258
18.9922,0.0331976
18.9935,0.0331729
18.9935,0.0331513
18.9946,0.0331324
18.9946,0.0331158
18.9957,0.0331013
18.9957,0.0330887
18.9969,0.0330776
18.9969,0.0330679
18.998,0.0330594
18.998,0.033052
18.9991,0.0331705
18.9991,0.0332742
19.0002,0.0332399
19.0002,0.0332099
19.0015,0.0331837
19.0015,0.0331607
19.0026,0.0331406
19.0026,0.033123
19.0037,0.0331077
19.0037,0.0330942
19.005,0.0330824
19.005,0.0330721
19.006,0.0330631
19.006,0.0330552
19.0071,0.0331733
19.0071,0.0332767
19.0084,0.0332421
19.0084,0.0332118
19.0095,0.0331853
19.0095,0.0331622
19.0106,0.0331419
19.0106,0.0331242
19.0117,0.0331086
19.0117,0.0330951
19.0129,0.0330832
19.0129,0.0330728
19.014,0.0330637
19.014,0.0330557
19.0152,0.0331738
19.0152,0.033277
19.0164,0.0332424
19.0164,0.0332121
19.0175,0.0331856
19.0175,0.0331624
19.0186,0.0331421
19.0186,0.0331243
19.0197,0.0331088
19.0197,0.0330952
19.0209,0.0330833
19.0209,0.0330729
19.022,0.0330638
19.022,0.0330558
19.0232,0.0331738
19.0232,0.0332771
19.0244,0.0332425
19.0244,0.0332121
19.0256,0.0331856
19.0256,0.0331624
19.0266,0.0331421
19.0266,0.0331244
19.0277,0.0331088
19.0277,0.0330952
19.0289,0.0330833
19.0289,0.0330729
19.0301,0.0331888
19.0301,0.0332902
19.0312,0.0333789
19.0312,0.0334565
19.0324,0.0333995
19.0324,0.0333495
19.0335,0.0333058
19.0335,0.0332676
19.0346,0.0332342
19.0346,0.0332049
19.0357,0.0331793
19.0357,0.0331569
19.0369,0.0331373
19.0369,0.0331201
19.0381,0.0332301
19.0381,0.0333263
19.0392,0.0334105
19.0392,0.0334842
19.0404,0.0334237
19.0404,0.0333707
19.0415,0.0333244
19.0415,0.0332838
19.0426,0.0332484
19.0426,0.0332173
19.0437,0.0331901
19.0437,0.0331664
19.045,0.0331456
19.045,0.0331274
19.0461,0.0332365
19.0461,0.0333319
19.0472,0.0334154
19.0472,0.0334885
19.0484,0.0334274
19.0484,0.033374
19.0495,0.0333272
19.0495,0.0332863
19.0506,0.0332505
19.0506,0.0332192
19.0517,0.0331918
19.0517,0.0331678
19.053,0.0331469
19.053,0.0331285
19.0541,0.0332374
19.0541,0.0333328
19.0552,0.0334162
19.0552,0.0334891
19.0564,0.033428
19.0564,0.0333745
19.0575,0.0333277
19.0575,0.0332867
19.0586,0.0332509
19.0586,0.0332195
19.0599,0.0331921
19.0599,0.0331681
19.061,0.0331471
19.061,0.0331287
19.0621,0.0332376
19.0621,0.0333329
19.0632,0.0332913
19.0632,0.0332549
19.0644,0.033223
19.0644,0.0331951
19.0656,0.0331707
19.0656,0.0331494
19.0666,0.0331307
19.0666,0.0331144
19.0679,0.0331001
19.0679,0.0330876
19.069,0.0330766
19.069,0.033067
19.0701,0.0331837
19.0701,0.0332857
19.0712,0.03325
19.0712,0.0332187
19.0724,0.0331914
19.0724,0.0331675
19.0735,0.0331465
19.0735,0.0331282
19.0747,0.0331122
19.0747,0.0330982
19.0759,0.0330859
19.0759,0.0330752
19.077,0.0330658
19.077,0.0330575
19.0781,0.0331753
19.0781,0.0332784
19.0792,0.0332436
19.0792,0.0332132
19.0804,0.0331865
19.0804,0.0331632
19.0816,0.0331428
19.0816,0.033125
19.0827,0.0331093
19.0827,0.0330957
19.0839,0.0330837
19.0839,0.0330732
19.085,0.0330641
19.085,0.0330561
19.0861,0.0331741
19.0861,0.0332773
19.0872,0.0332426
19.0872,0.0332123
19.0884,0.0331858
19.0884,0.0331626
19.0896,0.0331422
19.0896,0.0331245
19.0907,0.0331089
19.0907,0.0330953
19.0919,0.0330834
19.0919,0.033073
19.093,0.0330638
19.093,0.0330559
19.0947,0.0331739
19.0947,0.0332771
19.0952,0.0332425
19.0952,0.0332122
19.0965,0.0331857
19.0965,0.0331625
19.0976,0.0331421
19.0976,0.0331244
19.0987,0.0331088
19.0987,0.0330952
19.0999,0.0330833
19.0999,0.0330729
19.101,0.0330638
19.101,0.0330558
19.1021,0.0331738
19.1021,0.0332771
19.1032,0.0332425
19.1032,0.0332122
19.1045,0.0331856
19.1045,0.0331624
19.1056,0.0331421
19.1056,0.0331244
19.1067,0.0331088
19.1067,0.0330952
19.1079,0.0330833
19.1079,0.0330729
19.109,0.0330638
19.109,0.0330558
19.1101,0.0331738
19.1101,0.0332771
19.1114,0.0332425
19.1114,0.0332122
19.1125,0.0331856
19.1125,0.0331624
19.1136,0.0331421
19.1136,0.0331244
19.1147,0.0331088
19.1147,0.0330952
19.1159,0.0330833
19.1159,0.0330729
19.117,0.0330638
19.117,0.0330558
19.1181,0.0331738
19.1181,0.0332771
19.1194,0.0332425
19.1194,0.0332122
19.1205,0.0331856
19.1205,0.0331624
19.1216,0.0331421
19.1216,0.0331244
19.1227,0.0331088
19.1227,0.0330952
19.1239,0.0330833
19.1239,0.0330729
19.125,0.0330638
19.125,0.0330558
19.1262,0.0331738
19.1262,0.0332771
19.1274,0.0332425
19.1274,0.0332122
19.1285,0.0331856
19.1285,0.0331624
19.1302,0.0332671
19.1302,0.0333587
19.1314,0.0334389
19.1314,0.033509
19.1319,0.0334454
19.1319,0.0333897
19.133,0.033341
19.133,0.0332984
19.1342,0.0333861
19.1342,0.0334628
19.1354,0.033405
19.1354,0.0333543
19.1365,0.0333101
19.1365,0.0332713
19.1376,0.0332374
19.1376,0.0332077
19.1387,0.0331817
19.1387,0.033159
19.1399,0.0331391
19.1399,0.0331218
19.1411,0.0333565
19.1411,0.033437
19.1422,0.0336323
19.1422,0.0336783
19.1434,0.0338435
19.1434,0.0337381
19.1445,0.0337708
19.1445,0.0336745
19.1456,0.0337152
19.1456,0.0336258
19.1467,0.0336725
19.1467,0.0335885
19.1479,0.0336399
19.1479,0.0335599
19.1491,0.0337399
19.1491,0.0337724
19.1502,0.0339259
19.1502,0.0339351
19.1514,0.0340683
19.1514,0.0339347
19.1525,0.0339429
19.1525,0.033825
19.1536,0.0338469
19.1536,0.033741
19.1547,0.0337734
19.1547,0.0336767
19.156,0.0337171
19.156,0.0336275
19.1571,0.0337991
19.1571,0.0338242
19.1582,0.0339712
19.1582,0.0339748
19.1594,0.0341029
19.1594,0.033965
19.1605,0.0339694
19.1605,0.0338482
19.1616,0.0338672
19.1616,0.0337588
19.1629,0.033789
19.1629,0.0335653
19.164,0.0334947
19.164,0.0333078
19.1651,0.0333944
19.1651,0.0334701
19.1662,0.0336613
19.1662,0.0337036
19.1674,0.0338657
19.1674,0.0337575
19.1685,0.0337878
19.1685,0.0336893
19.1696,0.0337281
19.1696,0.0336371
19.1709,0.0336825
19.1709,0.0335972
19.172,0.0336475
19.172,0.0335666
19.1737,0.0337458
19.1737,0.0337775
19.1742,0.0339303
19.1742,0.0338141
19.176,0.0338373
19.176,0.0337326
19.1765,0.0337661
19.1765,0.0336703
19.1777,0.0337115
19.1777,0.0336226
19.1789,0.0336697
19.1789,0.033586
19.18,0.0336378
19.18,0.0335581
19.1811,0.0337383
19.1811,0.033771
19.1822,0.0339246
19.1822,0.0338091
19.1834,0.0338329
19.1834,0.0337288
19.1845,0.0337627
19.1845,0.0336674
19.1857,0.0337089
19.1857,0.0336203
19.1869,0.0336678
19.1869,0.0335843
19.188,0.0336363
19.188,0.0335567
19.1891,0.0337371
19.1891,0.03377
19.1902,0.0339238
19.1902,0.0338083
19.1914,0.0338322
19.1914,0.0337282
19.1932,0.0338872
19.1932,0.0339013
19.1937,0.0339136
19.1937,0.0337994
19.195,0.0338245
19.195,0.0337214
19.196,0.0337563
19.196,0.0336617
19.1971,0.033829
19.1971,0.0338504
19.1982,0.0339941
19.1982,0.0338698
19.1994,0.0338861
19.1994,0.0337753
19.2006,0.0338034
19.2006,0.033703
19.2017,0.0337401
19.2017,0.0336476
19.2029,0.0336916
19.2029,0.0336052
19.204,0.0336545
19.204,0.0335727
19.2051,0.0337511
19.2051,0.0337822
19.2062,0.0339345
19.2062,0.0338177
19.2075,0.0338404
19.2075,0.0337354
19.2086,0.0337685
19.2086,0.0336724
19.2097,0.0337134
19.2097,0.0336242
19.2109,0.0336712
19.2109,0.0335873
19.212,0.0336389
19.212,0.033559
19.2131,0.0337391
19.2131,0.0337717
19.2142,0.0339253
19.2142,0.0338096
19.2156,0.0338334
19.2156,0.0337292
19.2166,0.0337631
19.2166,0.0336677
19.2177,0.0337092
19.2177,0.0336206
19.2189,0.033668
19.2189,0.0335845
19.22,0.0336364
19.22,0.0335569
19.2211,0.0337373
19.2211,0.0337701
19.2224,0.0339238
19.2224,0.0338084
19.2235,0.0338323
19.2235,0.0337283
19.2246,0.0337622
19.2246,0.033667
19.2257,0.0337086
19.2257,0.033495
19.2269,0.0334331
19.2269,0.033379
19.228,0.0334566
19.228,0.0333995
19.2292,0.0335996
19.2292,0.0336497
19.2304,0.0338184
19.2304,0.0337161
19.2315,0.0337516
19.2315,0.0336577
19.2326,0.0337005
19.2326,0.0336129
19.2344,0.0337863
19.2344,0.033813
19.235,0.0338364
19.235,0.0337318
19.236,0.0337653
19.236,0.0336697
19.2372,0.033836
19.2372,0.0338565
19.2384,0.0339994
19.2384,0.0338745
19.2395,0.0338902
19.2395,0.0337789
19.2406,0.0338065
19.2406,0.0337057
19.2417,0.0337425
19.2417,0.0336497
19.2429,0.0336935
19.2429,0.0336068
19.2441,0.0337809
19.2441,0.0338083
19.2459,0.0339573
19.2459,0.0339626
19.2464,0.0340923
19.2464,0.0339558
19.2475,0.0339613
19.2475,0.0338411
19.2486,0.033861
19.2486,0.0337534
19.2497,0.0337842
19.2497,0.0336862
19.2509,0.0337254
19.2509,0.0336347
19.2521,0.0338054
19.2521,0.0338297
19.2532,0.033976
19.2532,0.033979
19.2544,0.0341066
19.2544,0.0339683
19.2556,0.0339723
19.2556,0.0338507
19.2566,0.0338694
19.2566,0.0337607
19.2577,0.0337906
19.2577,0.0336918
19.259,0.0337303
19.259,0.033639
19.2601,0.0338091
19.2601,0.033833
19.2612,0.0339789
19.2612,0.0339815
19.2624,0.0341088
19.2624,0.0339702
19.2635,0.0339739
19.2635,0.0338522
19.2646,0.0338707
19.2646,0.0337618
19.2657,0.0337916
19.2657,0.0336927
19.267,0.0337311
19.267,0.0335147
19.2681,0.0335754
19.2681,0.0336284
19.2692,0.0337999
19.2692,0.0338249
19.2704,0.0339718
19.2704,0.0338503
19.2715,0.033869
19.2715,0.0337604
19.2726,0.0337903
19.2726,0.0336915
19.2739,0.0337301
19.2739,0.0336388
19.275,0.033684
19.275,0.0335985
19.2761,0.0337737
19.2761,0.033802
19.2772,0.0339517
19.2772,0.0338328
19.2784,0.0338537
19.2784,0.033747
19.2795,0.0337786
19.2795,0.0336813
19.2806,0.0337211
19.2806,0.033631
19.2819,0.0336771
19.2819,0.0335925
19.283,0.0336434
19.283,0.033563
19.2841,0.0337426
19.2841,0.0337748
19.2852,0.0339279
19.2852,0.0338119
19.2864,0.0338354
19.2864,0.033731
19.2875,0.0337646
19.2875,0.0336691
19.2887,0.0337104
19.2887,0.0336216
19.2899,0.0336689
19.2899,0.0335853
19.291,0.0336371
19.291,0.0335575
19.2921,0.0337378
19.2921,0.0337706
19.2932,0.0339243
19.2932,0.0338087
19.2944,0.0338326
19.2944,0.0337286
19.2956,0.0337625
19.2956,0.0336672
19.2967,0.0337088
19.2967,0.0336202
19.2979,0.0336677
19.2979,0.0335842
19.299,0.0336362
19.299,0.0335567
19.3001,0.0337371
19.3001,0.0337699
19.3012,0.0339237
19.3012,0.0338082
19.3024,0.0338322
19.3024,0.0337282
19.3036,0.0337622
19.3036,0.0336669
19.3047,0.0337085
19.3047,0.03362
19.3059,0.0336675
19.3059,0.033584
19.307,0.033636
19.307,0.0335565
19.3081,0.033737
19.3081,0.0337698
19.3092,0.0339236
19.3092,0.0338082
19.3105,0.0338321
19.3105,0.0337281
19.3116,0.0337621
19.3116,0.0336668
19.3127,0.0337085
19.3127,0.0336199
19.3139,0.0336674
19.3139,0.033584
19.315,0.033636
19.315,0.0335565
19.3161,0.0337369
19.3161,0.0337698
19.3179,0.0339236
19.3179,0.0338081
19.3185,0.0338321
19.3185,0.0337281
19.3196,0.0337621
19.3196,0.0336668
19.3207,0.0337085
19.3207,0.0336199
19.3219,0.0336674
19.3219,0.033584
19.323,0.033636
19.323,0.0335565
19.3241,0.0337369
19.3241,0.0338948
19.3254,0.034033
19.3254,0.0341538
19.3265,0.0341346
19.3265,0.0341178
19.3276,0.0341031
19.3276,0.0340902
19.3287,0.0340789
19.3287,0.034069
19.3299,0.0340604
19.3299,0.0340529
19.331,0.0340463
19.331,0.0340405
19.3321,0.0341604
19.3321,0.0342654
19.3334,0.0343572
19.3334,0.0344375
19.3345,0.0343828
19.3345,0.034335
19.3356,0.0342931
19.3356,0.0342565
19.3367,0.0342244
19.3367,0.0341964
19.3379,0.0341718
19.3379,0.0341503
19.339,0.0341315
19.339,0.0341151
19.3402,0.0342257
19.3402,0.0343225
19.3414,0.0344072
19.3414,0.0344813
19.3425,0.0344211
19.3425,0.0343685
19.3436,0.0343224
19.3436,0.0342821
19.3447,0.0342469
19.3447,0.034216
19.3459,0.034189
19.3459,0.0341654
19.347,0.0341447
19.347,0.0341266
19.3482,0.0342358
19.3482,0.0343313
19.3494,0.0344149
19.3494,0.034488
19.3505,0.034427
19.3505,0.0343737
19.3516,0.0343269
19.3516,0.0342861
19.3527,0.0342503
19.3527,0.034219
19.3539,0.0341916
19.3539,0.0341677
19.3551,0.0342717
19.3551,0.0343628
19.3562,0.0344424
19.3562,0.0345121
19.3574,0.0345731
19.3574,0.0346265
19.3585,0.0345482
19.3585,0.0344796
19.3596,0.0344197
19.3596,0.0343672
19.3607,0.0343213
19.3607,0.0342812
19.3619,0.034246
19.3619,0.0342153
19.3631,0.0343133
19.3631,0.0343992
19.3642,0.0344743
19.3642,0.03454
19.3654,0.0345975
19.3654,0.0346478
19.3665,0.0345668
19.3665,0.034496
19.3676,0.034434
19.3676,0.0343797
19.3687,0.0343323
19.3687,0.0342907
19.37,0.0342544
19.37,0.0342226
19.3711,0.0343198
19.3711,0.0344048
19.3722,0.0344792
19.3722,0.0345443
19.3734,0.0346013
19.3734,0.0346511
19.3745,0.0345697
19.3745,0.0344985
19.3756,0.0344362
19.3756,0.0343817
19.3769,0.034334
19.3769,0.0342922
19.378,0.0342557
19.378,0.0342237
19.3791,0.0343208
19.3791,0.0344057
19.3802,0.03448
19.3802,0.034545
19.3814,0.0346018
19.3814,0.0346516
19.3825,0.0345702
19.3825,0.0344989
19.3836,0.0344365
19.3836,0.034382
19.385,0.0343342
19.385,0.0342924
19.386,0.0342559
19.386,0.0342239
19.3871,0.0343209
19.3871,0.0344058
19.3882,0.0344801
19.3882,0.0345451
19.3894,0.0344769
19.3894,0.0344173
19.3905,0.0343651
19.3905,0.0343195
19.3917,0.0342796
19.3917,0.0342446
19.3929,0.034214
19.3929,0.0341873
19.394,0.0341639
19.394,0.0341434
19.3951,0.0342505
19.3951,0.0343442
19.3962,0.0344261
19.3962,0.0344979
19.3974,0.0344356
19.3974,0.0343812
19.3985,0.0343335
19.3985,0.0342918
19.3997,0.0342554
19.3997,0.0342234
19.4009,0.0341955
19.4009,0.0341711
19.402,0.0341497
19.402,0.034131
19.4031,0.0342396
19.4031,0.0343347
19.4042,0.0344178
19.4042,0.0344906
19.4054,0.0344293
19.4054,0.0343756
19.4066,0.0343287
19.4066,0.0342876
19.4077,0.0342516
19.4077,0.0342202
19.4089,0.0341927
19.4089,0.0341686
19.41,0.0341475
19.41,0.0341291
19.4111,0.0342379
19.4111,0.0343332
19.4122,0.0344165
19.4122,0.0344895
19.4134,0.0344283
19.4134,0.0343747
19.4146,0.0343279
19.4146,0.0342869
19.4157,0.0342511
19.4157,0.0342197
19.4169,0.0341922
19.4169,0.0341682
19.418,0.0341472
19.418,0.0341288
19.4191,0.0342377
19.4191,0.034333
19.4202,0.0344163
19.4202,0.0344893
19.4215,0.0344281
19.4215,0.0343746
19.4226,0.0343278
19.4226,0.0342868
19.4237,0.034251
19.4237,0.0342196
19.425,0.0341921
19.425,0.0341681
19.426,0.0341471
19.426,0.0341287
19.4271,0.0342376
19.4271,0.0343329
19.4282,0.0344163
19.4282,0.0344893
19.4295,0.0344281
19.4295,0.0343746
19.4306,0.0343278
19.4306,0.0342868
19.4317,0.034251
19.4317,0.0342196
19.4329,0.0341921
19.4329,0.0341681
19.434,0.0341471
19.434,0.0341287
19.4351,0.0342376
19.4351,0.0343329
19.4364,0.0344163
19.4364,0.0344893
19.4375,0.0344281
19.4375,0.0343746
19.4386,0.0343278
19.4386,0.0342868
19.4397,0.0342509
19.4397,0.0342196
19.4409,0.0341921
19.4409,0.0341681
19.442,0.0341471
19.442,0.0341287
19.4431,0.0342376
19.4431,0.0343329
19.4444,0.0344163
19.4444,0.0344893
19.4456,0.0344281
19.4456,0.0343746
19.4466,0.0343278
19.4466,0.0342868
19.4477,0.0342509
19.4477,0.0342196
19.4489,0.0341921
19.4489,0.0341681
19.45,0.0341471
19.45,0.0341287
19.4512,0.0342376
19.4512,0.0343329
19.4524,0.0344163
19.4524,0.0344893
19.4535,0.0344281
19.4535,0.0343746
19.4546,0.0344528
19.4546,0.0343962
19.4557,0.0344716
19.4557,0.0344127
19.4569,0.0344861
19.4569,0.0344253
19.4581,0.0346222
19.4581,0.0346694
19.4592,0.0348357
19.4592,0.0348563
19.4604,0.0349992
19.4604,0.0349993
19.4615,0.0351244
19.4615,0.0349839
19.4626,0.0349859
19.4626,0.0348626
19.4637,0.0348798
19.4637,0.0347698
19.465,0.0347986
19.465,0.0346988
19.4661,0.0348614
19.4661,0.0348788
19.4672,0.0350189
19.4672,0.0350165
19.4684,0.0351395
19.4684,0.035122
19.4695,0.0352318
19.4695,0.0350778
19.4706,0.0350681
19.4706,0.0349346
19.4717,0.0349428
19.4717,0.0348249
19.473,0.0348468
19.473,0.0347409
19.4741,0.0348983
19.4741,0.034911
19.4752,0.0350472
19.4752,0.0350413
19.4764,0.0351611
19.4764,0.035141
19.4775,0.0352483
19.4775,0.0350923
19.4786,0.0350808
19.4786,0.0349457
19.4797,0.0349525
19.4797,0.0348334
19.481,0.0348542
19.481,0.0347474
19.4821,0.034904
19.4821,0.034916
19.4832,0.0350515
19.4832,0.0350451
19.4844,0.0351644
19.4844,0.0351439
19.4856,0.0352509
19.4856,0.0350945
19.4866,0.0350827
19.4866,0.0349474
19.4879,0.034954
19.4879,0.0348347
19.489,0.0348554
19.489,0.0347484
19.4901,0.0349049
19.4901,0.0349168
19.4912,0.0350522
19.4912,0.0350457
19.4924,0.035165
19.4924,0.0350193
19.4935,0.0350169
19.4935,0.0348898
19.4946,0.0349036
19.4946,0.0347906
19.4959,0.0348168
19.4959,0.0347147
19.497,0.0347504
19.497,0.0346566
19.4981,0.0348245
19.4981,0.0348464
19.4992,0.0349906
19.4992,0.0349918
19.5004,0.0351178
19.5004,0.0349781
19.5015,0.0349808
19.5015,0.0348582
19.5027,0.034876
19.5027,0.0347665
19.5039,0.0347956
19.5039,0.0346962
19.505,0.0347342
19.505,0.0346424
19.5061,0.0348121
19.5061,0.0348356
19.5072,0.0349811
19.5072,0.0349835
19.5084,0.0351106
19.5084,0.0349717
19.5095,0.0349753
19.5095,0.0348534
19.5107,0.0348717
19.5107,0.0347627
19.5119,0.0347924
19.5119,0.0346933
19.5136,0.0348567
19.5136,0.0348746
19.5141,0.0350153
19.5141,0.0350134
19.5152,0.0351367
19.5152,0.0351196
19.5164,0.0352296
19.5164,0.0350759
19.5176,0.0350664
19.5176,0.0349331
19.5187,0.0349415
19.5187,0.0348238
19.5199,0.0348458
19.5199,0.0347401
19.521,0.0347726
19.521,0.034676
19.5221,0.0348415
19.5221,0.0348613
19.5232,0.0350037
19.5232,0.0350032
19.5245,0.0351278
19.5245,0.0349868
19.5256,0.0349885
19.5256,0.0348649
19.5267,0.0348818
19.5267,0.0347716
19.5279,0.0348001
19.5279,0.0347001
19.529,0.0347376
19.529,0.0346454
19.5301,0.0348147
19.5301,0.0348379
19.5312,0.0349831
19.5312,0.0349853
19.5325,0.0351121
19.5325,0.0349731
19.5336,0.0349764
19.5336,0.0348544
19.5347,0.0348726
19.5347,0.0347635
19.5359,0.0347931
19.5359,0.0346939
19.537,0.0347322
19.537,0.0346407
19.5381,0.0348106
19.5381,0.0348343
19.5394,0.03498
19.5394,0.0349825
19.5405,0.0351097
19.5405,0.034971
19.5416,0.0349746
19.5416,0.0348528
19.5427,0.0348712
19.5427,0.0347623
19.5439,0.034792
19.5439,0.034693
19.545,0.0347314
19.545,0.0346399
19.5461,0.03481
19.5461,0.0348337
19.5474,0.0349795
19.5474,0.0348571
19.5485,0.0348749
19.5485,0.0347656
19.5496,0.0347949
19.5496,0.0346955
19.5507,0.0347336
19.5507,0.0346419
19.5519,0.0346866
19.5519,0.0346008
19.553,0.0346507
19.553,0.0345694
19.5542,0.0347482
19.5542,0.0347797
19.5554,0.0349322
19.5554,0.0349407
19.5565,0.0350731
19.5565,0.034939
19.5576,0.0349466
19.5576,0.0348283
19.5587,0.0348497
19.5587,0.0347435
19.5599,0.0347756
19.5599,0.0346786
19.561,0.0347188
19.561,0.0346289
19.5622,0.0348003
19.5622,0.0348253
19.5634,0.0349721
19.5634,0.0349756
19.5645,0.0351037
19.5645,0.0349657
19.5656,0.03497
19.5656,0.0348487
19.5667,0.0348676
19.5667,0.0347592
19.5679,0.0347893
19.5679,0.0346906
19.5691,0.0348543
19.5691,0.0348725
19.5702,0.0350134
19.5702,0.0350118
19.5714,0.0351353
19.5714,0.0351184
19.5725,0.0352286
19.5725,0.035075
19.5736,0.0350656
19.5736,0.0349324
19.5747,0.0349409
19.5747,0.0348233
19.5759,0.0348454
19.5759,0.0347397
19.5771,0.0348972
19.5771,0.0349101
19.5782,0.0350463
19.5782,0.0350405
19.5794,0.0351605
19.5794,0.0351404
19.5805,0.0352478
19.5805,0.0350919
19.5816,0.0350804
19.5816,0.0349453
19.5827,0.0349522
19.5827,0.0348331
19.584,0.034854
19.584,0.0348723
19.5851,0.0350132
19.5851,0.0351366
19.5862,0.0352445
19.5862,0.0353389
19.5874,0.0354216
19.5874,0.0354939
19.5885,0.0355571
19.5885,0.0356125
19.5896,0.0355359
19.5896,0.0354689
19.5907,0.0354103
19.5907,0.035359
19.592,0.0353142
19.592,0.0352749
19.5931,0.0353655
19.5931,0.0354448
19.5942,0.0355142
19.5942,0.0355749
19.5954,0.0356281
19.5954,0.0356746
19.5965,0.0357152
19.5965,0.0357508
19.5976,0.035657
19.5976,0.0355749
19.5989,0.035503
19.5989,0.0354401
19.6,0.0353851
19.6,0.035337
19.6011,0.0354199
19.6011,0.0354924
19.6022,0.0355558
19.6022,0.0356113
19.6034,0.0356599
19.6034,0.0357024
19.6045,0.0356146
19.6045,0.0355378
19.6057,0.0354706
19.6057,0.0354118
19.6069,0.0353603
19.6069,0.0353152
19.608,0.0352758
19.608,0.0352414
19.6091,0.0353362
19.6091,0.0354192
19.6102,0.0354918
19.6102,0.0355553
19.6114,0.0356109
19.6114,0.0356595
19.6125,0.0355771
19.6125,0.0355049
19.6137,0.0354418
19.6137,0.0353866
19.615,0.0353383
19.615,0.035296
19.616,0.035259
19.616,0.0352266
19.6171,0.0353233
19.6171,0.0354079
19.6182,0.0354819
19.6182,0.0355467
19.6194,0.0356033
19.6194,0.0356529
19.6206,0.0355713
19.6206,0.0354999
19.6217,0.0354374
19.6217,0.0353827
19.6229,0.0353349
19.6229,0.035293
19.624,0.0352564
19.624,0.0352243
19.6251,0.0353213
19.6251,0.0354061
19.6262,0.0354804
19.6262,0.0355453
19.6274,0.0356022
19.6274,0.0356519
19.6286,0.0355704
19.6286,0.0354991
19.6297,0.0354367
19.6297,0.0353821
19.6309,0.0353344
19.6309,0.0352926
19.632,0.035256
19.632,0.035224
19.6331,0.035321
19.6331,0.0354059
19.6342,0.0354801
19.6342,0.0355451
19.6356,0.035602
19.6356,0.0356517
19.6366,0.0355703
19.6366,0.035499
19.6377,0.0354366
19.6377,0.035382
19.6389,0.0353343
19.6389,0.0352925
19.64,0.0352559
19.64,0.0352239
19.6411,0.0353209
19.6411,0.0354058
19.6422,0.0354801
19.6422,0.0355451
19.6435,0.0356019
19.6435,0.0356517
19.6446,0.0355702
19.6446,0.035499
19.6457,0.0354366
19.6457,0.035382
19.6469,0.0353343
19.6469,0.0352925
19.648,0.0352559
19.648,0.0352239
19.6491,0.0353209
19.6491,0.0354058
19.6504,0.0354801
19.6504,0.0355451
19.6515,0.0356019
19.6515,0.0356517
19.6526,0.0355702
19.6526,0.035499
19.6537,0.0354366
19.6537,0.035382
19.655,0.0353343
19.655,0.0352925
19.656,0.0352559
19.656,0.0352239
19.6571,0.0353209
19.6571,0.0354058
19.6584,0.0354801
19.6584,0.0355451
19.6595,0.0356019
19.6595,0.0356517
19.6606,0.0355702
19.6606,0.035499
19.6617,0.0354366
19.6617,0.035382
19.6629,0.0353343
19.6629,0.0352925
19.664,0.0352559
19.664,0.0352239
19.6652,0.0353209
19.6652,0.0354058
19.6664,0.0354801
19.6664,0.0355451
19.6675,0.0356019
19.6675,0.0356517
19.6686,0.0355702
19.6686,0.035499
19.6697,0.0354366
19.6697,0.035382
19.6709,0.0353343
19.6709,0.0352925
19.6721,0.0353809
19.6721,0.0354583
19.6732,0.035526
19.6732,0.0355853
19.6744,0.0356371
19.6744,0.0356825
19.6756,0.0357222
19.6756,0.0357569
19.6766,0.0356623
19.6766,0.0355795
19.6777,0.0355071
19.6777,0.0354437
19.6789,0.0353882
19.6789,0.0353397
19.6801,0.0354222
19.6801,0.0354944
19.6812,0.0355576
19.6812,0.0356129
19.6824,0.0356613
19.6824,0.0357037
19.6835,0.0357407
19.6835,0.0357731
19.6846,0.0356765
19.6846,0.0355919
19.6857,0.0355179
19.6857,0.0354532
19.687,0.0353965
19.687,0.035347
19.6881,0.0354286
19.6881,0.0355
19.6892,0.0355625
19.6892,0.0356172
19.6904,0.0356651
19.6904,0.0357069
19.6915,0.0357436
19.6915,0.0357756
19.6926,0.0356787
19.6926,0.0355938
19.6937,0.0355196
19.6937,0.0354546
19.695,0.0353978
19.695,0.0353481
19.6961,0.0354296
19.6961,0.0355009
19.6972,0.0355633
19.6972,0.0356179
19.6984,0.0356656
19.6984,0.0357074
19.6995,0.035744
19.6995,0.035776
19.7006,0.035679
19.7006,0.0355941
19.7019,0.0355199
19.7019,0.0354549
19.703,0.035398
19.703,0.0353483
19.7041,0.0354297
19.7041,0.035501
19.7052,0.0355634
19.7052,0.035618
19.7064,0.0356657
19.7064,0.0357075
19.7075,0.0356191
19.7075,0.0355417
19.7086,0.035474
19.7086,0.0354147
19.7099,0.0353629
19.7099,0.0353175
19.711,0.0352778
19.711,0.0352431
19.7121,0.0353377
19.7121,0.0354205
19.7132,0.0354929
19.7132,0.0355563
19.7144,0.0356118
19.7144,0.0356603
19.7156,0.0355778
19.7156,0.0355055
19.7167,0.0354424
19.7167,0.0353871
19.7179,0.0354637
19.7179,0.0354057
19.719,0.03548
19.719,0.03542
19.7201,0.0356175
19.7201,0.0356653
19.7212,0.0358321
19.7212,0.0358531
19.7224,0.0359965
19.7224,0.0359969
19.7235,0.0361223
19.7235,0.035982
19.7247,0.0359843
19.7247,0.0358612
19.7259,0.0358786
19.7259,0.0357688
19.727,0.0357977
19.727,0.035698
19.7281,0.0358607
19.7281,0.0358781
19.7292,0.0360184
19.7292,0.0360161
19.7304,0.0361391
19.7304,0.0361217
19.7316,0.0362315
19.7316,0.0360775
19.7327,0.0360678
19.7327,0.0359344
19.7339,0.0359426
19.7339,0.0358247
19.735,0.0358466
19.735,0.0357408
19.7361,0.0358982
19.7361,0.0359109
19.7372,0.0360471
19.7372,0.0360412
19.7384,0.036161
19.7384,0.0361409
19.7396,0.0362483
19.7396,0.0360923
19.7407,0.0360807
19.7407,0.0359456
19.7419,0.0359524
19.7419,0.0358334
19.743,0.0358542
19.743,0.0357474
19.7441,0.035904
19.7441,0.035916
19.7452,0.0360515
19.7452,0.0360451
19.7465,0.0361644
19.7465,0.0361439
19.7476,0.0362509
19.7476,0.0360945
19.7487,0.0360827
19.7487,0.0359474
19.7499,0.0359539
19.7499,0.0358347
19.751,0.0358554
19.751,0.0357484
19.7521,0.0359049
19.7521,0.0359168
19.7534,0.0360522
19.7534,0.0360457
19.7545,0.0361649
19.7545,0.0361443
19.7556,0.0362513
19.7556,0.0360949
19.7567,0.036083
19.7567,0.0359476
19.7579,0.0359542
19.7579,0.0358349
19.759,0.0358555
19.759,0.0357486
19.7601,0.035905
19.7601,0.0359169
19.7614,0.0360523
19.7614,0.0360457
19.7625,0.036165
19.7625,0.0361444
19.7636,0.0362514
19.7636,0.0360949
19.7647,0.0360831
19.7647,0.0359477
19.7659,0.0359542
19.7659,0.0358349
19.767,0.0358556
19.767,0.0357486
19.7682,0.035905
19.7682,0.0359169
19.7694,0.0360523
19.7694,0.0360458
19.7705,0.036165
19.7705,0.0361444
19.7716,0.0362514
19.7716,0.0360949
19.7727,0.0360831
19.7727,0.0359477
19.7739,0.0359542
19.7739,0.0358349
19.775,0.0358556
19.775,0.0357486
19.7762,0.0359051
19.7762,0.0359169
19.7774,0.0360523
19.7774,0.0360458
19.7785,0.036165
19.7785,0.0361444
19.7796,0.0362514
19.7796,0.0360949
19.7807,0.0360831
19.7807,0.0359477
19.7819,0.0359542
19.7819,0.0358349
19.7831,0.0359806
19.7831,0.035983
19.7842,0.0361101
19.7842,0.0360964
19.7854,0.0362093
19.7854,0.0361832
19.7865,0.0362853
19.7865,0.0362496
19.7876,0.0363434
19.7876,0.0361755
19.7887,0.0361535
19.7887,0.0360093
19.7899,0.0360082
19.7899,0.0358822
19.7911,0.0360219
19.7911,0.0360191
19.7922,0.0361418
19.7922,0.036124
19.7934,0.0362335
19.7934,0.0362043
19.7945,0.0363038
19.7945,0.0362658
19.7956,0.0363576
19.7956,0.0361879
19.7967,0.0361644
19.7967,0.0360189
19.798,0.0360165
19.798,0.0358894
19.7991,0.0360283
19.7991,0.0360247
22.9046,0.0318966
22.9046,0.0282846
22.9059,0.025249
22.9059,0.0225929
22.907,0.0203938
22.907,0.0184695
22.9081,0.0170358
22.9081,0.0157814
22.9092,0.0148087
22.9092,0.0139576
22.9104,0.0133379
22.9104,0.0127957
22.9115,0.0124462
22.9115,0.0121404
22.9127,0.0119979
22.9127,0.0118731
22.9139,0.011889
22.9139,0.0119029
22.915,0.01204
22.915,0.01216
22.9161,0.012515
22.9161,0.0128256
22.9172,0.0132224
22.9172,0.0135696
22.9184,0.0139984
22.9184,0.0143736
22.9196,0.0148269
22.9196,0.0152236
22.9207,0.0156956
22.9207,0.0161087
22.9219,0.0165951
22.9219,0.0170207
22.923,0.0175181
22.923,0.0179533
22.9241,0.0185842
22.9241,0.0191361
22.9252,0.0197441
22.9252,0.0202761
22.9264,0.0208666
22.9264,0.0213833
22.9276,0.0219604
22.9276,0.0224653
22.9287,0.0230322
22.9287,0.0235281
22.9299,0.0240871
22.9299,0.0245762
22.931,0.0251292
22.931,0.025613
22.9321,0.0262864
22.9321,0.0268756
22.9332,0.0275162
22.9332,0.0280766
22.9345,0.0286921
22.9345,0.0292306
22.9356,0.0298267
22.9356,0.0303484
22.9367,0.0309298
22.9367,0.0314386
22.9379,0.0320088
22.9379,0.0325077
22.939,0.0330692
22.939,0.0335606
22.9401,0.0339905
22.9401,0.0342417
22.9412,0.0345865
22.9412,0.0348882
22.9425,0.0351521
22.9425,0.0353831
22.9436,0.0357102
22.9436,0.0358715
22.9447,0.0361375
22.9447,0.0363703
22.9459,0.036449
22.9459,0.0365179
22.947,0.0367032
22.947,0.0367403
22.9481,0.0370227
22.9481,0.0372699
22.9494,0.0374862
22.9494,0.0376754
22.9505,0.037966
22.9505,0.0380952
22.9516,0.0383333
22.9516,0.0385417
22.9527,0.0387239
22.9527,0.0388835
22.9539,0.039148
22.9539,0.0392545
22.955,0.0394727
22.955,0.0396636
22.9561,0.0399557
22.9561,0.0402112
22.9574,0.0405598
22.9574,0.0406148
22.9585,0.040788
22.9585,0.0409395
22.9596,0.041072
22.9596,0.041188
22.9607,0.0414145
22.9607,0.0414877
22.9619,0.0416767
22.9619,0.0418422
22.963,0.0419869
22.963,0.0421135
22.9642,0.0424743
22.9642,0.042665
22.9654,0.0429569
22.9654,0.0432123
22.9665,0.0434358
22.9665,0.0436313
22.9676,0.0439274
22.9676,0.0440615
22.9687,0.0443038
22.9687,0.0445158
22.9699,0.0445763
22.9699,0.0446293
22.971,0.0448006
22.971,0.0448255
22.9722,0.0450974
22.9722,0.0453352
22.9734,0.0455433
22.9734,0.0457254
22.9745,0.0460097
22.9745,0.0461335
22.9756,0.0463668
22.9756,0.046571
22.9767,0.0467496
22.9767,0.0469059
22.9779,0.0471676
22.9779,0.0472717
22.9791,0.0476127
22.9791,0.0479111
22.9802,0.0481722
22.9802,0.0484007
22.9814,0.0487256
22.9814,0.0487599
22.9825,0.0489149
22.9825,0.0490506
22.9836,0.0491692
22.9836,0.0492731
22.9847,0.0494889
22.9847,0.0495528
22.986,0.0497337
22.986,0.049892
22.9871,0.0501555
22.9871,0.0503861
22.9882,0.0507128
22.9882,0.0508737
22.9894,0.0511395
22.9894,0.0513721
22.9905,0.0515755
22.9905,0.0517536
22.9916,0.0520344
22.9916,0.0521551
22.9927,0.0523857
22.9927,0.0525875
22.994,0.0526391
22.994,0.0526842
22.9951,0.0529737
22.9951,0.0531019
22.9962,0.0533392
22.9962,0.0535468
22.9974,0.0537285
22.9974,0.0538874
22.9985,0.0541515
22.9985,0.0542575
22.9996,0.0544753
22.9996,0.0546659
23.0009,0.0548327
23.0009,0.0549786
23.002,0.0552313
23.002,0.0553274
23.0031,0.0556614
23.0031,0.0559538
23.0042,0.0562095
23.0042,0.0564333
23.0054,0.0567542
23.0054,0.0567849
23.0065,0.0569368
23.0065,0.0570697
23.0076,0.057186
23.0076,0.0572877
23.0089,0.0575018
23.0089,0.057564
23.01,0.0577435
23.01,0.0579006
23.0111,0.058163
23.0111,0.0583926
23.0122,0.0587186
23.0122,0.0588787
23.0134,0.0591439
23.0134,0.0593759
23.0145,0.0595789
23.0145,0.0597566
23.0157,0.060037
23.0157,0.0601574
23.0169,0.0603877
23.0169,0.0605892
23.018,0.0606406
23.018,0.0606855
23.0191,0.0609748
23.0191,0.061103
23.0202,0.0613401
23.0202,0.0615476
23.0214,0.0617291
23.0214,0.061888
23.0225,0.062152
23.0225,0.062258
23.0237,0.0624757
23.0237,0.0626663
23.025,0.062833
23.025,0.0629789
23.026,0.0632315
23.026,0.0633276
23.0271,0.0636616
23.0271,0.0639539
23.0282,0.0642097
23.0282,0.0644335
23.0294,0.0647543
23.0294,0.064785
23.0306,0.0649369
23.0306,0.0650698
23.0317,0.065186
23.0317,0.0652878
23.0329,0.0655018
23.0329,0.0655641
23.034,0.0657436
23.034,0.0659006
23.0351,0.066163
23.0351,0.0663927
23.0362,0.0667186
23.0362,0.0668788
23.0374,0.0671439
23.1401,0.0715009
23.2093,0.0714383
23.2594,0.0713835
23.295,0.0687106
23.343,0.0662468
23.3721,0.0623409
23.3732,0.0590483
23.3732,0.0561673
23.3745,0.0536464
23.3745,0.0513156
23.3756,0.0494011
23.3756,0.047601
23.3767,0.0461509
23.3767,0.044757
23.3779,0.0435374
23.3779,0.0424702
23.379,0.0416614
23.379,0.0408287
23.3801,0.0403502
23.3801,0.0398064
23.3814,0.0393306
23.3814,0.0387893
23.3825,0.0384406
23.3825,0.0380105
23.3836,0.0376342
23.3836,0.0373049
23.3847,0.0371418
23.3847,0.0368741
23.3859,0.0367648
23.3859,0.0365442
23.387,0.0363512
23.387,0.0361823
23.3882,0.0361595
23.3882,0.0360146
23.3894,0.0360127
23.3894,0.0358862
23.3905,0.0359004
23.3905,0.0357878
23.3916,0.0358144
23.3916,0.0357126
23.3927,0.0357485
23.3927,0.0356549
23.3939,0.0355731
23.3939,0.0355014
23.395,0.0354387
23.395,0.0352589
23.3962,0.0353515
23.3962,0.0354326
23.3974,0.0355035
23.3974,0.0355656
23.3985,0.0356199
23.3985,0.0355424
23.3996,0.0355996
23.3996,0.0355246
23.4007,0.0354591
23.4007,0.0354017
23.4019,0.0353515
23.4019,0.0353075
23.4031,0.0353941
23.4031,0.0354698
23.4042,0.0355361
23.4042,0.0355941
23.4054,0.0356448
23.4054,0.0355642
23.4065,0.0356187
23.4065,0.0355414
23.4076,0.0354737
23.4076,0.0354145
23.4087,0.0353627
23.4087,0.0353173
23.4099,0.0352777
23.4099,0.035243
23.4111,0.0353376
23.4111,0.0354204
23.4122,0.0354928
23.4122,0.0355562
23.4134,0.0356117
23.4134,0.0356602
23.4145,0.0357027
23.4145,0.0357399
23.4156,0.0356474
23.4156,0.0355665
23.4167,0.0354957
23.4167,0.0354337
23.418,0.0353795
23.418,0.035332
23.4191,0.0354155
23.4191,0.0354886
23.4202,0.0355525
23.4202,0.0356085
23.4214,0.0356574
23.4214,0.0357002
23.4225,0.0357377
23.4225,0.0357705
23.4236,0.0356742
23.4236,0.0355899
23.4247,0.0355162
23.4247,0.0354516
23.426,0.0353952
23.426,0.0353458
23.4271,0.0354276
23.4271,0.0354991
23.4282,0.0355617
23.4282,0.0356165
23.4294,0.0356644
23.4294,0.0357064
23.4305,0.0357431
23.4305,0.0357752
23.4316,0.0356783
23.4316,0.0355935
23.4329,0.0355193
23.4329,0.0354544
23.434,0.0353976
23.434,0.0353479
23.4351,0.0354294
23.4351,0.0355007
23.4362,0.0355631
23.4362,0.0356178
23.4374,0.0356655
23.4374,0.0357073
23.4385,0.0356189
23.4385,0.0355416
23.4396,0.0354739
23.4396,0.0354146
23.4409,0.0353628
23.4409,0.0353175
23.442,0.0352778
23.442,0.035243
23.4431,0.0353377
23.4431,0.0354205
23.4442,0.0354929
23.4442,0.0355563
23.4454,0.0356117
23.4454,0.0356603
23.4465,0.0355777
23.4465,0.0355055
23.4477,0.0354423
23.4477,0.035387
23.4489,0.0354637
23.4489,0.0354057
23.45,0.03548
23.45,0.03542
23.4511,0.0356175
23.4511,0.0356653
23.4522,0.0358321
23.4522,0.0358531
23.4534,0.0359965
23.4534,0.0359969
23.4545,0.0361223
23.4545,0.035982
23.4557,0.0359843
23.4557,0.0358612
23.4569,0.0358786
23.4569,0.0357688
23.458,0.0357977
23.458,0.035698
23.4591,0.0358607
23.4591,0.0358781
23.4602,0.0360184
23.4602,0.0360161
23.4614,0.036139
23.4614,0.0361217
23.4626,0.0362315
23.4626,0.0360775
23.4637,0.0360678
23.4637,0.0359344
23.465,0.0359426
23.465,0.0358247
23.466,0.0358466
23.466,0.0357408
23.4671,0.0358982
23.4671,0.0359109
23.4682,0.0360471
23.4682,0.0360412
23.4695,0.036161
23.4695,0.0361409
23.4706,0.0362483
23.4706,0.0360923
23.4717,0.0360807
23.4717,0.0359456
23.4729,0.0359524
23.4729,0.0358334
23.474,0.0358542
23.474,0.0357474
23.4751,0.035904
23.4751,0.035916
23.4762,0.0360515
23.4762,0.0360451
23.4775,0.0361644
23.4775,0.0361439
23.4786,0.0362509
23.4786,0.0360945
23.4797,0.0360827
23.4797,0.0359474
23.4809,0.0359539
23.4809,0.0358347
23.482,0.0358554
23.482,0.0357484
23.4831,0.0359049
23.4831,0.0359168
23.4844,0.0360522
23.4844,0.0360457
23.4856,0.0361649
23.4856,0.0361443
23.4866,0.0362513
23.4866,0.0360949
23.4877,0.036083
23.4877,0.0359476
23.4889,0.0359542
23.4889,0.0358349
23.49,0.0358555
23.49,0.0357486
23.4911,0.035905
23.4911,0.0359169
23.4924,0.0360523
23.4924,0.0360457
23.4935,0.036165
23.4935,0.0361444
23.4946,0.0362514
23.4946,0.0360949
23.4957,0.0360831
23.4957,0.0359477
23.4969,0.0359542
23.4969,0.0358349
23.498,0.0358556
23.498,0.0357486
23.4992,0.035905
23.4992,0.0359169
23.5004,0.0360523
23.5004,0.0360458
23.5015,0.036165
23.5015,0.0361444
23.5026,0.0362514
23.5026,0.0360949
23.5037,0.0360831
23.5037,0.0359477
23.505,0.0359542
23.505,0.0358349
23.506,0.0358556
23.506,0.0357486
23.5072,0.0359051
23.5072,0.0359169
23.5084,0.0360523
23.5084,0.0360458
23.5095,0.036165
23.5095,0.0361444
23.5106,0.0362514
23.5106,0.0360949
23.5117,0.0360831
23.5117,0.0359477
23.5129,0.0359542
23.5129,0.0358349
23.5141,0.0359806
23.5141,0.035983
23.5152,0.0361101
23.5152,0.0360964
23.5164,0.0362093
23.5164,0.0361832
23.5175,0.0362853
23.5175,0.0362496
23.5186,0.0363434
23.5186,0.0361755
23.5197,0.0361535
23.5197,0.0360093
23.5209,0.0360082
23.5209,0.0358822
23.5221,0.0360219
23.5221,0.0360191
23.5232,0.0361418
23.5232,0.036124
23.5244,0.0362335
23.5244,0.0362043
23.5256,0.0363038
23.5256,0.0362658
23.5266,0.0363576
23.5266,0.0361879
23.5277,0.0361644
23.5277,0.0360189
23.529,0.0360165
23.529,0.0358894
23.5301,0.0360283
23.5301,0.0360247
23.5312,0.0361466
23.5312,0.0361283
23.5324,0.0362373
23.5324,0.0362076
23.5335,0.0363067
23.5335,0.0362683
23.5346,0.0363598
23.5346,0.0361898
23.5359,0.0361661
23.5359,0.0360203
23.537,0.0360178
23.537,0.0358906
23.5381,0.0360292
23.5381,0.0360256
23.5392,0.0361474
23.5392,0.036129
23.5404,0.0362378
23.5404,0.0362081
23.5415,0.0363071
23.5415,0.0362687
23.5426,0.0363601
23.5426,0.0361901
23.5439,0.0361663
23.5439,0.0360205
23.545,0.036018
23.545,0.0358907
23.5461,0.0360294
23.5461,0.0360257
23.5472,0.0361475
23.5472,0.0361291
23.5484,0.0362379
23.5484,0.0362082
23.5495,0.0363072
23.5495,0.0361438
23.5507,0.0361258
23.5507,0.0359851
23.5519,0.0359869
23.5519,0.0358636
23.553,0.0358806
23.553,0.0357705
23.5541,0.0359242
23.5541,0.0360587
23.5552,0.0361764
23.5552,0.0362793
23.5564,0.0363694
23.5564,0.0364482
23.5575,0.0365172
23.5575,0.0365775
23.5587,0.0365054
23.5587,0.0364422
23.5599,0.0363869
23.5599,0.0363385
23.561,0.0362962
23.561,0.0362592
23.5621,0.0363518
23.5621,0.0364328
23.5632,0.0365037
23.5632,0.0365658
23.5644,0.03662
23.5644,0.0366675
23.5656,0.0367091
23.5656,0.0367455
23.5667,0.0366523
23.5667,0.0365707
23.5679,0.0364994
23.5679,0.036437
23.569,0.0363823
23.569,0.0363346
23.5701,0.0364177
23.5701,0.0364905
23.5712,0.0365542
23.5712,0.0366099
23.5724,0.0366587
23.5724,0.0367013
23.5736,0.0367387
23.5736,0.0367713
23.5747,0.0366749
23.5747,0.0365906
23.5759,0.0365167
23.5759,0.0364521
23.577,0.0363956
23.577,0.0363462
23.5781,0.0364279
23.5781,0.0364994
23.5792,0.036562
23.5792,0.0366167
23.5805,0.0366646
23.5805,0.0367066
23.5816,0.0367432
23.5816,0.0367753
23.5827,0.0366784
23.5827,0.0365936
23.5839,0.0365194
23.5839,0.0364545
23.585,0.0363977
23.585,0.036348
23.5861,0.0364295
23.5861,0.0365008
23.5872,0.0365632
23.5872,0.0366178
23.5885,0.0366656
23.5885,0.0367074
23.5896,0.0367439
23.5896,0.036776
23.5907,0.036679
23.5907,0.0365941
23.5919,0.0365198
23.5919,0.0364548
23.593,0.036398
23.593,0.0363482
23.5941,0.0364297
23.5941,0.036501
23.5954,0.0365634
23.5954,0.036618
23.5965,0.0366657
23.5965,0.0367075
23.5976,0.0367441
23.5976,0.036776
23.5987,0.036679
23.5987,0.0365942
23.6365,0.0366449
23.6365,0.0365643
23.6376,0.0366187
23.6376,0.0365414
23.6387,0.0365987
23.6387,0.0365239
23.64,0.0365834
23.64,0.0366355
23.6411,0.036431
23.6411,0.0351272
23.6422,0.0341113
23.6422,0.0330974
23.6434,0.0322102
23.6434,0.0314339
23.6445,0.0307547
23.6445,0.0300353
23.6456,0.0295309
23.6456,0.0289646
23.6469,0.028469
23.6469,0.0280354
23.648,0.0277809
23.648,0.0274333
23.6491,0.0273792
23.6491,0.0272068
23.6502,0.0270559
23.6502,0.0269239
23.6514,0.0268084
23.6514,0.0265824
23.6525,0.0265096
23.6525,0.0263209
23.6536,0.0262808
23.6536,0.0262457
23.655,0.026215
23.655,0.0260631
23.656,0.0260552
23.656,0.0259233
23.6571,0.0259329
23.6571,0.0259413
23.6582,0.0259486
23.6582,0.02583
23.6594,0.0258513
23.6594,0.0258699
23.6605,0.0258861
23.6605,0.0259004
23.6617,0.0259128
23.6617,0.0257987
23.6629,0.0258239
23.6629,0.0257209
23.664,0.0257558
23.664,0.0256613
23.6651,0.0258286
23.6651,0.0258501
23.6662,0.0259938
23.6662,0.0258696
23.6674,0.0258859
23.6674,0.0257751
23.6685,0.0258033
23.6685,0.0257028
23.6697,0.02574
23.6697,0.0256475
23.6709,0.0256916
23.6709,0.0256051
23.672,0.0256545
23.672,0.0255727
23.6731,0.0257511
23.6731,0.0257822
23.6742,0.0259344
23.6742,0.0258176
23.6754,0.0258404
23.6754,0.0257354
23.6766,0.0257684
23.6766,0.0256724
23.6777,0.0257133
23.6777,0.0256242
23.6789,0.0256711
23.6789,0.0255873
23.68,0.0256388
23.68,0.025559
23.6811,0.0257391
23.6811,0.0257717
23.6822,0.0259253
23.6822,0.0258096
23.6835,0.0258334
23.6835,0.0257292
23.6846,0.0257631
23.6846,0.0256677
23.6857,0.0257092
23.6857,0.0256206
23.6869,0.025668
23.6869,0.0255845
23.688,0.0256364
23.688,0.0255569
23.6891,0.0257373
23.6891,0.0257701
23.6902,0.0259238
23.6902,0.0258084
23.6915,0.0258323
23.6915,0.0257283
23.6926,0.0257622
23.6926,0.025667
23.6937,0.0257086
23.6937,0.02562
23.695,0.0256675
23.695,0.0255841
23.696,0.0256361
23.696,0.0255566
23.6971,0.025737
23.6971,0.0257699
23.6984,0.0259236
23.6984,0.0258082
23.6995,0.0258322
23.6995,0.0257281
23.7006,0.0257621
23.7006,0.0256669
23.7017,0.0257085
23.7017,0.0256199
23.7029,0.0256674
23.7029,0.025584
23.704,0.025636
23.704,0.0255565
23.7051,0.0257369
23.7051,0.0257698
23.7064,0.0259236
23.7064,0.0258081
23.7075,0.0258321
23.7075,0.0257281
23.7086,0.0257621
23.7086,0.0256668
23.7097,0.0257085
23.7097,0.0256199
23.7109,0.0256674
23.7109,0.025584
23.712,0.025636
23.712,0.0255565
23.7132,0.0257369
23.7132,0.0257698
23.7144,0.0259236
23.7144,0.0258081
23.7156,0.0258321
23.7156,0.0257281
23.7166,0.0257621
23.7166,0.0257918
23.7177,0.0258179
23.7177,0.0258406
23.7189,0.0258605
23.7189,0.025878
23.72,0.0258932
23.72,0.0259066
23.7212,0.0260433
23.7212,0.0261628
23.7224,0.0262675
23.7224,0.0263591
23.7235,0.0263142
23.7235,0.0262749
23.7246,0.0262405
23.7246,0.0262105
23.7257,0.0261842
23.7257,0.0261611
23.7269,0.026141
23.7269,0.0261234
23.7281,0.0262329
23.7281,0.0263288
23.7292,0.0264127
23.7292,0.0264861
23.7304,0.0265504
23.7304,0.0266066
23.7315,0.0265307
23.7315,0.0264644
23.7326,0.0264064
23.7326,0.0263556
23.7337,0.0263111
23.7337,0.0262722
23.735,0.0262382
23.735,0.0262084
23.7361,0.0263074
23.7361,0.0263939
23.7372,0.0264697
23.7372,0.026536
23.7384,0.026594
23.7384,0.0266447
23.7395,0.0265641
23.7395,0.0264936
23.7406,0.0264319
23.7406,0.0263779
23.7417,0.0263307
23.7417,0.0262894
23.743,0.0262532
23.743,0.0262215
23.7441,0.0263188
23.7441,0.026404
23.7452,0.0264785
23.7452,0.0265437
23.7464,0.0266007
23.7464,0.0266506
23.7475,0.0265693
23.7475,0.0264981
23.7486,0.0264359
23.7486,0.0263814
23.7497,0.0263337
23.7497,0.026292
23.751,0.0262555
23.751,0.0262236
23.7521,0.0263206
23.7521,0.0264055
23.7532,0.0264798
23.7532,0.0265449
23.7544,0.0264768
23.7544,0.0264172
23.7556,0.026365
23.7556,0.0263194
23.7566,0.0262795
23.7566,0.0262445
23.7579,0.026214
23.7579,0.0261872
23.759,0.0261638
23.759,0.0261433
23.7601,0.0262504
23.7601,0.0263441
23.7612,0.0264261
23.7612,0.0264978
23.7624,0.0264356
23.7624,0.0263812
23.7635,0.0263335
23.7635,0.0262918
23.7647,0.0262553
23.7647,0.0262234
23.7659,0.0261955
23.7659,0.0261711
23.767,0.0261497
23.767,0.026131
23.7681,0.0262396
23.7681,0.0263346
23.7692,0.0264178
23.7692,0.0264906
23.7704,0.0264293
23.7704,0.0263756
23.7715,0.0263287
23.7715,0.0262876
23.7727,0.0262516
23.7727,0.0262202
23.7739,0.0261926
23.7739,0.0261686
23.775,0.0261475
23.775,0.0261291
23.7761,0.0262379
23.7761,0.0263332
23.7772,0.0264165
23.7772,0.0264895
23.7784,0.0264283
23.7784,0.0263747
23.7796,0.0263279
23.7796,0.0262869
23.7807,0.0262511
23.7807,0.0262197
23.7819,0.0261922
23.7819,0.0261682
23.783,0.0261472
23.783,0.0261288
23.7841,0.0262377
23.7841,0.026333
23.7852,0.0264163
23.7852,0.0264893
23.7864,0.0264281
23.7864,0.0263746
23.7876,0.0263278
23.7876,0.0262868
23.7887,0.026251
23.7887,0.0262196
23.7899,0.0261921
23.7899,0.0261681
23.791,0.0261471
23.791,0.0261287
23.7921,0.0262376
23.7921,0.0263329
23.7932,0.0264163
23.7932,0.0264893
23.7945,0.0264281
23.7945,0.0263746
23.7956,0.0263278
23.7956,0.0262868
23.7967,0.0262509
23.7967,0.0262196
23.7979,0.0261921
23.7979,0.0261681
23.799,0.0261471
23.799,0.0261287
23.8001,0.0262376
23.8001,0.0263329
23.8012,0.0264163
23.8012,0.0264893
23.8025,0.0264281
23.8025,0.0263746
23.8036,0.0263278
23.8036,0.0262868
23.8047,0.0262509
23.8047,0.0262196
23.8059,0.0261921
23.8059,0.0261681
23.807,0.0261471
23.807,0.0261287
23.8081,0.0262376
23.8081,0.0263329
23.8094,0.0264163
23.8094,0.0264893
23.8105,0.0264281
23.8105,0.0263746
23.8116,0.0263278
23.8116,0.0262868
23.8127,0.0262509
23.8127,0.0262196
23.8139,0.0261921
23.8139,0.0261681
23.815,0.0261471
23.815,0.0261287
23.8161,0.0262376
23.8161,0.0263329
23.8174,0.0264163
23.8174,0.0264893
23.8185,0.0264281
23.8185,0.0263746
23.8196,0.0263278
23.8196,0.0262868
23.8207,0.0262509
23.8207,0.0262196
23.8219,0.0263171
23.8219,0.0262775
23.823,0.0263678
23.823,0.0263218
23.8242,0.0265316
23.8242,0.0265901
23.8254,0.0267664
23.8254,0.0267956
23.8265,0.0269461
23.8265,0.0268279
23.8276,0.0268494
23.8276,0.0267432
23.8287,0.0267753
23.8287,0.0266784
23.8299,0.0267186
23.8299,0.0266288
23.8311,0.0268002
23.8311,0.0268251
23.8322,0.026972
23.8322,0.0269755
23.8334,0.0271036
23.8334,0.0270906
23.8345,0.0272043
23.8345,0.0270538
23.8356,0.027047
23.8356,0.0269162
23.8367,0.0269266
23.8367,0.0268108
23.8379,0.0268345
23.8379,0.0267301
23.8391,0.0268889
23.8391,0.0269028
23.8402,0.0270399
23.8402,0.0270349
23.8414,0.0271556
23.8414,0.0271361
23.8425,0.0272441
23.8425,0.0270886
23.8436,0.0270775
23.8436,0.0269428
23.8447,0.02695
23.8447,0.0268312
23.846,0.0268523
23.846,0.0267458
23.8471,0.0269026
23.8471,0.0269147
23.8482,0.0270504
23.8482,0.0270441
23.8494,0.0271636
23.8494,0.0271431
23.8505,0.0272502
23.8505,0.027094
23.8516,0.0270822
23.8516,0.0269469
23.8527,0.0269536
23.8527,0.0268344
23.854,0.0268551
23.854,0.0267482
23.8551,0.0269047
23.8551,0.0269166
23.8562,0.027052
23.8562,0.0270455
23.8574,0.0271648
23.8574,0.0270192
23.8585,0.0270168
23.8585,0.0268897
23.8596,0.0269035
23.8596,0.0267906
23.8609,0.0268167
23.8609,0.0267146
23.862,0.0267503
23.862,0.0266565
23.8631,0.0268245
23.8631,0.0268464
23.8642,0.0269906
23.8642,0.0269918
23.8654,0.0271178
23.8654,0.0269781
23.8665,0.0269808
23.8665,0.0268582
23.8676,0.0268759
23.8676,0.0267664
23.8689,0.0267956
23.8689,0.0266962
23.87,0.0267342
23.87,0.0266424
23.8711,0.0268121
23.8711,0.0268356
23.8722,0.0269811
23.8722,0.0269835
23.8734,0.0271106
23.8734,0.0269717
23.8745,0.0269753
23.8745,0.0268534
23.8757,0.0268717
23.8757,0.0267627
23.8769,0.0267924
23.8769,0.0266933
23.878,0.0267317
23.878,0.0266402
23.8791,0.0268102
23.8791,0.0268339
23.8802,0.0269797
23.8802,0.0269822
23.8814,0.0271094
23.8814,0.0269708
23.8825,0.0269744
23.8825,0.0268526
23.8837,0.026871
23.8837,0.0267622
23.885,0.0267919
23.885,0.0266929
23.886,0.0267313
23.886,0.0266399
23.8871,0.0268099
23.8871,0.0268337
23.8882,0.0269794
23.8882,0.026982
23.8894,0.0271093
23.8894,0.0269706
23.8906,0.0269743
23.8906,0.0268525
23.8917,0.0268709
23.8917,0.0267621
23.8929,0.0267918
23.8929,0.0266928
23.894,0.0267312
23.894,0.0266398
23.8951,0.0268098
23.8951,0.0268336
23.8962,0.0269794
23.8962,0.026982
23.8974,0.0271092
23.8974,0.0269706
23.8986,0.0269743
23.8986,0.0268525
23.8997,0.0268709
23.8997,0.026762
23.9009,0.0267918
23.9009,0.0266928
23.902,0.0267312
23.902,0.0266398
23.9031,0.0268098
23.9031,0.0268336
23.9042,0.0269794
23.9042,0.026982
23.9056,0.0271092
23.9056,0.0269706
23.9066,0.0269743
23.9066,0.0268525
23.9077,0.0268709
23.9077,0.026762
23.9089,0.0267918
23.9089,0.0266928
23.91,0.0267312
23.91,0.0266398
23.9111,0.0268098
23.9111,0.0268336
23.9124,0.0269794
23.9124,0.026982
23.9135,0.0271092
23.9135,0.0269706
23.9146,0.0269743
23.9146,0.0268525
23.9157,0.0268709
23.9157,0.026762
23.9169,0.0267918
23.9169,0.0266928
23.918,0.0267312
23.918,0.0266398
23.9191,0.0268098
23.9191,0.0268336
23.9204,0.0269794
23.9204,0.026982
23.9215,0.0271092
23.9215,0.0272206
23.9226,0.027193
23.9226,0.0271689
23.9237,0.0271478
23.9237,0.0271293
23.925,0.0271131
23.925,0.027099
23.926,0.0270866
23.926,0.0270758
23.9272,0.0271913
23.9272,0.0272924
23.9284,0.0273808
23.9284,0.0274582
23.9295,0.027526
23.9295,0.0275852
23.9306,0.0275121
23.9306,0.0274481
23.9317,0.027392
23.9317,0.027343
23.9329,0.0273002
23.9329,0.0272626
23.934,0.0272298
23.934,0.0272011
23.9352,0.0273009
23.9352,0.0273883
23.9364,0.0274648
23.9364,0.0275317
23.9375,0.0275902
23.9375,0.0276414
23.9386,0.0275613
23.9386,0.0274911
23.9397,0.0274297
23.9397,0.027376
23.9409,0.027329
23.9409,0.0272879
23.9421,0.0273769
23.9421,0.0274548
23.9432,0.0275229
23.9432,0.0275826
23.9444,0.0276347
23.9444,0.0276804
23.9456,0.0277204
23.9456,0.0277553
23.9466,0.0276609
23.9466,0.0275783
23.9477,0.027506
23.9477,0.0274427
23.9489,0.0273874
23.9489,0.027339
23.9501,0.0274216
23.9501,0.0274939
23.9512,0.0275572
23.9512,0.0276125
23.9524,0.027661
23.9524,0.0277033
23.9535,0.0277404
23.9535,0.0277729
23.9546,0.0276763
23.9546,0.0275917
23.9557,0.0275178
23.9557,0.027453
23.957,0.0273964
23.957,0.0273469
23.9581,0.0274285
23.9581,0.0274999
23.9592,0.0275624
23.9592,0.0276171
23.9604,0.027665
23.9604,0.0277069
23.9615,0.0277435
23.9615,0.0277756
23.9626,0.0276786
23.9626,0.0275938
23.9637,0.0275196
23.9637,0.0274546
23.965,0.0273978
23.965,0.0273481
23.9661,0.0274296
23.9661,0.0275009
23.9672,0.0275633
23.9672,0.0276178
23.9684,0.0276656
23.9684,0.0277074
23.9695,0.027619
23.9695,0.0275416
23.9706,0.0274739
23.9706,0.0274147
23.9719,0.0273628
23.9719,0.0273175
23.973,0.0272778
23.973,0.0272431
23.9741,0.0273377
23.9741,0.0274205
23.9752,0.0274929
23.9752,0.0275563
23.9764,0.0276118
23.9764,0.0276603
23.9775,0.0275778
23.9775,0.0275055
23.9787,0.0274423
23.9787,0.0273871
23.9799,0.0273387
23.9799,0.0272963
23.981,0.0272593
23.981,0.0272269
23.9821,0.0273235
23.9821,0.0274081
23.9832,0.0274821
23.9832,0.0275468
23.9844,0.0276035
23.9844,0.027653
23.9856,0.0275714
23.9856,0.0275
23.9867,0.0274375
23.9867,0.0273828
23.9879,0.0273349
23.9879,0.0272931
23.989,0.0272564
23.989,0.0272244
23.9901,0.0273213
23.9901,0.0274062
23.9912,0.0274804
23.9912,0.0275453
23.9924,0.0276022
23.9924,0.0276519
23.9936,0.0275704
23.9936,0.0274991
23.9947,0.0274367
23.9947,0.0273821
23.9959,0.0273344
23.9959,0.0272926
23.997,0.027256
23.997,0.027224
23.9981,0.027321
23.9981,0.0274059
23.9992,0.0274801
23.9992,0.0275451
24.0004,0.027602
24.0004,0.0276517
24.0016,0.0275703
24.0016,0.027499
24.0027,0.0274366
24.0027,0.027382
24.0039,0.0273343
24.0039,0.0272925
24.005,0.0272559
24.005,0.0272239
24.0061,0.0273209
24.0061,0.0274058
24.0072,0.0274801
24.0072,0.0275451
24.0085,0.0276019
24.0085,0.0276517
24.0096,0.0275702
24.0096,0.027499
24.0107,0.0274366
24.0107,0.027382
24.0119,0.0273343
24.0119,0.0272925
24.013,0.0272559
24.013,0.0272239
24.0141,0.0273209
24.0141,0.0274058
24.0152,0.0274801
24.0152,0.0275451
24.0165,0.0276019
24.0165,0.0276517
24.0176,0.0275702
24.0176,0.027499
24.0187,0.0274366
24.0187,0.027382
24.0199,0.0273343
24.0199,0.0272925
24.021,0.0272559
24.021,0.0272239
24.0221,0.0273209
24.0221,0.0274058
24.0234,0.0274801
24.0234,0.0275451
24.0245,0.0276019
24.0245,0.0276517
24.0256,0.0278202
24.0256,0.0277177
24.0267,0.027753
24.0267,0.0276589
24.0279,0.0277015
24.0279,0.0276138
24.029,0.0276621
24.029,0.0275793
24.0301,0.0277569
24.0301,0.0277873
24.0314,0.0279389
24.0314,0.0279465
24.0325,0.0280782
24.0325,0.0280684
24.0336,0.0281849
24.0336,0.0280368
24.0347,0.0280322
24.0347,0.0279032
24.0359,0.0279153
24.0359,0.0278008
24.037,0.0278257
24.037,0.0277225
24.0382,0.0278822
24.0382,0.0278969
24.0394,0.0280348
24.0394,0.0280305
24.0405,0.0281517
24.0405,0.0281327
24.0416,0.0282411
24.0416,0.028086
24.0427,0.0280752
24.0427,0.0279408
24.0439,0.0279482
24.0439,0.0278297
24.045,0.027851
24.045,0.0277446
24.0462,0.0279015
24.0462,0.0279138
24.0474,0.0280496
24.0474,0.0280434
24.0485,0.028163
24.0485,0.0281426
24.0496,0.0282498
24.0496,0.0280936
24.0507,0.0280819
24.0507,0.0279466
24.0519,0.0279533
24.0519,0.0278341
24.0531,0.0279799
24.0531,0.0279824
24.0542,0.0281096
24.0542,0.0280959
24.0554,0.0282089
24.0554,0.0281828
24.0565,0.0282849
24.0565,0.0282493
24.0576,0.0283432
24.0576,0.0281753
24.0587,0.0281534
24.0587,0.0280092
24.06,0.028008
24.06,0.027882
24.0611,0.0280218
24.0611,0.0280191
24.0622,0.0281417
24.0622,0.028124
24.0634,0.0282335
24.0634,0.0282043
24.0645,0.0283037
24.0645,0.0282658
24.0656,0.0283576
24.0656,0.0281879
24.0667,0.0281644
24.0667,0.0280188
24.068,0.0280165
24.068,0.0278894
24.0691,0.0280282
24.0691,0.0280247
24.0702,0.0281466
24.0702,0.0281283
24.0714,0.0282373
24.0714,0.0282076
24.0725,0.0283066
24.0725,0.0282683
24.0736,0.0283598
24.0736,0.0281898
24.075,0.0281661
24.075,0.0280203
24.076,0.0280178
24.076,0.0278906
24.0771,0.0280292
24.0771,0.0280256
24.0782,0.0281474
24.0782,0.028129
24.0794,0.0282378
24.0794,0.0282081
24.0805,0.0283071
24.0805,0.0281437
24.0816,0.0281257
24.0816,0.027985
24.0829,0.0279869
24.0829,0.0278635
24.084,0.0278806
24.084,0.0277705
24.0851,0.0279242
24.0851,0.0279337
24.0862,0.028067
24.0862,0.0280586
24.0874,0.0281763
24.0874,0.0281542
24.0885,0.02826
24.0885,0.0281025
24.0897,0.0280897
24.0897,0.0279534
24.0909,0.0279593
24.0909,0.0278394
24.092,0.0278594
24.092,0.027752
24.0931,0.027908
24.0931,0.0279195
24.0942,0.0280546
24.0942,0.0280477
24.0954,0.0281668
24.0954,0.0281459
24.0965,0.0282527
24.0965,0.0280961
24.0977,0.0280841
24.0977,0.0279486
24.0989,0.027955
24.0989,0.0278356
24.1,0.0278562
24.1,0.0277492
24.1011,0.0279055
24.1011,0.0279173
24.1022,0.0280527
24.1022,0.0280461
24.1034,0.0281653
24.1034,0.0281446
24.1046,0.0282516
24.1046,0.0280951
24.1057,0.0280832
24.1057,0.0279478
24.1069,0.0279543
24.1069,0.0278351
24.108,0.0278557
24.108,0.0277487
24.1091,0.0279051
24.1091,0.027917
24.1102,0.0280524
24.1102,0.0280458
24.1114,0.0281651
24.1114,0.0281445
24.1126,0.0282514
24.1126,0.028095
24.1137,0.0280831
24.1137,0.0279477
24.115,0.0279542
24.115,0.027835
24.116,0.0278556
24.116,0.0277486
24.1171,0.0279051
24.1171,0.0279169
24.1182,0.0280523
24.1182,0.0280458
24.1195,0.0281651
24.1195,0.0281444
24.1206,0.0282514
24.1206,0.0280949
24.1217,0.0280831
24.1217,0.0279477
24.1229,0.0279542
24.1229,0.027835
24.124,0.0278556
24.124,0.0277486
24.1251,0.0279051
24.1251,0.0279169
24.1264,0.0280523
24.1264,0.0280458
24.1275,0.028165
24.1275,0.0281444
24.1286,0.0282514
24.1286,0.0280949
24.1297,0.0280831
24.1297,0.0280727
24.1309,0.0280636
24.1309,0.0280557
24.132,0.0280487
24.132,0.0280426
24.1331,0.0281623
24.1331,0.028267
24.1344,0.0283586
24.1344,0.0284388
24.1356,0.0285089
24.1356,0.0285703
24.1366,0.028624
24.1366,0.028671
24.1377,0.0285871
24.1377,0.0285138
24.1389,0.0284495
24.1389,0.0283933
24.14,0.0283442
24.14,0.0283012
24.1412,0.0283885
24.1412,0.0284649
24.1424,0.0285318
24.1424,0.0285903
24.1435,0.0286416
24.1435,0.0286864
24.1446,0.0287256
24.1446,0.0287599
24.1457,0.0286649
24.1457,0.0285818
24.1469,0.0285091
24.1469,0.0284454
24.148,0.0283897
24.148,0.028341
24.1492,0.0284234
24.1492,0.0284955
24.1504,0.0285585
24.1504,0.0286137
24.1515,0.028662
24.1515,0.0287043
24.1526,0.0287412
24.1526,0.0287736
24.1537,0.0286769
24.1537,0.0285923
24.155,0.0285182
24.155,0.0284535
24.1561,0.0285218
24.1561,0.0285815
24.1572,0.0286339
24.1572,0.0286796
24.1584,0.0287197
24.1584,0.0287547
24.1595,0.0287854
24.1595,0.0288122
24.1606,0.0288357
24.1606,0.0288562
24.1617,0.0287492
24.1617,0.0286555
24.1629,0.0285736
24.1629,0.0285019
24.1641,0.0285642
24.1641,0.0286186
24.1652,0.0286663
24.1652,0.028708
24.1664,0.0287445
24.1664,0.0287764
24.1675,0.0288044
24.1675,0.0288288
24.1686,0.0288502
24.1686,0.028869
24.1697,0.0287603
24.1697,0.0286653
24.171,0.0285821
24.171,0.0285094
24.1721,0.0285707
24.1721,0.0286244
24.1732,0.0286713
24.1732,0.0287124
24.1744,0.0287483
24.1744,0.0287798
24.1756,0.0288073
24.1756,0.0288314
24.1766,0.0288525
24.1766,0.0288709
24.1777,0.0287621
24.1777,0.0286668
24.179,0.0285834
24.179,0.0285105
24.1801,0.0285717
24.1801,0.0286252
24.1812,0.0286721
24.1812,0.0287131
24.1824,0.0287489
24.1824,0.0287803
24.1835,0.0288078
24.1835,0.0288318
24.1846,0.0287278
24.1846,0.0286369
24.1859,0.0285572
24.1859,0.0284876
24.187,0.0284266
24.187,0.0283733
24.1881,0.0284516
24.1881,0.0285202
24.1892,0.0285802
24.1892,0.0286326
24.1904,0.0286786
24.1904,0.0287187
24.1915,0.0287539
24.1915,0.0287847
24.1926,0.0286866
24.1926,0.0286008
24.1939,0.0285257
24.1939,0.02846
24.195,0.0284025
24.195,0.0283521
24.1961,0.0284331
24.1961,0.028504
24.1972,0.028566
24.1972,0.0286202
24.1984,0.0286677
24.1984,0.0287092
24.1995,0.0287456
24.1995,0.0287774
24.2007,0.0286802
24.2007,0.0285952
24.2019,0.0285208
24.2019,0.0284557
24.203,0.0283987
24.203,0.0283489
24.2041,0.0284303
24.2041,0.0285015
24.2052,0.0285638
24.2052,0.0286183
24.2064,0.028666
24.2064,0.0287078
24.2076,0.0287443
24.2076,0.0287763
24.2087,0.0286792
24.2087,0.0285943
24.2099,0.02852
24.2099,0.028455
24.211,0.0283982
24.211,0.0283484
24.2121,0.0284298
24.2121,0.0285011
24.2132,0.0285635
24.2132,0.028618
24.2144,0.0286658
24.2144,0.0287076
24.2156,0.0287441
24.2156,0.0287761
24.2167,0.0286791
24.2167,0.0285942
24.2179,0.0285199
24.2179,0.0284549
24.219,0.0283981
24.219,0.0283483
24.2201,0.0284298
24.2201,0.028501
24.2212,0.0285634
24.2212,0.028618
24.2225,0.0286657
24.2225,0.0287075
24.2236,0.0287441
24.2236,0.0287761
24.2247,0.0286791
24.2247,0.0285942
24.2259,0.0285199
24.2259,0.0284549
24.227,0.0283981
24.227,0.0283483
24.2281,0.0284298
24.2281,0.028501
24.2292,0.0285634
24.2292,0.028618
24.2305,0.0286657
24.2305,0.0287075
24.2316,0.0287441
24.2316,0.0287761
24.2327,0.0286791
24.2327,0.0285942
24.2339,0.0285199
24.2339,0.0284549
24.235,0.028398
24.235,0.0283483
24.2361,0.0284298
24.2361,0.028501
24.2374,0.0286884
24.2374,0.0287274
24.2385,0.0288864
24.2385,0.0289006
24.2396,0.029038
24.2396,0.0290333
24.2407,0.0291541
24.2407,0.0290099
24.2419,0.0290086
24.2419,0.0288826
24.243,0.0288972
24.243,0.0287851
24.2441,0.0289369
24.2441,0.0289448
24.2454,0.0290767
24.2454,0.0290671
24.2465,0.0291837
24.2465,0.0291608
24.2476,0.0292657
24.2476,0.0292325
24.2487,0.0293284
24.2487,0.0291624
24.2499,0.0291421
24.2499,0.0289993
24.251,0.0289994
24.251,0.0288745
24.2522,0.0290152
24.2522,0.0290133
24.2534,0.0291366
24.2534,0.0291195
24.2545,0.0292296
24.2545,0.0292009
24.2556,0.0293008
24.2556,0.0292632
24.2567,0.0293553
24.2567,0.0291859
24.2579,0.0291626
24.2579,0.0290173
24.259,0.0290151
24.259,0.0288882
24.2602,0.0290272
24.2602,0.0290238
24.2614,0.0291458
24.2614,0.0291276
24.2625,0.0292367
24.2625,0.0292071
24.2636,0.0293062
24.2636,0.0292679
24.2647,0.0293594
24.2647,0.0291895
24.2659,0.0291658
24.2659,0.0290201
24.2671,0.0291426
24.2671,0.0291247
24.2682,0.0292342
24.2682,0.0292049
24.2694,0.0293043
24.2694,0.0292662
24.2705,0.029358
24.2705,0.0293132
24.2716,0.0293991
24.2716,0.0293492
24.2727,0.0294305
24.2727,0.0292517
24.274,0.0292202
24.274,0.0290677
24.2751,0.0291843
24.2751,0.0291612
24.2762,0.0292661
24.2762,0.0292328
24.2774,0.0293287
24.2774,0.0292876
24.2785,0.0293767
24.2785,0.0293296
24.2796,0.0294134
24.2796,0.0293617
24.2807,0.0294415
24.2807,0.0292613
24.282,0.0292286
24.282,0.0290751
24.2831,0.0291907
24.2831,0.0291668
24.2842,0.029271
24.2842,0.0292371
24.2854,0.0293325
24.2854,0.0292909
24.2865,0.0293796
24.2865,0.0293321
24.2876,0.0294156
24.2876,0.0293636
24.2889,0.0294432
24.2889,0.0292628
24.29,0.0292299
24.29,0.0290762
24.2911,0.0291917
24.2911,0.0291677
24.2922,0.0292717
24.2922,0.0292378
24.2934,0.0293331
24.2934,0.0292914
24.2945,0.02938
24.2945,0.0293325
24.2956,0.0294159
24.2956,0.0292389
24.2969,0.0292091
24.2969,0.0290579
24.298,0.0290507
24.298,0.0289194
24.2991,0.0290544
24.2991,0.0290476
24.3002,0.0291667
24.3002,0.0291458
24.3014,0.0292526
24.3014,0.029221
24.3025,0.0293184
24.3025,0.0292786
24.3037,0.0293688
24.3037,0.0291977
24.305,0.029173
24.305,0.0290263
24.306,0.0290231
24.306,0.0288952
24.3071,0.0290333
24.3071,0.0290291
24.3082,0.0291505
24.3082,0.0291317
24.3094,0.0292402
24.3094,0.0292102
24.3105,0.0293089
24.3105,0.0292703
24.3117,0.0293615
24.3117,0.0291913
24.3129,0.0291674
24.3129,0.0290215
24.314,0.0290188
24.314,0.0288914
24.3151,0.02903
24.3151,0.0290263
24.3162,0.029148
24.3162,0.0291295
24.3174,0.0292383
24.3174,0.0292085
24.3186,0.0293074
24.3186,0.029269
24.3197,0.0293604
24.3197,0.0291903
24.3209,0.0291665
24.3209,0.0290207
24.322,0.0290181
24.322,0.0288909
24.3231,0.0290295
24.3231,0.0290258
24.3242,0.0291476
24.3242,0.0291291
24.3254,0.029238
24.3254,0.0292083
24.3266,0.0293072
24.3266,0.0292688
24.3277,0.0293602
24.3277,0.0291902
24.3289,0.0291664
24.3289,0.0290206
24.33,0.029018
24.33,0.0288908
24.3311,0.0290294
24.3311,0.0290258
24.3322,0.0291475
24.3322,0.0291291
24.3335,0.029238
24.3335,0.0292082
24.3346,0.0293072
24.3346,0.0292688
24.3357,0.0293602
24.3357,0.0291902
24.3369,0.0291664
24.3369,0.0290206
24.338,0.029018
24.338,0.0288908
24.3391,0.0290294
24.3391,0.0290257
24.3402,0.0291475
24.3402,0.0291291
24.3415,0.0292379
24.3415,0.0292082
24.3426,0.0293072
24.3426,0.0292688
24.3437,0.0293602
24.3437,0.0291902
24.345,0.0291664
24.345,0.0290206
24.346,0.029018
24.346,0.0290158
24.3471,0.0291388
24.3471,0.0292464
24.3484,0.0293406
24.3484,0.0294231
24.3495,0.0294952
24.3495,0.0295583
24.3506,0.0296135
24.3506,0.0296618
24.3517,0.0297041
24.3517,0.0297411
24.3529,0.0296484
24.3529,0.0295674
24.354,0.0294965
24.354,0.0294344
24.3552,0.0295051
24.3552,0.029567
24.3564,0.0296211
24.3564,0.0296685
24.3575,0.0297099
24.3575,0.0297462
24.3586,0.0297779
24.3586,0.0298057
24.3597,0.0298299
24.3597,0.0298512
24.3609,0.0297448
24.3609,0.0296517
24.362,0.0295702
24.362,0.029499
24.3632,0.0295616
24.3632,0.0296164
24.3644,0.0296643
24.3644,0.0297063
24.3656,0.029743
24.3656,0.0297751
24.3666,0.0298032
24.3666,0.0298278
24.3677,0.0298494
24.3677,0.0298682
24.3689,0.0297597
24.3689,0.0296647
24.3701,0.0297066
24.3701,0.0297433
24.3712,0.0297754
24.3712,0.0298035
24.3724,0.029828
24.3724,0.0298495
24.3735,0.0298683
24.3735,0.0298848
24.3746,0.0298992
24.3746,0.0299118
24.3757,0.0299228
24.3757,0.0299325
24.3769,0.0298159
24.3769,0.0297139
24.3781,0.0297497
24.3781,0.029781
24.3792,0.0298083
24.3792,0.0298323
24.3804,0.0298533
24.3804,0.0298716
24.3815,0.0298877
24.3815,0.0299017
24.3826,0.029914
24.3826,0.0299247
24.3837,0.0299341
24.3837,0.0299424
24.385,0.0298246
24.385,0.0297215
24.3861,0.0297563
24.3861,0.0297868
24.3872,0.0298134
24.3872,0.0298367
24.3884,0.0298572
24.3884,0.029875
24.3895,0.0298906
24.3895,0.0299043
24.3906,0.0299163
24.3906,0.0299267
24.3917,0.0299359
24.3917,0.0299439
24.393,0.0298259
24.393,0.0297227
24.3941,0.0297573
24.3941,0.0297877
24.3952,0.0298142
24.3952,0.0298374
24.3964,0.0298578
24.3964,0.0298755
24.3975,0.0298911
24.3975,0.0299047
24.3986,0.0299166
24.3986,0.029927
24.3999,0.0298112
24.3999,0.0297098
24.401,0.029621
24.401,0.0295434
24.4021,0.0296005
24.4021,0.0296504
24.4032,0.0296941
24.4032,0.0297324
24.4044,0.0297658
24.4044,0.0297951
24.4056,0.0298207
24.4056,0.0298431
24.4066,0.0298627
24.4066,0.0298799
24.4079,0.0297699
24.4079,0.0296737
24.409,0.0295894
24.409,0.0295158
24.4101,0.0295763
24.4101,0.0296293
24.4112,0.0296756
24.4112,0.0297162
24.4124,0.0297516
24.4124,0.0297827
24.4135,0.0298098
24.4135,0.0298336
24.4147,0.0298544
24.4147,0.0298726
24.4159,0.0297635
24.4159,0.0296681
24.417,0.0295846
24.417,0.0295115
24.4181,0.0295726
24.4181,0.029626
24.4192,0.0296727
24.4192,0.0297137
24.4204,0.0297494
24.4204,0.0297808
24.4216,0.0298082
24.4216,0.0298321
24.4227,0.0298531
24.4227,0.0298715
24.4239,0.0297625
24.4239,0.0296672
24.425,0.0295838
24.425,0.0295108
24.4261,0.029572
24.4261,0.0296255
24.4272,0.0296723
24.4272,0.0297133
24.4284,0.0297491
24.4284,0.0297805
24.4296,0.0298079
24.4296,0.0298319
24.4307,0.0298529
24.4307,0.0298713
24.4319,0.0297624
24.4319,0.0296671
24.433,0.0295837
24.433,0.0295107
24.4341,0.0295719
24.4341,0.0296254
24.4352,0.0296722
24.4352,0.0297132
24.4365,0.0297491
24.4365,0.0297804
24.4376,0.0298079
24.4376,0.0298319
24.4387,0.0298529
24.4387,0.0298713
24.4399,0.0297624
24.4399,0.0296671
24.441,0.0295837
24.441,0.0295107
24.4421,0.0295719
24.4421,0.0296254
24.4432,0.0296722
24.4432,0.0297132
24.4445,0.029749
24.4445,0.0297804
24.4456,0.0298079
24.4456,0.0298319
24.4467,0.0298529
24.4467,0.0298713
24.4479,0.0297624
24.4479,0.0296671
24.449,0.0295837
24.449,0.0295107
24.4501,0.0295719
24.4501,0.0296254
24.4514,0.0296722
24.4514,0.0297132
24.4525,0.029749
24.4525,0.0297804
24.4536,0.0298079
24.4536,0.0298319
24.4547,0.0298529
24.4547,0.0298713
24.4559,0.0297624
24.4559,0.0296671
24.457,0.0295837
24.457,0.0295107
24.4581,0.0296969
24.4581,0.0297348
24.4594,0.0298929
24.4594,0.0299063
24.4605,0.030043
24.4605,0.0300376
24.4616,0.0301579
24.4616,0.0301382
24.4627,0.0302459
24.4627,0.0302152
24.4639,0.0303133
24.4639,0.0301491
24.465,0.0301305
24.465,0.0299892
24.4662,0.0301155
24.4662,0.0301011
24.4674,0.0302134
24.4674,0.0301868
24.4685,0.0302884
24.4685,0.0302524
24.4696,0.0303458
24.4696,0.0303026
24.4707,0.0303898
24.4707,0.030341
24.4719,0.0304234
24.4719,0.0302455
24.473,0.0302148
24.473,0.030063
24.4742,0.0301801
24.4742,0.0301576
24.4754,0.0302629
24.4754,0.03023
24.4765,0.0303263
24.4765,0.0302855
24.4776,0.0303748
24.4776,0.0303279
24.4787,0.030412
24.4787,0.0303605
24.4799,0.0304404
24.4799,0.0302603
24.4811,0.0303528
24.4811,0.0303087
24.4822,0.0303951
24.4822,0.0303457
24.4834,0.0304275
24.4834,0.0303741
24.4845,0.0304523
24.4845,0.0303958
24.4856,0.0304713
24.4856,0.0304124
24.4867,0.0304858
24.4867,0.0304251
24.4879,0.030497
24.4879,0.0303098
24.4891,0.0303961
24.4891,0.0303466
24.4902,0.0304283
24.4902,0.0303747
24.4914,0.0304529
24.4914,0.0303963
24.4925,0.0304717
24.4925,0.0304128
24.4936,0.0304862
24.4936,0.0304254
24.4947,0.0304972
24.4947,0.0304351
24.496,0.0305057
24.496,0.0303175
24.4971,0.0304028
24.4971,0.0303524
24.4982,0.0304334
24.4982,0.0303792
24.4994,0.0304568
24.4994,0.0303997
24.5005,0.0304747
24.5005,0.0304154
24.5016,0.0304885
24.5016,0.0304274
24.5029,0.030499
24.5029,0.0304366
24.504,0.030507
24.504,0.0303187
24.5051,0.0304038
24.5051,0.0303533
24.5062,0.0304342
24.5062,0.0303799
24.5074,0.0304574
24.5074,0.0304002
24.5085,0.0304752
24.5085,0.0304158
24.5096,0.0304888
24.5096,0.0304277
24.5109,0.0304993
24.5109,0.0303119
24.512,0.0302729
24.512,0.0301138
24.5131,0.0302245
24.5131,0.0301965
24.5142,0.0302969
24.5142,0.0302598
24.5154,0.0303523
24.5154,0.0303083
24.5165,0.0303947
24.5165,0.0303454
24.5177,0.0304272
24.5177,0.0303738
24.5189,0.0304521
24.5189,0.0302706
24.52,0.0302368
24.52,0.0300822
24.5211,0.0301969
24.5211,0.0301723
24.5222,0.0302757
24.5222,0.0302413
24.5234,0.0303361
24.5234,0.0302941
24.5245,0.0303823
24.5245,0.0303345
24.5257,0.0304177
24.5257,0.0303655
24.5269,0.0304448
24.5269,0.0302642
24.528,0.0302312
24.528,0.0300773
24.5291,0.0301926
24.5291,0.0301685
24.5302,0.0302725
24.5302,0.0302384
24.5314,0.0303336
24.5314,0.0302919
24.5326,0.0303804
24.5326,0.0303329
24.5337,0.0304163
24.5337,0.0303642
24.535,0.0304437
24.535,0.0302632
24.536,0.0302303
24.536,0.0300765
24.5371,0.030192
24.5371,0.030168
24.5382,0.030272
24.5382,0.030238
24.5394,0.0303332
24.5394,0.0302916
24.5406,0.0303801
24.5406,0.0303326
24.5417,0.030416
24.5417,0.030364
24.5429,0.0304435
24.5429,0.0302631
24.544,0.0302302
24.544,0.0300764
24.5451,0.0301919
24.5451,0.0301679
24.5462,0.0302719
24.5462,0.0302379
24.5475,0.0303332
24.5475,0.0302915
24.5486,0.0303801
24.5486,0.0303326
24.5497,0.030416
24.5497,0.030364
24.5509,0.0304435
24.5509,0.0302631
24.552,0.0302302
24.552,0.0300764
24.5531,0.0301919
24.5531,0.0301679
24.5542,0.0302719
24.5542,0.0302379
24.5556,0.0303332
24.5556,0.0302915
24.5566,0.0303801
24.5566,0.0303326
24.5577,0.030416
24.5577,0.030364
24.5589,0.0304435
24.5589,0.0302631
24.56,0.0302302
24.56,0.0300764
24.5611,0.0301919
24.5611,0.0301679
24.5624,0.0302719
24.5624,0.0302379
24.5635,0.0303332
24.5635,0.0302915
24.5646,0.0303801
24.5646,0.0303326
24.5657,0.030416
24.5657,0.030364
24.5669,0.0304435
24.5669,0.0302631
24.568,0.0302302
24.568,0.0300764
24.5692,0.0301919
24.5692,0.0301679
24.5704,0.0302719
24.5704,0.0303629
24.5715,0.0304425
24.5715,0.0305122
24.5726,0.0305732
24.5726,0.0306265
24.5737,0.0306732
24.5737,0.0307141
24.575,0.0307498
24.575,0.0307811
24.576,0.0306834
24.576,0.030598
24.5772,0.0306483
24.5772,0.0306922
24.5784,0.0307307
24.5784,0.0307644
24.5795,0.0307938
24.5795,0.0308196
24.5806,0.0308421
24.5806,0.0308619
24.5817,0.0308791
24.5817,0.0308942
24.5829,0.0309075
24.5829,0.030919
24.5841,0.0309292
24.5841,0.030938
24.5852,0.0309458
24.5852,0.0309525
24.5864,0.0309585
24.5864,0.0309637
24.5875,0.0309682
24.5875,0.0309722
24.5886,0.0309757
24.5886,0.0309787
24.5897,0.0309814
24.5897,0.0309837
24.5909,0.0309857
24.5909,0.0309875
24.5921,0.0309891
24.5921,0.0309904
24.5932,0.0309916
24.5932,0.0309927
24.5944,0.0309936
24.5944,0.0309944
24.5956,0.0309951
24.5956,0.0309957
24.5966,0.0309962
24.5966,0.0309967
24.5977,0.0309971
24.5977,0.0309975
24.599,0.0309978
24.599,0.0309981
24.6001,0.0309983
24.6001,0.0309985
24.6012,0.0309987
24.6012,0.0309989
24.6024,0.030999
24.6024,0.0309991
24.6035,0.0309992
24.6035,0.0309993
24.6046,0.0309994
24.6046,0.0309995
24.6057,0.0309996
24.6057,0.0309996
24.607,0.0309997
24.607,0.0309997
24.6081,0.0309997
24.6081,0.0309998
24.6092,0.0309998
24.6092,0.0309998
24.6104,0.0309998
24.6104,0.0309999
24.6115,0.0309999
24.6115,0.0309999
24.6126,0.0309999
24.6126,0.0309999
24.6139,0.0309999
24.6139,0.0309999
24.615,0.0308749
24.615,0.0307656
24.6161,0.0307949
24.6161,0.0308205
24.6172,0.030843
24.6172,0.0308626
24.6184,0.0308798
24.6184,0.0308948
24.6195,0.0309079
24.6195,0.0309194
24.6206,0.0309295
24.6206,0.0309383
24.6219,0.030946
24.6219,0.0309528
24.623,0.0308337
24.623,0.0307295
24.6241,0.0307633
24.6241,0.0307929
24.6252,0.0308188
24.6252,0.0308414
24.6264,0.0308612
24.6264,0.0308786
24.6275,0.0308938
24.6275,0.030907
24.6287,0.0309187
24.6287,0.0309288
24.6299,0.0309377
24.6299,0.0309455
24.631,0.0308273
24.631,0.0307239
24.6321,0.0307584
24.6321,0.0307886
24.6332,0.030815
24.6332,0.0308382
24.6344,0.0308584
24.6344,0.0308761
24.6356,0.0308916
24.6356,0.0309051
24.6367,0.030917
24.6367,0.0309274
24.6379,0.0309364
24.6379,0.0309444
24.639,0.0308263
24.639,0.030723
24.6401,0.0307577
24.6401,0.030788
24.6412,0.0308145
24.6412,0.0308377
24.6424,0.0308579
24.6424,0.0308757
24.6436,0.0308912
24.6436,0.0309048
24.6447,0.0309167
24.6447,0.0309271
24.6459,0.0309362
24.6459,0.0309442
24.647,0.0308262
24.647,0.0307229
24.6481,0.0307575
24.6481,0.0307879
24.6492,0.0308144
24.6492,0.0308376
24.6505,0.0308579
24.6505,0.0308756
24.6516,0.0308912
24.6516,0.0309048
24.6527,0.0309167
24.6527,0.0309271
24.6539,0.0309362
24.6539,0.0309442
24.655,0.0308262
24.655,0.0307229
24.6561,0.0307575
24.6561,0.0307878
24.6572,0.0308144
24.6572,0.0308376
24.6585,0.0308579
24.6585,0.0308756
24.6596,0.0308912
24.6596,0.0309048
24.6607,0.0309167
24.6607,0.0309271
24.6619,0.0309362
24.6619,0.0309442
24.663,0.0308262
24.663,0.0307229
24.6641,0.0307575
24.6641,0.0307878
24.6654,0.0308144
24.6654,0.0308376
24.6665,0.0308579
24.6665,0.0308756
24.6676,0.0308912
24.6676,0.0309048
24.6687,0.0309167
24.6687,0.0309271
24.6699,0.0309362
24.6699,0.0309442
24.671,0.0308262
24.671,0.0307229
24.6721,0.0307575
24.6721,0.0307878
24.6734,0.0308144
24.6734,0.0308376
24.6745,0.0308579
24.6745,0.0308756
24.6756,0.0308912
24.6756,0.0309048
24.6767,0.0309167
24.6767,0.0309271
24.6779,0.0309362
24.6779,0.0309442
24.679,0.0308262
24.679,0.0307229
24.6802,0.0307575
24.6802,0.0307878
24.6814,0.0308144
24.6814,0.0308376
24.6825,0.0308579
24.6825,0.0308756
24.6836,0.0308912
24.6836,0.0309048
24.6847,0.0309167
24.6847,0.0309271
24.6859,0.0309362
24.6859,0.0309442
24.687,0.0310762
24.687,0.0309416
24.6882,0.0310739
24.6882,0.0310647
24.6894,0.0311816
24.6894,0.0311589
24.6905,0.031264
24.6905,0.031231
24.6916,0.0313272
24.6916,0.0312863
24.6927,0.0313755
24.6927,0.0313285
24.6939,0.0314125
24.6939,0.0313609
24.6951,0.0315658
24.6951,0.0314951
24.6962,0.0315582
24.6962,0.0314884
24.6974,0.0315524
24.6974,0.0314833
24.6985,0.0315479
24.6985,0.0314794
24.6996,0.0315445
24.6996,0.0314764
24.7007,0.0315419
24.7007,0.0314741
24.7019,0.0315399
24.7019,0.0314724
24.7031,0.0316633
24.7031,0.0315804
24.7042,0.0316329
24.7042,0.0315538
24.7054,0.0316095
24.7054,0.0315333
24.7065,0.0315917
24.7065,0.0315177
24.7076,0.031578
24.7076,0.0315057
24.7087,0.0315675
24.7087,0.0314966
24.71,0.0315595
24.71,0.0314896
24.7111,0.0316784
24.7111,0.0315936
24.7122,0.0316444
24.7122,0.0315638
24.7134,0.0316184
24.7134,0.0315411
24.7145,0.0315984
24.7145,0.0315236
24.7156,0.0315832
24.7156,0.0315103
24.7169,0.0315715
24.7169,0.0315001
24.718,0.0315625
24.718,0.0314922
24.7191,0.0316807
24.7191,0.0315956
24.7202,0.0316462
24.7202,0.0315654
24.7214,0.0316197
24.7214,0.0315422
24.7225,0.0315995
24.7225,0.0315245
24.7236,0.031584
24.7236,0.031511
24.725,0.0315721
24.725,0.0315006
24.726,0.031563
24.726,0.0313676
24.7271,0.0314467
24.7271,0.0313908
24.7282,0.031467
24.7282,0.0314086
24.7294,0.0314825
24.7294,0.0314222
24.7305,0.0314944
24.7305,0.0314326
24.7317,0.0315036
24.7317,0.0314406
24.7329,0.0315105
24.7329,0.0314467
24.734,0.0315159
24.734,0.0313264
24.7351,0.0314106
24.7351,0.0313593
24.7362,0.0314394
24.7362,0.0313844
24.7374,0.0314614
24.7374,0.0314037
24.7385,0.0314782
24.7385,0.0314185
24.7397,0.0314912
24.7397,0.0314298
24.7409,0.031501
24.7409,0.0314384
24.742,0.0315086
24.742,0.03132
24.7431,0.031405
24.7431,0.0313544
24.7442,0.0314351
24.7442,0.0313807
24.7454,0.0314581
24.7454,0.0314009
24.7466,0.0314757
24.7466,0.0314163
24.7477,0.0314892
24.7477,0.0314281
24.7489,0.0314996
24.7489,0.0314371
24.75,0.0315075
24.75,0.0313191
24.7511,0.0314042
24.7511,0.0313536
24.7522,0.0314344
24.7522,0.0313801
24.7534,0.0314576
24.7534,0.0314004
24.7546,0.0314754
24.7546,0.0314159
24.7557,0.0314889
24.7557,0.0314278
24.7569,0.0314994
24.7569,0.0314369
24.758,0.0315073
24.758,0.0313189
24.7591,0.031404
24.7591,0.0313535
24.7602,0.0314343
24.7602,0.03138
24.7615,0.0314575
24.7615,0.0314003
24.7626,0.0314753
24.7626,0.0314159
24.7637,0.0314889
24.7637,0.0314278
24.765,0.0314993
24.765,0.0314369
24.766,0.0315073
24.766,0.0313189
24.7671,0.031404
24.7671,0.0313535
24.7682,0.0314343
24.7682,0.03138
24.7695,0.0314575
24.7695,0.0314003
24.7706,0.0314753
24.7706,0.0314159
24.7717,0.0314889
24.7717,0.0314278
24.7729,0.0314993
24.7729,0.0314369
24.774,0.0315073
24.774,0.0313189
24.7751,0.031404
24.7751,0.0313535
24.7764,0.0314343
24.7764,0.03138
24.7775,0.0314575
24.7775,0.0314003
24.7786,0.0314753
24.7786,0.0314159
24.7797,0.0314889
24.7797,0.0314278
24.7809,0.0314993
24.7809,0.0314369
24.782,0.0315073
24.782,0.0313189
24.7831,0.031404
24.7831,0.0313535
24.7844,0.0314343
24.7844,0.03138
24.7856,0.0314575
24.7856,0.0314003
24.7866,0.0314753
24.7866,0.0314159
24.7877,0.0314889
24.7877,0.0314278
24.7889,0.0314993
24.7889,0.0314369
24.79,0.0315073
24.79,0.0313189
24.7912,0.031404
24.7912,0.0313535
24.7924,0.0314343
24.7924,0.03138
24.7935,0.0314575
24.7935,0.0314003
24.7946,0.0314753
24.7946,0.0314159
24.7957,0.0314889
24.7957,0.0314278
24.7969,0.0314993
24.7969,0.0314369
24.7981,0.0316323
24.7981,0.0315532
24.7992,0.0316091
24.7992,0.031533
24.8004,0.0315913
24.8004,0.0315174
24.8015,0.0315777
24.8015,0.0315055
24.8026,0.0315673
24.8026,0.0314964
24.8037,0.0315594
24.8037,0.0316144
24.805,0.0316626
24.805,0.0317048
24.8061,0.0318667
24.8061,0.0320084
24.8072,0.0320073
24.8072,0.0320064
24.8084,0.0320056
24.8084,0.0320049
24.8095,0.0320043
24.8095,0.0320038
24.8106,0.0320033
24.8106,0.0320029
24.8117,0.0320025
24.8117,0.0320022
24.813,0.0320019
24.813,0.0320017
24.8141,0.0321265
24.8141,0.0322357
24.8152,0.0322062
24.8152,0.0321804
24.8164,0.0321579
24.8164,0.0321381
24.8175,0.0321209
24.8175,0.0321058
24.8186,0.0320925
24.8186,0.032081
24.8197,0.0320709
24.8197,0.032062
24.821,0.0320542
24.821,0.0320475
24.8221,0.0321665
24.8221,0.0322707
24.8232,0.0322369
24.8232,0.0322073
24.8244,0.0321814
24.8244,0.0321587
24.8256,0.0321388
24.8256,0.0321215
24.8266,0.0321063
24.8266,0.032093
24.8279,0.0320814
24.8279,0.0320712
24.829,0.0320623
24.829,0.0320545
24.8301,0.0320477
24.8301,0.0320417
24.8312,0.0320365
24.8312,0.032032
24.8324,0.032028
24.8324,0.0320245
24.8335,0.0320214
24.8335,0.0320187
24.8346,0.0320164
24.8346,0.0320143
24.8359,0.0320125
24.8359,0.032011
24.837,0.0320096
24.837,0.0320084
24.8381,0.0320074
24.8381,0.0320064
24.8392,0.0320056
24.8392,0.0320049
24.8404,0.0320043
24.8404,0.0320038
24.8415,0.0320033
24.8415,0.0320029
24.8427,0.0320025
24.8427,0.0320022
24.8439,0.0320019
24.8439,0.0320017
24.845,0.0320015
24.845,0.0320013
24.8461,0.0320011
24.8461,0.032001
24.8472,0.0320009
24.8472,0.0320008
24.8484,0.0320007
24.8484,0.0320006
24.8495,0.0320005
24.8495,0.0320004
24.8507,0.0320004
24.8507,0.0320003
24.8519,0.0320003
24.8519,0.0320003
24.853,0.0320002
24.853,0.0320002
24.8541,0.0320002
24.8541,0.0320001
24.8552,0.0320001
24.8552,0.0320001
24.8564,0.0320001
24.8564,0.0320001
24.8576,0.0320001
24.8576,0.0320001
24.8587,0.0320001
24.8587,0.032
24.8599,0.032
24.8599,0.032
24.861,0.032
24.861,0.032
24.8621,0.032
24.8621,0.032
24.8632,0.032
24.8632,0.032
24.8645,0.032
24.8645,0.032
24.8656,0.032
24.8656,0.032
24.8667,0.032
24.8667,0.032
24.8679,0.032
24.8679,0.032
24.869,0.032
24.869,0.032
24.8701,0.032
24.9091,0.032125
24.9091,0.0322344
24.9102,0.0322051
24.9102,0.0321794
24.9114,0.032157
24.9114,0.0321374
24.9125,0.0321202
24.9125,0.0321052
24.9136,0.032092
24.9136,0.0320805
24.9147,0.0320705
24.9147,0.0320617
24.9159,0.0320539
24.9159,0.0320472
24.9171,0.0321663
24.9171,0.0322705
24.9182,0.0322367
24.9182,0.0322071
24.9194,0.0321812
24.9194,0.0321586
24.9205,0.0321387
24.9205,0.0321214
24.9216,0.0321062
24.9216,0.0320929
24.9227,0.0320813
24.9227,0.0320712
24.924,0.0320623
24.924,0.0320545
24.9251,0.0322977
24.9251,0.0323855
24.9262,0.0325873
24.9262,0.0325139
24.9274,0.0325746
24.9274,0.0325028
24.9285,0.032565
24.9285,0.0324943
24.9296,0.0325575
24.9296,0.0324878
24.9307,0.0325519
24.9307,0.0324829
24.932,0.0325475
24.932,0.0324791
24.9331,0.0326692
24.9331,0.0327105
24.9342,0.0328717
24.9342,0.0327628
24.9354,0.0327924
24.9354,0.0326934
24.9365,0.0327317
24.9365,0.0326402
24.9376,0.0326852
24.9376,0.0325995
24.9389,0.0326496
24.9389,0.0325684
24.94,0.0326224
24.94,0.0325446
24.9411,0.0327265
24.9411,0.0326357
24.9422,0.0326812
24.9422,0.0325961
24.9434,0.0326466
24.9434,0.0325657
24.9445,0.03262
24.9445,0.0325425
24.9457,0.0325997
24.9457,0.0325247
24.9469,0.0325841
24.9469,0.0325111
24.948,0.0325722
24.948,0.0325007
24.9491,0.0326881
24.9491,0.0326021
24.9502,0.0326518
24.9502,0.0325704
24.9514,0.0326241
24.9514,0.0325461
24.9525,0.0326028
24.9525,0.0325274
24.9537,0.0325865
24.9537,0.0325132
24.955,0.0325741
24.955,0.0325023
24.956,0.0325645
24.956,0.0324939
24.9571,0.0326822
24.9571,0.0325969
24.9582,0.0326473
24.9582,0.0325664
24.9594,0.0326206
24.9594,0.032543
24.9606,0.0326001
24.9606,0.0325251
24.9617,0.0325845
24.9617,0.0325114
24.9629,0.0325725
24.9629,0.0325009
24.964,0.0325633
24.964,0.0324929
24.9651,0.0326813
24.9651,0.0325961
24.9662,0.0326466
24.9662,0.0325658
24.9674,0.0326201
24.9674,0.0325426
24.9686,0.0325997
24.9686,0.0325248
24.9697,0.0325842
24.9697,0.0325111
24.9709,0.0325723
24.9709,0.0325007
24.972,0.0325631
24.972,0.0324927
24.9731,0.0326811
24.9731,0.032596
24.9742,0.0326465
24.9742,0.0325657
24.9756,0.03262
24.9756,0.0325425
24.9766,0.0325997
24.9766,0.0325247
24.9777,0.0325841
24.9777,0.0325111
24.9789,0.0325722
24.9789,0.0325007
24.98,0.0325631
24.98,0.0324927
24.9811,0.0326811
24.9811,0.032596
24.9822,0.0326465
24.9822,0.0325657
24.9835,0.03262
24.9835,0.0325425
24.9846,0.0325997
24.9846,0.0325247
24.9857,0.0325841
24.9857,0.0325111
24.9869,0.0325722
24.9869,0.0325007
24.988,0.0325631
24.988,0.0324927
24.9891,0.0326811
24.9891,0.032596
24.9904,0.0326465
24.9904,0.0325657
24.9915,0.03262
24.9915,0.0325425
24.9926,0.0325997
24.9926,0.0325247
24.9937,0.0325841
24.9937,0.0325111
24.995,0.0325722
24.995,0.0325007
24.996,0.0325631
24.996,0.0324927
24.9971,0.0326811
24.9971,0.032596
24.9984,0.0326465
24.9984,0.0325657
24.9995,0.03262
24.9995,0.0325425
25.0006,0.0325997
25.0006,0.0325247
25.0017,0.0325841
25.0017,0.0325111
25.0029,0.0325722
25.0029,0.0325007
25.004,0.0325631
25.004,0.0324927
25.0052,0.0326811
25.0052,0.032596
25.0064,0.0326465
25.0064,0.0325657
25.0075,0.03262
25.0075,0.0325425
25.0086,0.0325997
25.0086,0.0325247
25.0097,0.0325841
25.0097,0.0325111
25.0109,0.0325722
25.0109,0.0325007
25.0121,0.0326881
25.0121,0.0327271
25.0132,0.0328862
25.0132,0.0327754
25.0144,0.0328035
25.0144,0.0327031
25.0156,0.0327402
25.0156,0.0326477
25.0166,0.0326917
25.0166,0.0326052
25.0177,0.0326546
25.0177,0.0325728
25.0189,0.0326262
25.0189,0.0325479
25.0201,0.0327294
25.0201,0.0327632
25.0212,0.0329178
25.0212,0.0328031
25.0224,0.0328277
25.0224,0.0327242
25.0235,0.0327587
25.0235,0.0326639
25.0246,0.0327059
25.0246,0.0326177
25.0257,0.0326654
25.0257,0.0325823
25.027,0.0326345
25.027,0.0325552
25.0281,0.0327358
25.0281,0.0327688
25.0292,0.0329227
25.0292,0.0328074
25.0304,0.0328314
25.0304,0.0327275
25.0315,0.0327616
25.0315,0.0326664
25.0326,0.0327081
25.0326,0.0326196
25.0337,0.0326671
25.0337,0.0325837
25.035,0.0326358
25.035,0.0325563
25.0361,0.0327368
25.0361,0.0327697
25.0372,0.0329235
25.0372,0.032808
25.0384,0.032832
25.0384,0.032728
25.0395,0.032762
25.0395,0.0326668
25.0406,0.0327084
25.0406,0.0326199
25.0419,0.0326674
25.0419,0.032584
25.043,0.032636
25.043,0.0325565
25.0441,0.0327369
25.0441,0.0326448
25.0452,0.0326892
25.0452,0.032603
25.0464,0.0326527
25.0464,0.0326961
25.0475,0.0327341
25.0475,0.0327673
25.0486,0.0327964
25.0486,0.0328218
25.0499,0.0328441
25.0499,0.0328636
25.051,0.0328806
25.051,0.0328956
25.0521,0.0330336
25.0521,0.0331544
25.0532,0.0331351
25.0532,0.0331182
25.0544,0.0331034
25.0544,0.0330905
25.0556,0.0330792
25.0556,0.0330693
25.0567,0.0330606
25.0567,0.0330531
25.0579,0.0330464
25.0579,0.0330406
25.059,0.0330355
25.059,0.0330311
25.0601,0.0331522
25.0601,0.0332582
25.0612,0.0332259
25.0612,0.0331977
25.0624,0.033173
25.0624,0.0331513
25.0635,0.0331324
25.0635,0.0331159
25.0647,0.0331014
25.0647,0.0330887
25.0659,0.0330776
25.0659,0.0330679
25.067,0.0330594
25.067,0.033052
25.0681,0.0331705
25.0681,0.0332742
25.0692,0.0332399
25.0692,0.0332099
25.0704,0.0331837
25.0704,0.0331607
25.0716,0.0331406
25.0716,0.0331231
25.0727,0.0331077
25.0727,0.0330942
25.0739,0.0330824
25.0739,0.0330721
25.075,0.0330631
25.075,0.0330552
25.0761,0.0331733
25.0761,0.0332767
25.0772,0.0332421
25.0772,0.0332118
25.0784,0.0331853
25.0784,0.0331622
25.0796,0.0331419
25.0796,0.0331242
25.0807,0.0331086
25.0807,0.0330951
25.0819,0.0330832
25.0819,0.0330728
25.083,0.0330637
25.083,0.0330557
25.0841,0.0331738
25.0841,0.033277
25.0852,0.0332424
25.0852,0.0332121
25.0865,0.0331856
25.0865,0.0331624
25.0876,0.0331421
25.0876,0.0331243
25.0887,0.0331088
25.0887,0.0330952
25.0899,0.0330833
25.0899,0.0330729
25.091,0.0330638
25.091,0.0330558
25.0921,0.0331738
25.0921,0.0332771
25.0934,0.0332425
25.0934,0.0332121
25.0945,0.0331856
25.0945,0.0331624
25.0956,0.0331421
25.0956,0.0331244
25.0967,0.0331088
25.0967,0.0330952
25.0979,0.0330833
25.0979,0.0330729
25.099,0.0330638
25.099,0.0330558
25.1001,0.0331738
25.1001,0.0332771
25.1011,0.0332425
25.1011,0.0332122
25.1021,0.0331856
25.1021,0.0331624
25.1034,0.0331421
25.1034,0.0331244
25.1045,0.0331088
25.1045,0.0330952
25.1056,0.0330833
25.1056,0.0330729
25.1067,0.0330638
25.1067,0.0330558
25.1079,0.0331738
25.1079,0.0331521
25.109,0.0332581
25.109,0.0331008
25.1102,0.0332132
25.1102,0.0331866
25.1114,0.0332882
25.1114,0.0332522
25.1125,0.0333457
25.1125,0.0333025
25.1136,0.0333897
25.1136,0.033341
25.1147,0.0334233
25.1147,0.0333704
25.1159,0.0334491
25.1159,0.033393
25.117,0.0334689
25.117,0.0332852
25.1182,0.0333746
25.1182,0.0333278
25.1194,0.0334118
25.1194,0.0333603
25.1205,0.0334403
25.1205,0.0333852
25.1216,0.0334621
25.1216,0.0334043
25.1227,0.0334788
25.1227,0.0334189
25.1239,0.0334916
25.1239,0.0334301
25.1251,0.0336264
25.1251,0.0335481
25.1262,0.0336046
25.1262,0.033529
25.1274,0.0335879
25.1274,0.0335144
25.1285,0.0335751
25.1285,0.0335032
25.1296,0.0335653
25.1296,0.0334946
25.1307,0.0335578
25.1307,0.0334881
25.1319,0.0335521
25.1319,0.0334831
25.1331,0.0336727
25.1331,0.0335886
25.1342,0.03364
25.1342,0.03356
25.1354,0.03349
25.1354,0.0334288
25.1365,0.0333752
25.1365,0.0333283
25.1376,0.0332872
25.1376,0.0332513
25.1389,0.0332199
25.1389,0.0331924
25.14,0.0331684
25.14,0.0331473
25.1411,0.0332539
25.1411,0.0333472
25.1422,0.0334288
25.1422,0.0335002
25.1434,0.0334377
25.1434,0.0333829
25.1445,0.0333351
25.1445,0.0332932
25.1456,0.0332565
25.1456,0.0332245
25.1469,0.0331964
25.1469,0.0331719
25.148,0.0331504
25.148,0.0331316
25.1491,0.0332401
25.1491,0.0333351
25.1502,0.0334182
25.1502,0.0334909
25.1514,0.0334296
25.1514,0.0333759
25.1525,0.0333289
25.1525,0.0332878
25.1537,0.0332518
25.1537,0.0332203
25.155,0.0331928
25.155,0.0331687
25.156,0.0331476
25.156,0.0331292
25.1571,0.033238
25.1571,0.0333333
25.1582,0.0332916
25.1582,0.0332551
25.1594,0.0332233
25.1594,0.0331953
25.1605,0.0331709
25.1605,0.0331496
25.1617,0.0331309
25.1617,0.0331145
25.1629,0.0331002
25.1629,0.0330877
25.164,0.0330767
25.164,0.0330671
25.1651,0.0331837
25.1651,0.0332858
25.1662,0.03325
25.1662,0.0332188
25.1674,0.0331914
25.1674,0.0331675
25.1686,0.0331466
25.1686,0.0331282
25.1697,0.0331122
25.1697,0.0330982
25.1709,0.0332109
25.1709,0.0331846
25.172,0.0332865
25.172,0.0332507
25.1731,0.0334693
25.1731,0.0335357
25.1742,0.0337187
25.1742,0.0336289
25.1754,0.0336753
25.1754,0.0335909
25.1766,0.033642
25.1766,0.0335617
25.1777,0.0336165
25.1777,0.0335395
25.1789,0.033597
25.1789,0.0335224
25.18,0.0335821
25.18,0.0335093
25.1811,0.0336957
25.1811,0.0337337
25.1822,0.033892
25.1822,0.0337805
25.1835,0.0338079
25.1835,0.0337069
25.1846,0.0337436
25.1846,0.0336506
25.1857,0.0336943
25.1857,0.0336075
25.1869,0.0336566
25.1869,0.0335745
25.188,0.0336277
25.188,0.0335492
25.1891,0.0337306
25.1891,0.0337642
25.1902,0.0339187
25.1902,0.0338039
25.1915,0.0338284
25.1915,0.0337248
25.1926,0.0337592
25.1926,0.0336643
25.1937,0.0337063
25.1937,0.033618
25.195,0.0336658
25.195,0.0335825
25.196,0.0336347
25.196,0.0335554
25.1971,0.033736
25.1971,0.033769
25.1984,0.0339228
25.1984,0.0338075
25.1995,0.0338315
25.1995,0.0337276