Time,RTT
3.0021,0.002
3.00523,0.002125
3.00524,0.00223437
3.00698,0.00245508
3.00699,0.00264819
3.00748,0.00269217
3.00749,0.00273065
3.0086,0.00288932
3.00861,0.00290315
3.00973,0.00304026
3.00974,0.00316022
3.01098,0.0033902
3.01099,0.00346642
3.0121,0.00378312
3.01211,0.00406023
3.01323,0.0044277
3.01324,0.00462424
3.01435,0.00492121
3.01436,0.00518106
3.01623,0.00565842
3.01624,0.00595112
3.0166,0.00620723
3.01661,0.00643133
3.01785,0.00675241
3.01786,0.00690836
3.01898,0.00716981
3.01899,0.00727359
3.0201,0.00761439
3.02011,0.00766259
3.02123,0.00782976
3.02124,0.00785104
3.02235,0.00799466
3.02236,0.00799533
3.02348,0.00812091
3.02349,0.0079808
3.0246,0.0079832
3.02461,0.0079853
3.02585,0.00811213
3.02586,0.00809812
3.02698,0.00821085
3.02699,0.0081845
3.0281,0.00841143
3.02811,0.00836
3.02923,0.00844
3.02924,0.00851
3.03035,0.00857125
3.03036,0.00862484
3.03148,0.00867174
3.03149,0.00871277
3.03273,0.00874867
3.03274,0.00878009
3.03385,0.00880758
3.03386,0.00883163
3.03498,0.00885268
3.03499,0.00887109
3.0361,0.0090122
3.03611,0.00913568
3.03723,0.00911872
3.03724,0.00910388
3.03835,0.00909089
3.03836,0.00907953
3.0396,0.00906959
3.03961,0.00906089
3.04073,0.00905328
3.04074,0.00904662
3.04185,0.00916579
3.04186,0.00914507
3.04298,0.00925193
3.04299,0.00922044
3.0441,0.00944288
3.04411,0.00951252
3.04523,0.00969846
3.04524,0.00961115
3.04635,0.00965976
3.04636,0.00957728
3.0476,0.00963012
3.04761,0.00955136
3.04873,0.00960744
3.04874,0.00953151
3.04985,0.00959007
3.04986,0.00951631
3.05098,0.00957677
3.05099,0.00950467
3.0521,0.00969159
3.05211,0.00973014
3.05323,0.00988887
3.05324,0.0100278
3.05448,0.0100243
3.05449,0.0100213
3.0556,0.0100186
3.05561,0.0100163
3.05673,0.0100142
3.05674,0.0100125
3.05785,0.0100109
3.05786,0.0100095
3.05898,0.0100083
3.05899,0.0100073
3.0601,0.0101314
3.06011,0.01024
3.06123,0.010335
3.06124,0.0104181
3.06248,0.0103658
3.06249,0.0103201
3.0636,0.0102801
3.06361,0.0102451
3.06473,0.0102144
3.06474,0.0101876
3.06585,0.0102892
3.06586,0.010253
3.06698,0.0103464
3.06699,0.0103031
3.0681,0.0105152
3.06811,0.0105758
3.06935,0.0107538
3.06936,0.0107846
3.07048,0.0109365
3.07049,0.0108195
3.0716,0.010842
3.07161,0.0107368
3.07273,0.0107697
3.07274,0.0106735
3.07385,0.0107143
3.07386,0.010625
3.07498,0.0106719
3.07499,0.0105879
3.0761,0.0107644
3.07611,0.0107939
3.07735,0.0109446
3.07736,0.0110765
3.07848,0.011192
3.07849,0.011293
3.0796,0.0112564
3.07961,0.0112243
3.08073,0.0111963
3.08074,0.0111717
3.08185,0.0111503
3.08186,0.0111315
3.08298,0.011115
3.08299,0.0111007
3.08423,0.0112131
3.08424,0.0113114
3.08535,0.0113975
3.08536,0.0114728
3.08648,0.0115387
3.08649,0.0115964
3.0876,0.0115218
3.08761,0.0114566
3.08873,0.0113995
3.08874,0.0113496
3.08985,0.0114309
3.08986,0.011377
3.09098,0.0114549
3.09099,0.011398
3.09223,0.0115983
3.09224,0.0116485
3.09335,0.0118174
3.09336,0.0118403
3.09448,0.0119852
3.09449,0.0119871
3.0956,0.0121137
3.09561,0.0119745
3.09673,0.0119777
3.09674,0.0118555
3.09785,0.0118735
3.09786,0.0117643
3.0991,0.0119188
3.09911,0.0119289
3.10023,0.0120628
3.10024,0.012055
3.10135,0.0121731
3.10136,0.0122765
3.10248,0.0123669
3.10249,0.012446
3.1036,0.0125153
3.10361,0.0125759
3.10473,0.0125039
3.10474,0.0124409
3.10598,0.0123858
3.10599,0.0123376
3.1071,0.0124204
3.10711,0.0124928
3.10823,0.0125562
3.10824,0.0126117
3.10935,0.0126602
3.10936,0.0127027
3.11048,0.0127399
3.11049,0.0127724
3.1116,0.0126758
3.11161,0.0125914
3.11273,0.0125174
3.11274,0.0124528
3.11398,0.0125212
3.11399,0.012456
3.1151,0.012649
3.11511,0.0126929
3.11623,0.0128563
3.11624,0.0128742
3.11735,0.013015
3.11736,0.0130131
3.11848,0.0131365
3.11849,0.0131194
3.1196,0.0132295
3.11961,0.0130758
3.12148,0.0131913
3.12149,0.0131674
3.12198,0.0131465
3.12199,0.0130032
3.1231,0.0131278
3.12311,0.0131118
3.12423,0.0132228
3.12424,0.013195
3.12535,0.0132956
3.12536,0.0133836
3.12648,0.0134607
3.12649,0.0135281
3.1276,0.0135871
3.12761,0.0136387
3.12885,0.0135589
3.12886,0.013489
3.12998,0.0134279
3.12999,0.0133744
3.1311,0.0134526
3.13111,0.013521
3.13223,0.0135809
3.13224,0.0136333
3.13335,0.0136791
3.13336,0.0137192
3.13448,0.0136293
3.13449,0.0135507
3.13573,0.0136068
3.13574,0.013656
3.13685,0.013574
3.13686,0.0135022
3.13798,0.0135645
3.13799,0.0134939
3.1391,0.0136822
3.13911,0.0137219
3.14023,0.0138817
3.14024,0.0138964
3.14135,0.0140344
3.14136,0.0140301
3.14248,0.0141513
3.14249,0.0141324
3.14373,0.0142409
3.14374,0.0142108
3.14498,0.0143094
3.14499,0.0141457
3.14598,0.0141275
3.14599,0.0139866
3.1471,0.0141133
3.14711,0.0140991
3.14823,0.0142117
3.14824,0.0141852
3.14935,0.0142871
3.14936,0.0143762
3.1506,0.0144542
3.15061,0.0145224
3.15173,0.0145821
3.15174,0.0146343
3.15285,0.01468
3.15286,0.01472
3.15398,0.01463
3.15399,0.0145513
3.1551,0.0146074
3.15511,0.0146564
3.15623,0.0146994
3.15624,0.014737
3.15735,0.0147698
3.15736,0.0147986
3.1586,0.0148238
3.15861,0.0148458
3.15973,0.0148651
3.15974,0.014882
3.16085,0.0148967
3.16086,0.0149096
3.16198,0.0150459
3.16199,0.0149152
3.1631,0.0150508
3.16311,0.0150444
3.16423,0.0151639
3.16424,0.0151434
3.1656,0.0152505
3.16561,0.0152192
3.1666,0.0153168
3.16661,0.0152772
3.16835,0.0154925
3.16836,0.015556
3.16885,0.0156115
3.16886,0.015535
3.16998,0.0155931
3.16999,0.015394
3.1711,0.0154698
3.17111,0.015411
3.17223,0.0154847
3.17224,0.0154241
3.17348,0.0154961
3.17349,0.0155591
3.1746,0.0156142
3.17461,0.0156624
3.17573,0.0157046
3.17574,0.0157415
3.17685,0.0157738
3.17686,0.0158021
3.17798,0.0158268
3.17799,0.0158485
3.1791,0.0158674
3.17911,0.015884
3.18035,0.0158985
3.18036,0.0159112
3.18148,0.0159223
3.18149,0.015932
3.1826,0.0159405
3.18261,0.0159479
3.18373,0.0158294
3.18374,0.0157258
3.18498,0.01576
3.18499,0.01579
3.18598,0.0159413
3.18599,0.0159486
3.18723,0.016205
3.18724,0.0161794
3.18835,0.016282
3.18836,0.0162467
3.18948,0.0163409
3.18949,0.0162983
3.1906,0.016386
3.19061,0.0163377
3.19173,0.0164205
3.19174,0.016368
3.19285,0.016447
3.19286,0.0163911
3.19398,0.0164672
3.19399,0.0164088
3.19523,0.0166077
3.19524,0.0165317
3.19635,0.0165903
3.19636,0.0165165
3.19748,0.0165769
3.19749,0.0166298
3.1986,0.0166761
3.19861,0.0167166
3.19973,0.016752
3.19974,0.016783
3.20085,0.0168101
3.20086,0.0168339
3.2021,0.0169796
3.20211,0.0171072
3.20323,0.0172188
3.20324,0.0173164
3.20435,0.0172769
3.20436,0.0172423
3.2056,0.017212
3.20561,0.0171855
3.2066,0.0171623
3.20661,0.017142
3.20773,0.0171243
3.20774,0.0171087
3.20885,0.0170951
3.20886,0.0170832
3.2101,0.0173228
3.21011,0.0174075
3.21123,0.0176065
3.21124,0.0176557
3.21235,0.0178238
3.21236,0.0177208
3.21348,0.0177557
3.21349,0.0176612
3.2146,0.0177036
3.21461,0.0176156
3.21573,0.0176637
3.21574,0.0175807
3.21698,0.0176331
3.21699,0.017554
3.2181,0.0177347
3.21811,0.0177679
3.21923,0.0179219
3.21924,0.0178067
3.22035,0.0178308
3.22036,0.017727
3.22148,0.0177611
3.22149,0.017791
3.2226,0.0178171
3.22261,0.01784
3.22373,0.01786
3.22374,0.0178775
3.22498,0.0178928
3.22499,0.0179062
3.2261,0.0180429
3.22611,0.0181625
3.22723,0.0182672
3.22724,0.0183588
3.22835,0.018314
3.22836,0.0182747
3.22948,0.0182404
3.22949,0.0182103
3.2306,0.018184
3.23061,0.018161
3.23185,0.0181409
3.23186,0.0181233
3.23298,0.0181079
3.23299,0.0180944
3.2341,0.0183326
3.23411,0.018416
3.23523,0.018614
3.23524,0.0186623
3.23635,0.0188295
3.23636,0.0187258
3.23748,0.0187601
3.23749,0.0186651
3.2386,0.0187069
3.23861,0.0186186
3.23985,0.0186662
3.23986,0.018583
3.24098,0.0186351
3.24099,0.0185557
3.2421,0.0187362
3.24211,0.0187692
3.24323,0.0189231
3.24324,0.0189327
3.24435,0.0190661
3.24436,0.0189328
3.2456,0.0189412
3.24561,0.0189486
3.24673,0.018955
3.24674,0.0189606
3.24785,0.0189655
3.24786,0.0189699
3.24898,0.0189736
3.24899,0.0189769
3.2501,0.0191048
3.25011,0.0192167
3.25123,0.0193146
3.25124,0.0194003
3.25235,0.0194752
3.25236,0.0195408
3.2536,0.0194732
3.25361,0.0194141
3.25473,0.0193623
3.25474,0.019317
3.25585,0.0192774
3.25586,0.0192427
3.25698,0.0192124
3.25699,0.0191858
3.2581,0.0194126
3.25811,0.019486
3.25923,0.0196753
3.25924,0.0197159
3.26035,0.0198764
3.26036,0.0198918
3.2616,0.0200304
3.26161,0.0199016
3.26273,0.0199139
3.26274,0.0197996
3.26385,0.0198247
3.26386,0.0197216
3.26498,0.0197564
3.26499,0.0196618
3.2661,0.0198291
3.26611,0.0198505
3.26723,0.0199942
3.26724,0.0199949
3.26848,0.0201205
3.26849,0.0201055
3.2696,0.0202173
3.26961,0.0203151
3.27073,0.0202757
3.27074,0.0202413
3.27185,0.0202111
3.27186,0.0201847
3.27298,0.0201616
3.27299,0.0201414
3.2741,0.0202487
3.27411,0.0203427
3.27523,0.0204248
3.27524,0.0204967
3.27648,0.0205596
3.27649,0.0206147
3.2776,0.0206628
3.27761,0.020705
3.27873,0.0206169
3.27874,0.0205398
3.27985,0.0204723
3.27986,0.0204132
3.28098,0.0203616
3.28099,0.0203164
3.2821,0.0205268
3.28211,0.020586
3.28335,0.0207627
3.28336,0.0207924
3.28448,0.0209433
3.28449,0.0209504
3.2856,0.0210816
3.28561,0.0210714
3.28673,0.0211875
3.28674,0.0210391
3.28785,0.0210342
3.28786,0.0209049
3.28898,0.0209168
3.28899,0.0208022
3.2901,0.0209519
3.29011,0.0209579
3.29135,0.0210882
3.29136,0.0210772
3.29248,0.0211925
3.29249,0.0211684
3.2936,0.0212724
3.29361,0.0213633
3.29473,0.0214429
3.29474,0.0215126
3.29585,0.0214485
3.29586,0.0213924
3.29698,0.0213434
3.29699,0.0213005
3.29823,0.0213879
3.29824,0.0214644
3.29935,0.0215314
3.29936,0.0215899
3.30048,0.0216412
3.30049,0.021686
3.3016,0.0217253
3.30161,0.0217596
3.30273,0.0217897
3.30274,0.021816
3.30385,0.021714
3.30386,0.0216247
3.30498,0.0215466
3.30499,0.0214783
3.30623,0.0216685
3.30624,0.0217099
3.30735,0.0218712
3.30736,0.0218873
3.30848,0.0220264
3.30849,0.0220231
3.3096,0.0221452
3.30961,0.0221271
3.31073,0.0222362
3.31074,0.0222066
3.31185,0.0223058
3.31186,0.0221426
3.3131,0.0222498
3.31311,0.0222185
3.31423,0.0223162
3.31424,0.0222767
3.31535,0.0223671
3.31536,0.0223212
3.31648,0.0224061
3.31649,0.0223553
3.3176,0.0224359
3.31761,0.0225064
3.31873,0.0225681
3.31874,0.0226221
3.31985,0.0226693
3.31986,0.0227107
3.3211,0.0227468
3.32111,0.0227785
3.32223,0.0228062
3.32224,0.0228304
3.32335,0.0228516
3.32336,0.0228701
3.32448,0.0228864
3.32449,0.0229006
3.3256,0.022913
3.32561,0.0229239
3.32673,0.0229334
3.32674,0.0229417
3.32798,0.022949
3.32799,0.0229554
3.3291,0.022961
3.32911,0.0229658
3.33023,0.0230951
3.33024,0.0230832
3.33135,0.0231978
3.33136,0.0231731
3.33248,0.0232765
3.33249,0.0232419
3.3336,0.0233367
3.33361,0.0232946
3.33498,0.0233828
3.33499,0.0233349
3.33598,0.023418
3.33599,0.0232408
3.3371,0.0233357
3.33711,0.0232937
3.33823,0.023382
3.33824,0.0233343
3.33935,0.0234175
3.33936,0.0233653
3.34048,0.0234446
3.34049,0.0233891
3.3416,0.0234654
3.34161,0.0235322
3.34285,0.0235907
3.34286,0.0236419
3.34398,0.0236866
3.34399,0.0237258
3.3451,0.0237601
3.34511,0.0237901
3.34623,0.0238163
3.34624,0.0238393
3.34735,0.0238594
3.34736,0.0238769
3.34848,0.0238923
3.34849,0.0239058
3.34973,0.0239176
3.34974,0.0239279
3.35085,0.0239369
3.35086,0.0239448
3.35198,0.0239517
3.35199,0.0239577
3.3531,0.023963
3.35311,0.0239676
3.35423,0.0240967
3.35424,0.0240846
3.35535,0.024199
3.35536,0.0241741
3.35648,0.0242774
3.35649,0.0242427
3.35773,0.0243374
3.35774,0.0242952
3.35885,0.0243833
3.35886,0.0243354
3.35998,0.0244185
3.35999,0.0243661
3.3611,0.0245704
3.36111,0.0244991
3.36223,0.0245617
3.36224,0.0244915
3.36335,0.024555
3.36336,0.0244857
3.3646,0.02455
3.36461,0.0244812
3.36573,0.0245461
3.36574,0.0246028
3.36685,0.0246525
3.36686,0.0246959
3.36798,0.0247339
3.36799,0.0247672
3.3691,0.0249213
3.36911,0.0250561
3.37023,0.0250491
3.37024,0.025043
3.37135,0.0250376
3.37136,0.0250329
3.3726,0.0250288
3.37261,0.0250252
3.37373,0.025022
3.37374,0.0250193
3.37498,0.0250169
3.37499,0.0250148
3.37598,0.0250129
3.37599,0.0250113
3.3771,0.0251349
3.37711,0.025243
3.37823,0.0254626
3.37824,0.0254048
3.37948,0.0254792
3.37949,0.0254193
3.3806,0.0254919
3.38061,0.0254304
3.38173,0.0255016
3.38174,0.0254389
3.38285,0.025509
3.38286,0.0254454
3.38398,0.0255147
3.38399,0.0254504
3.3851,0.0256441
3.38511,0.0256886
3.38623,0.0258525
3.38624,0.0257459
3.38748,0.0257777
3.38749,0.0256805
3.3886,0.0257204
3.38861,0.0256304
3.38973,0.0256766
3.38974,0.025717
3.39085,0.0257524
3.39086,0.0257833
3.39198,0.0258104
3.39199,0.0258341
3.3931,0.0259798
3.39311,0.0261074
3.39435,0.0262189
3.39436,0.0263166
3.3956,0.026277
3.39561,0.0262424
3.3966,0.0262121
3.39661,0.0261856
3.39773,0.0261624
3.39774,0.0261421
3.39885,0.0261243
3.39886,0.0261088
3.39998,0.0260952
3.39999,0.0260833
3.40123,0.0261979
3.40124,0.0262981
3.40235,0.0265109
3.40236,0.026572
3.40348,0.0267505
3.40349,0.0266567
3.4046,0.0266996
3.40461,0.0266122
3.40573,0.0266606
3.40574,0.0265781
3.40685,0.0266308
3.40686,0.0265519
3.40798,0.026608
3.40799,0.026532
3.40923,0.0267155
3.40924,0.026751
3.41035,0.0269072
3.41036,0.0269188
3.41148,0.0270539
3.41149,0.0269222
3.4126,0.0269319
3.41261,0.0268154
3.41373,0.0268385
3.41374,0.0268587
3.41498,0.0268763
3.41499,0.0268918
3.4161,0.0270303
3.41611,0.0271515
3.41723,0.0272576
3.41724,0.0273504
3.41898,0.0274316
3.41899,0.0275026
3.41948,0.0275648
3.41949,0.0276192
3.4206,0.0275418
3.42061,0.0274741
3.42173,0.0274148
3.42174,0.027363
3.42285,0.0273176
3.42286,0.0272779
3.4241,0.0273682
3.42411,0.0274471
3.42523,0.0275162
3.42524,0.0275767
3.42635,0.0277546
3.42636,0.0277853
3.42748,0.0279371
3.42749,0.027945
3.4286,0.0280769
3.42861,0.0279423
3.42973,0.0279495
3.42974,0.0278308
3.43098,0.0278519
3.43099,0.0277454
3.4321,0.0279023
3.43211,0.0279145
3.43323,0.0280502
3.43324,0.0280439
3.43435,0.0281634
3.43436,0.028143
3.4356,0.0282501
3.43561,0.0282188
3.4366,0.0283165
3.43661,0.0281519
3.43773,0.0281329
3.43774,0.0281163
3.43898,0.0281018
3.43899,0.0280891
3.4401,0.0282029
3.44011,0.0283026
3.44123,0.0283897
3.44124,0.028466
3.44235,0.0285328
3.44236,0.0285912
3.44348,0.0286423
3.44349,0.028687
3.4446,0.0286011
3.44461,0.028526
3.44585,0.0284602
3.44586,0.0284027
3.44698,0.0283524
3.44699,0.0283083
3.4481,0.0283948
3.44811,0.0284704
3.44923,0.0285366
3.44924,0.0285945
3.45035,0.0287702
3.45036,0.0287989
3.45148,0.0289491
3.45149,0.0289554
3.4526,0.029086
3.45261,0.0289503
3.45385,0.0289565
3.45386,0.0288369
3.45498,0.0288573
3.45499,0.0287501
3.4561,0.0289064
3.45611,0.0289181
3.45723,0.0290533
3.45724,0.0290467
3.45835,0.0291658
3.45836,0.0291451
3.45948,0.029252
3.45949,0.0292205
3.46073,0.0293179
3.46074,0.0291532
3.46185,0.029134
3.46186,0.0291173
3.46298,0.0291026
3.46299,0.0290898
3.4641,0.0292036
3.46411,0.0293031
3.46523,0.0293902
3.46524,0.0294664
3.46635,0.0295331
3.46636,0.0295915
3.4676,0.0296426
3.46761,0.0296872
3.46873,0.0297263
3.46874,0.0297605
3.46985,0.0296655
3.46986,0.0295823
3.47098,0.0295095
3.47099,0.0294458
3.4721,0.0295151
3.47211,0.0295757
3.47323,0.0296287
3.47324,0.0296751
3.47435,0.0298408
3.47436,0.0298607
3.4756,0.0300031
3.47561,0.0300027
3.47673,0.0301274
3.47674,0.0301114
3.47785,0.0302225
3.47786,0.0300697
3.47898,0.030061
3.47899,0.0299284
3.4801,0.0300623
3.48011,0.0300545
3.48123,0.0301727
3.48124,0.0301511
3.48248,0.0302572
3.48249,0.0302251
3.4836,0.0303219
3.48361,0.0302817
3.48473,0.0303715
3.48474,0.030325
3.48585,0.0304094
3.48586,0.0304832
3.4876,0.0305478
3.48761,0.0306044
3.4881,0.0306538
3.48811,0.0306971
3.48923,0.0307349
3.48924,0.0307681
3.49048,0.0307971
3.49049,0.0308224
3.49223,0.0309696
3.49224,0.0310984
3.49273,0.0310861
3.49274,0.0310754
3.49385,0.0310659
3.49386,0.0310577
3.49498,0.0309255
3.49499,0.0308098
3.4961,0.0308336
3.49611,0.0308544
3.49735,0.0308726
3.49736,0.0308885
3.49848,0.0310274
3.49849,0.031024
3.4996,0.031146
3.49961,0.0311278
3.50073,0.0312368
3.50074,0.0312072
3.50185,0.0313063
3.50186,0.031268
3.50298,0.0313595
3.50299,0.0311896
3.5041,0.0312909
3.50411,0.0312545
3.50535,0.0313477
3.50536,0.0313042
3.50648,0.0313912
3.50649,0.0313423
3.5076,0.0314245
3.50761,0.0313714
3.50873,0.03145
3.50874,0.0313938
3.50985,0.0314695
3.50986,0.0315358
3.51098,0.0315939
3.51099,0.0316446
3.51223,0.0316891
3.51224,0.0317279
3.51335,0.0317619
3.51336,0.0317917
3.51448,0.0318177
3.51449,0.0318405
3.5156,0.0318604
3.51561,0.0318779
3.51673,0.0318932
3.51674,0.0319065
3.51785,0.0319182
3.51786,0.0319284
3.51898,0.0318124
3.51899,0.0317108
3.52023,0.031747
3.52024,0.0317786
3.52135,0.0318063
3.52136,0.0318305
3.5231,0.0321017
3.52311,0.032214
3.5236,0.0323122
3.52361,0.0321482
3.52473,0.0321297
3.52474,0.0321135
3.52585,0.0322243
3.52586,0.0321962
3.5271,0.0324217
3.52711,0.032494
3.52823,0.0326822
3.52824,0.032597
3.52935,0.0326473
3.52936,0.0325664
3.53048,0.0326206
3.53049,0.032543
3.5316,0.0326002
3.53161,0.0325251
3.53273,0.0325845
3.53274,0.0325114
3.53385,0.0325725
3.53386,0.0326259
3.5351,0.0327977
3.53511,0.032948
3.53623,0.0330795
3.53624,0.0331946
3.53735,0.0331702
3.53736,0.033149
3.53848,0.0331303
3.53849,0.033114
3.5396,0.0330998
3.53961,0.0330873
3.54073,0.0330764
3.54074,0.0330668
3.54198,0.0330585
3.54199,0.0330512
3.5431,0.0331698
3.54311,0.0332736
3.54423,0.0333644
3.54424,0.0334438
3.54535,0.0333883
3.54536,0.0333398
3.54648,0.0334223
3.54649,0.0333695
3.5476,0.0334483
3.54761,0.0333923
3.54885,0.0334683
3.54886,0.0334097
3.5506,0.0336085
3.55061,0.0336574
3.5511,0.0338253
3.55111,0.0338471
3.55223,0.0339912
3.55224,0.0339923
3.55335,0.0341183
3.55336,0.0339785
3.55448,0.0339812
3.55449,0.0338585
3.5556,0.0338762
3.55561,0.0336417
3.55685,0.0335615
3.55686,0.0334913
3.55798,0.0335549
3.55799,0.0336105
3.5591,0.0337842
3.55911,0.0339362
3.56023,0.0340692
3.56024,0.0341855
3.56135,0.0341623
3.56136,0.034142
3.56248,0.0341243
3.56249,0.0341087
3.56373,0.0340951
3.56374,0.0340833
3.56498,0.0340728
3.56499,0.0340637
3.56598,0.0340558
3.56599,0.0340488
3.5671,0.0341677
3.56711,0.0342717
3.56823,0.0343628
3.56824,0.0344424
3.56935,0.0343871
3.56936,0.0343387
3.57048,0.0344214
3.57049,0.0343687
3.57173,0.0344476
3.57174,0.0343917
3.57285,0.0344677
3.57286,0.0344092
3.57398,0.0344831
3.57399,0.0344227
3.5751,0.0346199
3.57511,0.0346674
3.57623,0.034834
3.57624,0.0348547
3.57735,0.0349979
3.57736,0.0348731
3.5786,0.034889
3.57861,0.0347779
3.57973,0.0348056
3.57974,0.0347049
3.58085,0.0347418
3.58086,0.0346491
3.58198,0.034693
3.58199,0.0347313
3.5831,0.0348899
3.58311,0.0350287
3.58423,0.0351501
3.58424,0.0352563
3.58535,0.0352243
3.58536,0.0351963
3.58723,0.0352967
3.58724,0.0353846
3.58773,0.0353366
3.58774,0.0352945
3.58885,0.0352577
3.58886,0.0352255
3.58998,0.0351973
3.58999,0.0351726
3.5911,0.035276
3.59111,0.0353665
3.59223,0.0354457
3.59224,0.035515
3.59348,0.0355756
3.59349,0.0356287
3.5946,0.0358001
3.59461,0.0357001
3.59573,0.0357376
3.59574,0.0356454
3.59685,0.0356897
3.59686,0.0356035
3.59798,0.035653
3.59799,0.0355714
3.5991,0.03575
3.59911,0.0357812
3.60023,0.0359336
3.60024,0.0359419
3.60148,0.0360741
3.60149,0.0360649
3.6026,0.0361818
3.60261,0.036034
3.60373,0.0360298
3.60374,0.0359011
3.60498,0.0359134
3.60499,0.0357993
3.60598,0.0358243
3.60599,0.0358463
3.6071,0.0359905
3.60711,0.0361167
3.60835,0.0362271
3.60836,0.0363237
3.60948,0.0364083
3.60949,0.0364822
3.6106,0.0365469
3.61061,0.0366036
3.61173,0.0365281
3.61174,0.0364621
3.61285,0.0364043
3.61286,0.0363538
3.61398,0.0363096
3.61399,0.0362709
3.61523,0.036362
3.61524,0.0364418
3.61635,0.0365115
3.61636,0.0365726
3.61748,0.036626
3.61749,0.0366728
3.6186,0.0368387
3.61861,0.0368588
3.61973,0.0370015
3.61974,0.0368763
3.62085,0.0368918
3.62086,0.0367803
3.62198,0.0368078
3.62199,0.0367068
3.62323,0.0368684
3.62324,0.0367599
3.62435,0.0367899
3.62436,0.0368162
3.6256,0.0369641
3.62561,0.0369686
3.6266,0.0370975
3.62661,0.0370853
3.62773,0.0371997
3.62774,0.0370497
3.62885,0.0370435
3.62886,0.0369131
3.6301,0.0370489
3.63011,0.0371678
3.63123,0.0372718
3.63124,0.0373629
3.63235,0.0374425
3.63236,0.0375122
3.63348,0.0375732
3.63349,0.0376265
3.6346,0.0376732
3.63461,0.0377141
3.63573,0.0377498
3.63574,0.0377811
3.63685,0.0376834
3.63686,0.037598
3.6381,0.0376483
3.63811,0.0376922
3.63923,0.0377307
3.63924,0.0377644
3.64035,0.0377938
3.64036,0.0378196
3.64148,0.0378421
3.64149,0.0378619
3.6426,0.0380041
3.64261,0.0380036
3.64373,0.0381282
3.64374,0.0381121
3.64498,0.0382231
3.64499,0.0380702
3.6461,0.0381865
3.64611,0.0381631
3.64723,0.0382678
3.64724,0.0382343
3.64835,0.03833
3.64836,0.0382887
3.64948,0.0383777
3.64949,0.0383304
3.6506,0.0384141
3.65061,0.0383624
3.65173,0.0384421
3.65174,0.0383868
3.65298,0.0384635
3.65299,0.0382805
3.6541,0.0383705
3.65411,0.0384492
3.65523,0.038518
3.65524,0.0385783
3.65635,0.038631
3.65636,0.0386771
3.65748,0.0387175
3.65749,0.0387528
3.6586,0.0387837
3.65861,0.0388107
3.65985,0.0388344
3.65986,0.0388551
3.66098,0.0388732
3.66099,0.038889
3.6621,0.0389029
3.66211,0.0389151
3.66323,0.0389257
3.66324,0.038935
3.66435,0.0389431
3.66436,0.0389502
3.6656,0.0389564
3.66561,0.0389619
3.6666,0.0390916
3.66661,0.0390802
3.66785,0.0391952
3.66786,0.0391708
3.66898,0.0392744
3.66899,0.0391151
3.6701,0.0392257
3.67011,0.0391975
3.67123,0.0392978
3.67124,0.0392606
3.67235,0.039353
3.67236,0.0393089
3.67348,0.0393953
3.67349,0.0393459
3.67473,0.0394276
3.67474,0.0393742
3.67585,0.0394524
3.67586,0.0393959
3.67698,0.0394714
3.67699,0.0392875
3.6781,0.0393765
3.67811,0.0394545
3.67923,0.0395226
3.67924,0.0395823
3.68035,0.0396345
3.68036,0.0396802
3.68148,0.0397202
3.68149,0.0397552
3.68273,0.0397858
3.68274,0.0398125
3.68385,0.039836
3.68386,0.0398565
3.68498,0.0398744
3.68499,0.0398901
3.6861,0.0399039
3.68611,0.0399159
3.68723,0.0399264
3.68724,0.0399356
3.68835,0.0399436
3.68836,0.0399507
3.6896,0.0399568
3.68961,0.0399622
3.69073,0.040092
3.69074,0.0400805
3.69185,0.0401954
3.69186,0.040171
3.69298,0.0402746
3.69299,0.0402403
3.6941,0.0404602
3.69411,0.0404027
3.69523,0.0404774
3.69524,0.0404177
3.69648,0.0404905
3.69649,0.0404292
3.6976,0.0405005
3.69761,0.040438
3.69873,0.0405082
3.69874,0.0404447
3.74249,0.0406391
3.7425,0.0408092
3.7436,0.0409581
3.74361,0.0410883
3.74473,0.0413273
3.74474,0.0414114
3.74585,0.0416099
3.74586,0.0400337
3.7471,0.0387795
3.74711,0.037682
3.74823,0.0368468
3.74824,0.0359909
3.74935,0.0352421
3.74936,0.0345868
3.75048,0.0340135
3.75049,0.0333868
3.7516,0.0329634
3.75161,0.032468
3.75273,0.0321595
3.75274,0.0317646
3.75398,0.031419
3.75399,0.0311166
3.7551,0.030977
3.75511,0.0308549
3.75623,0.030748
3.75624,0.0306545
3.75735,0.0305727
3.75736,0.0303761
3.75848,0.0303291
3.75849,0.030163
3.7596,0.0301426
3.75961,0.0301248
3.76073,0.0301092
3.76074,0.0299705
3.76198,0.0299742
3.76199,0.0298524
3.7631,0.0298709
3.76311,0.029887
3.76423,0.0299011
3.76424,0.0299135
3.76535,0.0299243
3.76536,0.0298088
3.76648,0.0297077
3.76649,0.0296192
3.7676,0.0296668
3.76761,0.0297085
3.76885,0.0297449
3.76886,0.0296518
3.76998,0.0295703
3.76999,0.029499
3.7711,0.0295616
3.77111,0.0296164
3.77223,0.0296644
3.77224,0.0297063
3.77335,0.029868
3.77336,0.0298845
3.77448,0.030024
3.77449,0.030021
3.7756,0.0301434
3.77561,0.0301254
3.77685,0.0302348
3.77686,0.0300804
3.77798,0.0300704
3.77799,0.0299366
3.7791,0.0300695
3.77911,0.0300608
3.78023,0.0301782
3.78024,0.0301559
3.78135,0.0302614
3.78136,0.0302288
3.78248,0.0303252
3.78249,0.0302845
3.78373,0.030374
3.78374,0.0303272
3.78498,0.0304113
3.78499,0.0302349
3.78598,0.0302055
3.78599,0.0300548
3.7871,0.030173
3.78711,0.0301514
3.78823,0.0302574
3.78824,0.0302253
3.78935,0.0303221
3.78936,0.0302818
3.7906,0.0303716
3.79061,0.0303252
3.79173,0.0304095
3.79174,0.0303583
3.79285,0.0304385
3.79286,0.0302587
3.79398,0.0302264
3.79399,0.0300731
3.7951,0.0301889
3.79511,0.0301653
3.79623,0.0302697
3.79624,0.030236
3.79735,0.0303315
3.79736,0.03029
3.7986,0.0303788
3.79861,0.0303314
3.79973,0.030415
3.79974,0.0303631
3.80085,0.0304427
3.80086,0.0302624
3.80198,0.0302296
3.80199,0.0300759
3.8031,0.0301914
3.80311,0.0301675
3.80423,0.0302715
3.80424,0.0302376
3.8056,0.0303329
3.80561,0.0302913
3.8066,0.0303799
3.80661,0.0303324
3.80773,0.0304158
3.80774,0.0303639
3.80885,0.0304434
3.80886,0.030263
3.80998,0.0302301
3.80999,0.0300763
3.8111,0.0301918
3.81111,0.0301678
3.81223,0.0302718
3.81224,0.0302379
3.81348,0.0303331
3.81349,0.0302915
3.8146,0.03038
3.81461,0.0303325
3.81573,0.030416
3.81574,0.030364
3.81685,0.0304435
3.81686,0.030263
3.81798,0.0302302
3.81799,0.0300764
3.8191,0.0301918
3.81911,0.0301679
3.82035,0.0302719
3.82036,0.0302379
3.82148,0.0303332
3.82149,0.0302915
3.8226,0.0303801
3.82261,0.0303326
3.82373,0.030416
3.82374,0.030364
3.82498,0.0304435
3.82499,0.0302631
3.82598,0.0302302
3.82599,0.0300764
3.8271,0.0301919
3.82711,0.0301679
3.82835,0.0302719
3.82836,0.0302379
3.82948,0.0303332
3.82949,0.0302915
3.8306,0.0303801
3.83061,0.0303326
3.83173,0.030416
3.83174,0.030364
3.83285,0.0304435
3.83286,0.0302631
3.83398,0.0302302
3.83399,0.0300764
3.83523,0.0301919
3.83524,0.0301679
3.83635,0.0302719
3.83636,0.0302379
3.83748,0.0303332
3.83749,0.0302915
3.8386,0.0303801
3.83861,0.0303326
3.83973,0.030416
3.83974,0.030364
3.84085,0.0304435
3.84086,0.0302631
3.84198,0.0302302
3.84199,0.0300764
3.84323,0.0301919
3.84324,0.0301679
3.84435,0.0302719
3.84436,0.0303629
3.8456,0.0304425
3.84561,0.0305122
3.8466,0.0305732
3.84661,0.0306265
3.84773,0.0306732
3.84774,0.0307141
3.84885,0.0307498
3.84886,0.0307811
3.8501,0.0308084
3.85011,0.0308324
3.85123,0.0308533
3.85124,0.0308717
3.85235,0.0308877
3.85236,0.0309017
3.85348,0.030914
3.85349,0.0309248
3.8546,0.0309342
3.85461,0.0309424
3.85573,0.0309496
3.85574,0.0309559
3.85698,0.0309614
3.85699,0.0309662
3.8581,0.0309705
3.85811,0.0309742
3.85923,0.0309774
3.85924,0.0309802
3.86035,0.0309827
3.86036,0.0309848
3.86148,0.0309867
3.86149,0.0309884
3.8626,0.0309898
3.86261,0.0309911
3.86373,0.0309922
3.86374,0.0309932
3.86498,0.030994
3.86499,0.0309948
3.8661,0.0309954
3.86611,0.030996
3.86723,0.0309965
3.86724,0.0309969
3.86835,0.0309973
3.86836,0.0309977
3.86948,0.030998
3.86949,0.0309982
3.8706,0.0309984
3.87061,0.0309986
3.87185,0.0309988
3.87186,0.0309989
3.87298,0.0309991
3.87299,0.0309992
3.8741,0.0309993
3.87411,0.0309994
3.87523,0.0309995
3.87524,0.0309995
3.87635,0.0309996
3.87636,0.0309996
3.87748,0.0309997
3.87749,0.0309997
3.8786,0.0309998
3.87861,0.0309998
3.87985,0.0309998
3.87986,0.0309998
3.88098,0.0308749
3.88099,0.0307655
3.8821,0.0307948
3.88211,0.0308205
3.88323,0.0308429
3.88324,0.0308625
3.88435,0.0308797
3.88436,0.0308948
3.8856,0.0309079
3.88561,0.0309194
3.88673,0.0309295
3.88674,0.0309383
3.88785,0.030946
3.88786,0.0309528
3.88898,0.0308337
3.88899,0.0307295
3.8901,0.0307633
3.89011,0.0307929
3.89123,0.0308188
3.89124,0.0308414
3.89235,0.0308612
3.89236,0.0308786
3.89348,0.0308938
3.89349,0.030907
3.89473,0.0309187
3.89474,0.0309288
3.89585,0.0309377
3.89586,0.0309455
3.89698,0.0308273
3.89699,0.0307239
3.8981,0.0307584
3.89811,0.0307886
3.89923,0.030815
3.89924,0.0308382
3.90035,0.0308584
3.90036,0.0308761
3.9016,0.0308916
3.90161,0.0309051
3.90273,0.030917
3.90274,0.0309274
3.90385,0.0309364
3.90386,0.0309444
3.90498,0.0308263
3.90499,0.030723
3.9061,0.0307577
3.90611,0.030788
3.90723,0.0308145
3.90724,0.0308377
3.90835,0.0308579
3.90836,0.0308757
3.9096,0.0308912
3.90961,0.0309048
3.91073,0.0309167
3.91074,0.0309271
3.91185,0.0309362
3.91186,0.0309442
3.91298,0.0308262
3.91299,0.0307229
3.9141,0.0307575
3.91411,0.0307879
3.91523,0.0308144
3.91524,0.0308376
3.91648,0.0308579
3.91649,0.0308756
3.9176,0.0308912
3.91761,0.0309048
3.91873,0.0309167
3.91874,0.0309271
3.91985,0.0309362
3.91986,0.0309442
3.92098,0.0310762
3.92099,0.0309416
3.9221,0.0310739
3.92211,0.0310647
3.92323,0.0311816
3.92324,0.0311589
3.9251,0.031389
3.92511,0.0314654
3.9256,0.0315322
3.92561,0.0314657
3.92673,0.0315325
3.92674,0.0314659
3.92785,0.0315327
3.92786,0.0314661
3.92898,0.0315328
3.92899,0.0313412
3.9301,0.0314236
3.93011,0.0313706
3.93135,0.0314493
3.93136,0.0313931
3.93248,0.031469
3.93249,0.0314104
3.9336,0.0314841
3.93361,0.0314236
3.93473,0.0314956
3.93474,0.0314337
3.93585,0.0315045
3.93586,0.0314414
3.93698,0.0315112
3.93699,0.0313223
3.93823,0.031407
3.93824,0.0313562
3.93935,0.0314366
3.93936,0.0313821
3.94048,0.0314593
3.94049,0.0314019
3.9416,0.0314766
3.94161,0.0314171
3.94273,0.0314899
3.94274,0.0314287
3.94385,0.0315001
3.94386,0.0314376
3.94498,0.0315079
3.94499,0.0313194
3.94623,0.0314045
3.94624,0.0313539
3.94735,0.0314347
3.94736,0.0313803
3.94848,0.0314578
3.94849,0.0314006
3.9496,0.0314755
3.94961,0.0314161
3.95073,0.0314891
3.95074,0.0314279
3.95185,0.0314994
3.95186,0.031437
3.9531,0.0316324
3.95311,0.0315533
3.95423,0.0316092
3.95424,0.031533
3.95535,0.0315914
3.95536,0.0313925
3.95648,0.0313434
3.95649,0.0313005
3.9576,0.0313879
3.95761,0.0313394
3.95873,0.031422
3.95874,0.0313693
3.95985,0.0314481
3.95986,0.0313921
3.9611,0.0315931
3.96111,0.0315189
3.96223,0.0315791
3.96224,0.0315067
3.96335,0.0315683
3.96336,0.0314973
3.96448,0.0315601
3.96449,0.0314901
3.9656,0.0315539
3.96561,0.0314846
3.96673,0.031549
3.96674,0.0314804
3.96798,0.0315454
3.96799,0.0314772
3.9691,0.0316675
3.96911,0.0315841
3.97023,0.0316361
3.97024,0.0315566
3.97135,0.031612
3.97136,0.0315355
3.97248,0.0315936
3.97249,0.0315194
3.9736,0.0315794
3.97361,0.031507
3.97473,0.0315686
3.97474,0.0314976
3.97598,0.0315604
3.97599,0.0314903
3.9771,0.031679
3.97711,0.0315941
3.97823,0.0316449
3.97824,0.0315643
3.97935,0.0316187
3.97936,0.0315414
3.98048,0.0315987
3.98049,0.0315239
3.9816,0.0315834
3.98161,0.0315105
3.98285,0.0315717
3.98286,0.0315002
3.98398,0.0315627
3.98399,0.0313673
3.9851,0.0314464
3.98511,0.0313906
3.98623,0.0314668
3.98624,0.0314084
3.98735,0.0314824
3.98736,0.0314221
3.98848,0.0314943
3.98849,0.0314325
3.9896,0.0315035
3.98961,0.0314405
3.99085,0.0315105
3.99086,0.0314467
3.99198,0.0315158
3.99199,0.0313263
3.9931,0.0314106
3.99311,0.0313592
3.99423,0.0314393
3.99424,0.0313844
3.99535,0.0314614
3.99536,0.0314037
3.99648,0.0314782
3.99649,0.0314184
3.99773,0.0314911
3.99774,0.0315547
3.99885,0.0316104
3.99886,0.0316591
3.99998,0.0317017
3.99999,0.031739
4.0011,0.0317716
4.00111,0.0318002
4.00223,0.0318251
4.00224,0.031847
4.00335,0.0318661
4.00336,0.0318829
4.0046,0.0318975
4.00461,0.0319103
4.00573,0.0319215
4.00574,0.0319313
4.00685,0.0319399
4.00686,0.0319474
4.00798,0.031954
4.00799,0.0319597
4.0091,0.0319648
4.00911,0.0319692
4.01023,0.031973
4.01024,0.0319764
4.01135,0.0319794
4.01136,0.0319819
4.0126,0.0319842
4.01261,0.0319862
4.01373,0.0319879
4.01374,0.0319894
4.01498,0.0319907
4.01499,0.0319919
4.01598,0.0319929
4.01599,0.0319938
4.0171,0.0319946
4.01711,0.0319952
4.01823,0.0319958
4.01824,0.0319964
4.01948,0.0319968
4.01949,0.0319972
4.0206,0.0319976
4.02061,0.0319979
4.02173,0.0319981
4.02174,0.0319984
4.02285,0.0319986
4.02286,0.0319987
4.02398,0.0319989
4.02399,0.031999
4.0251,0.0319992
4.02511,0.0319993
4.02623,0.0319994
4.02624,0.0319994
4.02748,0.0319995
4.02749,0.0319996
4.0286,0.0319996
4.02861,0.0319997
4.02973,0.0319997
4.02974,0.0319997
4.03085,0.0319998
4.03086,0.0319998
4.03198,0.0319998
4.03199,0.0319998
4.0331,0.0319999
4.03311,0.0319999
4.03435,0.0319999
4.03436,0.0319999
4.0356,0.0319999
4.03561,0.0319999
4.0366,0.0319999
4.03661,0.0319999
4.03773,0.032
4.03774,0.032
4.03885,0.032
4.03886,0.032
4.03998,0.032
4.03999,0.032
4.0411,0.032
4.04111,0.032
4.04235,0.032
4.04236,0.032
4.04348,0.032
4.04349,0.032
4.0446,0.032
4.04461,0.032
4.04573,0.032
4.04574,0.032
4.04685,0.032
4.04686,0.032
4.04798,0.032
4.05435,0.032125
4.05436,0.0322344
4.05498,0.0322051
4.05499,0.0321794
4.05598,0.032157
4.05599,0.0321374
4.05723,0.0321202
4.05724,0.0321052
4.05835,0.032092
4.05836,0.0320805
4.0601,0.0321955
4.06011,0.032296
4.0606,0.032259
4.06061,0.0322266
4.06173,0.0321983
4.06174,0.0321735
4.06285,0.0321518
4.06286,0.0321329
4.0641,0.0322412
4.06411,0.0323361
4.06523,0.0322941
4.06524,0.0322573
4.06635,0.0322252
4.06636,0.032197
4.06748,0.0321724
4.06749,0.0321508
4.0686,0.032132
4.06861,0.0321155
4.06973,0.032101
4.06974,0.0320884
4.07085,0.0320774
4.07086,0.0320677
4.0721,0.0321842
4.07211,0.0322862
4.07323,0.0322504
4.07324,0.0322191
4.07435,0.0321917
4.07436,0.0321678
4.0756,0.0321468
4.07561,0.0321284
4.0766,0.0321124
4.07661,0.0320983
4.07835,0.032211
4.07836,0.0323097
4.07898,0.032396
4.07899,0.0323465
4.0801,0.0325532
4.08011,0.032609
4.08123,0.0327829
4.08124,0.032685
4.08235,0.0327244
4.08236,0.0326338
4.0841,0.0328046
4.08411,0.032829
4.0846,0.0328504
4.08461,0.0327441
4.08585,0.0327761
4.08586,0.0325541
4.08698,0.0324848
4.08699,0.0324242
4.0881,0.0326212
4.08811,0.0326685
4.08923,0.032835
4.08924,0.0327306
4.09035,0.0327643
4.09036,0.0326687
4.09148,0.0327101
4.09149,0.0324964
4.0926,0.0324343
4.09261,0.03238
4.09385,0.0324575
4.09386,0.0324003
4.09498,0.0324753
4.09499,0.0324159
4.0961,0.0326139
4.09611,0.0325372
4.09723,0.032595
4.09724,0.0325206
4.09835,0.0325806
4.09836,0.032508
4.09948,0.0325695
4.09949,0.0324983
4.10073,0.032561
4.10074,0.0324909
4.10185,0.0325545
4.10186,0.0324852
4.10298,0.0325496
4.10299,0.0324809
4.1041,0.0326708
4.10411,0.0325869
4.10523,0.0326385
4.10524,0.0325587
4.10635,0.0326139
4.10636,0.0325372
4.10748,0.032595
4.10749,0.0325206
4.10873,0.0325806
4.10874,0.032508
4.10985,0.0325695
4.10986,0.0323733
4.11098,0.0323266
4.11099,0.0322858
4.1121,0.0325001
4.11211,0.0324376
4.11323,0.0325079
4.11324,0.0324444
4.11435,0.0325138
4.11436,0.0324496
4.1156,0.0325184
4.11561,0.0323286
4.11673,0.0322875
4.11674,0.0322516
4.11785,0.0323451
4.11786,0.032302
4.11898,0.0323892
4.11899,0.0323406
4.1201,0.032548
4.12011,0.0324795
4.12185,0.0325446
4.12186,0.0324765
4.12235,0.0325419
4.12236,0.0324742
4.1236,0.0325399
4.12361,0.0324724
4.12473,0.0325384
4.12474,0.0324711
4.12585,0.0325372
4.12586,0.03247
4.12698,0.0325363
4.12699,0.0324693
4.1281,0.0326606
4.12811,0.032578
4.12923,0.0326308
4.12924,0.0325519
4.1311,0.0327329
4.13111,0.0327663
4.1316,0.0327955
4.13161,0.0326961
4.13273,0.0327341
4.13274,0.0326423
4.13385,0.032687
4.13386,0.0326011
4.13498,0.032651
4.13499,0.0325696
4.1361,0.0327484
4.13611,0.0326549
4.13723,0.032698
4.13724,0.0326108
4.13848,0.0326594
4.13849,0.032577
4.1396,0.0326299
4.13961,0.0325511
4.14073,0.0326072
4.14074,0.0325313
4.14185,0.0325899
4.14186,0.0325162
4.14298,0.0325767
4.14299,0.0325046
4.1441,0.0326915
4.14411,0.0326051
4.14535,0.0326544
4.14536,0.0325726
4.14648,0.032626
4.14649,0.0325478
4.1476,0.0326043
4.14761,0.0325288
4.14873,0.0325877
4.14874,0.0325142
4.14985,0.0325749
4.14986,0.0325031
4.15098,0.0325652
4.15099,0.0324945
4.15223,0.0326827
4.15224,0.0325974
4.15335,0.0326477
4.15336,0.0325667
4.15448,0.0326209
4.15449,0.0325433
4.1556,0.0326004
4.15561,0.0325253
4.15673,0.0325847
4.15674,0.0325116
4.15785,0.0325726
4.15786,0.0325011
4.15898,0.0325634
4.15899,0.032493
4.16023,0.0326814
4.16024,0.0325962
4.16135,0.0326467
4.16136,0.0325658
4.16248,0.0326201
4.16249,0.0326676
4.1636,0.0325841
4.16361,0.0325111
4.16473,0.0325722
4.16474,0.0326257
4.16585,0.0326725
4.16586,0.0327134
4.1671,0.0328743
4.16711,0.033015
4.16823,0.0331381
4.16824,0.0332458
4.16935,0.0332151
4.16936,0.0331882
4.17048,0.0331647
4.17049,0.0331441
4.1716,0.0331261
4.17161,0.0331103
4.17273,0.0330965
4.17274,0.0330845
4.17385,0.0330739
4.17386,0.0330647
4.1751,0.0331816
4.17511,0.0332839
4.17623,0.0333734
4.17624,0.0334517
4.17735,0.0333953
4.17736,0.0333459
4.17848,0.0333026
4.17849,0.0332648
4.1796,0.0332317
4.17961,0.0332027
4.18073,0.0331774
4.18074,0.0331552
4.18198,0.0331358
4.18199,0.0331188
4.1831,0.033229
4.18311,0.0333254
4.18423,0.0334097
4.18424,0.0334835
4.18535,0.033423
4.18536,0.0333702
4.18648,0.0333239
4.18649,0.0332834
4.1876,0.033248
4.18761,0.033217
4.18873,0.0331899
4.18874,0.0331661
4.18998,0.0331454
4.18999,0.0331272
4.1911,0.0332363
4.19111,0.0333318
4.19223,0.0334153
4.19224,0.0334884
4.19335,0.0334273
4.19336,0.0333739
4.19448,0.0333272
4.19449,0.0332863
4.1956,0.0332505
4.19561,0.0332192
4.19685,0.0331918
4.19686,0.0331678
4.19798,0.0331468
4.19799,0.0331285
4.1991,0.0332374
4.19911,0.0333327
4.20023,0.0332911
4.20024,0.0332548
4.20135,0.0332229
4.20136,0.033195
4.20248,0.0331707
4.20249,0.0331493
4.2036,0.0331307
4.20361,0.0331143
4.20498,0.0331
4.20499,0.0330875
4.20598,0.0330766
4.20599,0.033067
4.2071,0.0331836
4.20711,0.0332857
4.20823,0.03325
4.20824,0.0332187
4.20935,0.0331914
4.20936,0.0331675
4.21048,0.0331465
4.21049,0.0331282
4.21173,0.0331122
4.21174,0.0330982
4.21285,0.0330859
4.21286,0.0330752
4.21398,0.0330658
4.21399,0.0330575
4.2151,0.0331753
4.21511,0.0332784
4.21623,0.0332436
4.21624,0.0332132
4.21735,0.0331865
4.21736,0.0331632
4.21848,0.0331428
4.21849,0.033125
4.21973,0.0331093
4.21974,0.0330957
4.22085,0.0330837
4.22086,0.0330732
4.22198,0.0330641
4.22199,0.0330561
4.2231,0.0331741
4.22311,0.0332773
4.22423,0.0332426
4.22424,0.0332123
4.22535,0.0331858
4.22536,0.0331626
4.2266,0.0331422
4.22661,0.0331245
4.22773,0.0331089
4.22774,0.0330953
4.22885,0.0330834
4.22886,0.033073
4.22998,0.0330638
4.22999,0.0330559
4.2311,0.0331739
4.23111,0.0332771
4.23223,0.0332425
4.23224,0.0332122
4.23348,0.0331857
4.23349,0.0331625
4.2346,0.0331421
4.23461,0.0331244
4.23573,0.0331088
4.23574,0.0330952
4.23685,0.0330833
4.23686,0.0330729
4.23798,0.0330638
4.23799,0.0330558
4.2391,0.0331738
4.23911,0.0332771
4.24023,0.0332425
4.24098,0.0332122
4.24099,0.0330606
4.24198,0.0330531
4.24273,0.0330464
4.24274,0.0330406
4.24373,0.0330355
4.24374,0.0330311
4.24498,0.0330272
4.24499,0.0330238
4.24598,0.0330208
4.24599,0.0330182
4.2471,0.033141
4.24711,0.0332483
4.24835,0.0332173
4.24836,0.0331901
4.24948,0.0332914
4.24949,0.0332549
4.2506,0.0333481
4.25061,0.0333046
4.25173,0.0333915
4.25174,0.0333426
4.25285,0.0334247
4.25286,0.0333716
4.25398,0.0334502
4.25399,0.0333939
4.2551,0.0335947
4.25511,0.0336453
4.25635,0.0338147
4.25636,0.0337128
4.25748,0.0337487
4.25749,0.0336551
4.2586,0.0336982
4.25861,0.033611
4.25973,0.0336596
4.25974,0.0335771
4.26085,0.03363
4.26086,0.0335512
4.26198,0.0336073
4.26199,0.0335314
4.26323,0.033715
4.26324,0.0337506
4.26435,0.0339068
4.26436,0.0337934
4.2656,0.0338193
4.26561,0.0337169
4.2666,0.0337522
4.26661,0.0336582
4.26773,0.0337009
4.26774,0.0336133
4.26885,0.0336617
4.26886,0.0335789
4.26998,0.0336316
4.26999,0.0335526
4.27123,0.0337336
4.27124,0.0337669
4.27235,0.033921
4.27236,0.0338059
4.27348,0.0338301
4.27349,0.0337264
4.2746,0.0337606
4.27461,0.0337905
4.27573,0.0338167
4.27574,0.0337146
4.27685,0.0337503
4.27686,0.0336565
4.2781,0.0338244
4.27811,0.0338464
4.27923,0.0339906
4.27924,0.0339918
4.28035,0.0341178
4.28036,0.0339781
4.28148,0.0339808
4.28149,0.0338582
4.2826,0.0338759
4.28261,0.0337664
4.28373,0.0337956
4.28374,0.0336962
4.28498,0.0337342
4.28499,0.0336424
4.2861,0.0338121
4.28611,0.0338356
4.28723,0.0339811
4.28724,0.0339835
4.28835,0.0341106
4.28836,0.0339717
4.28948,0.0339753
4.28949,0.0338534
4.2906,0.0338717
4.29061,0.0337627
4.29173,0.0337924
4.29174,0.0336933
4.29298,0.0337317
4.29299,0.0336402
4.2941,0.0338102
4.29411,0.0338339
4.29523,0.0339797
4.29524,0.0339822
4.29635,0.0341094
4.29636,0.0339708
4.29748,0.0339744
4.29749,0.0338526
4.2986,0.033871
4.29861,0.0337622
4.29985,0.0337919
4.29986,0.0336929
4.30098,0.0337313
4.30099,0.0336399
4.3021,0.0338099
4.30211,0.0338337
4.30323,0.0339794
4.30324,0.033982
4.30435,0.0341093
4.30436,0.0339706
4.3056,0.0339743
4.30561,0.0338525
4.3066,0.0338709
4.30661,0.0337621
4.30785,0.0337918
4.30786,0.0336928
4.30898,0.0337312
4.30899,0.0336398
4.3101,0.0338098
4.31011,0.0338336
4.31123,0.0339794
4.31124,0.033857
4.31235,0.0338749
4.31236,0.0337655
4.31348,0.0337948
4.31349,0.0336955
4.31473,0.0337335
4.31474,0.0336418
4.31585,0.0336866
4.31586,0.0336008
4.31698,0.0336507
4.31699,0.0335693
4.3181,0.0337482
4.31811,0.0337797
4.31923,0.0339322
4.31924,0.0338157
4.32035,0.0338387
4.32036,0.0337339
4.32148,0.0337671
4.32149,0.0336712
4.32273,0.0337123
4.32274,0.0336233
4.32385,0.0336704
4.32386,0.0335866
4.32498,0.0336383
4.32499,0.0335585
4.3261,0.0337387
4.32611,0.0337713
4.32723,0.0339249
4.32724,0.0338093
4.32835,0.0338331
4.32836,0.033729
4.33023,0.0338879
4.33024,0.0339019
4.33073,0.0339142
4.33074,0.0337999
4.33185,0.0338249
4.33186,0.0337218
4.33298,0.0337566
4.33299,0.033662
4.3341,0.0338292
4.33411,0.0338506
4.33523,0.0339943
4.33524,0.03387
4.33635,0.0338862
4.33636,0.0337755
4.3376,0.0338035
4.33761,0.0337031
4.33873,0.0337402
4.33874,0.0336477
4.33985,0.0336917
4.33986,0.0337302
4.34098,0.033764
4.34099,0.0337935
4.3421,0.0339443
4.34211,0.0340762
4.34323,0.0341917
4.34324,0.0342928
4.34448,0.0342562
4.34449,0.0342241
4.34623,0.0343211
4.34624,0.034406
4.34673,0.0343552
4.34674,0.0343108
4.34785,0.034272
4.34786,0.034238
4.34898,0.0342082
4.34899,0.0341822
4.3501,0.0342844
4.35011,0.0343739
4.35123,0.0344521
4.35124,0.0345206
4.35248,0.0344555
4.35249,0.0343986
4.3536,0.0343488
4.35361,0.0343052
4.35473,0.034267
4.35474,0.0342336
4.35585,0.0342044
4.35586,0.0341789
4.35698,0.0341565
4.35699,0.034137
4.3581,0.0342448
4.35811,0.0343392
4.35935,0.0344218
4.35936,0.0344941
4.36048,0.0344323
4.36049,0.0343783
4.3616,0.034331
4.36161,0.0342896
4.36273,0.0342534
4.36274,0.0342217
4.36385,0.034069
4.36386,0.0339354
4.36498,0.0339435
4.36499,0.0339505
4.3661,0.0340817
4.36611,0.0341965
4.36735,0.0342969
4.36736,0.0343848
4.36848,0.0343367
4.36849,0.0342946
4.3696,0.0342578
4.36961,0.0342256
4.37073,0.0341974
4.37074,0.0341727
4.37185,0.0341511
4.37186,0.0341322
4.37298,0.0341157
4.37299,0.0341012
4.37423,0.0342136
4.37424,0.0343119
4.37535,0.0343979
4.37536,0.0344732
4.37648,0.034414
4.37649,0.0343623
4.3776,0.034317
4.37761,0.0342774
4.37873,0.0342427
4.37874,0.0342123
4.37985,0.0340608
4.37986,0.0339282
4.3811,0.0340622
4.38111,0.0341794
4.38223,0.034282
4.38224,0.0343717
4.38335,0.0344503
4.38336,0.034519
4.38448,0.0344541
4.38449,0.0343973
4.3856,0.0343477
4.38561,0.0343042
4.38673,0.0342662
4.38674,0.0342329
4.38785,0.0342038
4.38786,0.0341783
4.3891,0.034281
4.38911,0.0343709
4.39023,0.0344495
4.39024,0.0345183
4.39135,0.0345786
4.39136,0.0346312
4.39248,0.0345523
4.39249,0.0344833
4.3936,0.0344229
4.39361,0.03437
4.39473,0.0343238
4.39474,0.0342833
4.39598,0.0342479
4.39599,0.0342169
4.3971,0.0343148
4.39711,0.0344004
4.39823,0.0344754
4.39824,0.034541
4.39935,0.0345983
4.39936,0.0346485
4.40048,0.0345675
4.40049,0.0344965
4.4016,0.0344345
4.40161,0.0343802
4.40273,0.0343326
4.40274,0.0342911
4.40398,0.0342547
4.40399,0.0342228
4.4051,0.03432
4.40511,0.034405
4.40623,0.0344794
4.40624,0.0345444
4.40735,0.0346014
4.40736,0.0346512
4.40848,0.0345698
4.40849,0.0344986
4.4096,0.0344363
4.40961,0.0343817
4.41085,0.034334
4.41086,0.0342923
4.41198,0.0342557
4.41199,0.0342238
4.4131,0.0343208
4.41311,0.0344057
4.41423,0.03448
4.41424,0.034545
4.41535,0.0344769
4.41536,0.0344173
4.41648,0.0343651
4.41649,0.0343195
4.4176,0.0342795
4.41761,0.0342446
4.41885,0.034214
4.41886,0.0341873
4.41998,0.0341639
4.41999,0.0341434
4.4211,0.0342504
4.42111,0.0343441
4.42223,0.0344261
4.42224,0.0344979
4.42335,0.0344356
4.42336,0.0343812
4.42448,0.0343335
4.42449,0.0342918
4.42573,0.0342554
4.42574,0.0342234
4.42685,0.0341955
4.42686,0.0341711
4.42798,0.0341497
4.42799,0.034131
4.4291,0.0342396
4.42911,0.0343346
4.43023,0.0344178
4.43024,0.0344906
4.43135,0.0344293
4.43136,0.0343756
4.43248,0.0343287
4.43249,0.0342876
4.43373,0.0343766
4.43374,0.0343295
4.43498,0.0344134
4.43499,0.0343617
4.43598,0.0344415
4.43599,0.0343863
4.43773,0.034588
4.43774,0.0346395
4.43823,0.0348096
4.43824,0.0348334
4.43935,0.0349792
4.43936,0.0348568
4.4406,0.0348747
4.44061,0.0347654
4.44173,0.0347947
4.44174,0.0346954
4.44285,0.0347334
4.44286,0.0346418
4.44398,0.0346865
4.44399,0.0346007
4.4451,0.0347756
4.44511,0.0348037
4.44623,0.0349532
4.44624,0.0349591
4.44748,0.0350892
4.44749,0.034953
4.4486,0.0349589
4.44861,0.034839
4.44973,0.0348592
4.44974,0.0347518
4.45085,0.0347828
4.45086,0.0346849
4.45198,0.0347243
4.45199,0.0346338
4.4531,0.0348046
4.45311,0.034829
4.45423,0.0349754
4.45424,0.0349784
4.4556,0.0351061
4.45561,0.0349679
4.4566,0.0349719
4.45661,0.0348504
4.45773,0.0348691
4.45774,0.0347605
4.45885,0.0347904
4.45886,0.0346916
4.45998,0.0347302
4.45999,0.0346389
4.4611,0.034809
4.46111,0.0348329
4.46235,0.0349788
4.46236,0.0349814
4.46348,0.0351088
4.46349,0.0349702
4.4646,0.0349739
4.46461,0.0348522
4.46573,0.0348706
4.46574,0.0347618
4.46685,0.0347916
4.46686,0.0346926
4.46798,0.034731
4.46799,0.0346397
4.4691,0.0348097
4.46911,0.0348335
4.47035,0.0349793
4.47036,0.0349819
4.47148,0.0351092
4.47149,0.0349705
4.4726,0.0349742
4.47261,0.0348524
4.47373,0.0348709
4.47374,0.034762
4.47498,0.0347918
4.47499,0.0346928
4.47598,0.0347312
4.47599,0.0346398
4.47723,0.0348098
4.47724,0.0348336
4.47835,0.0349794
4.47836,0.034982
4.47948,0.0351092
4.47949,0.0349706
4.4806,0.0349742
4.48061,0.0348525
4.48173,0.0348709
4.48174,0.034762
4.48285,0.0347918
4.48286,0.0346928
4.48398,0.0347312
4.48399,0.0346398
4.48523,0.0348098
4.48524,0.0348336
4.48635,0.0349794
4.48636,0.034982
4.48748,0.0351092
4.48749,0.0349706
4.4886,0.0349743
4.48861,0.0348525
4.48973,0.0348709
4.48974,0.034762
4.49085,0.0347918
4.49086,0.0346928
4.4921,0.0348562
4.49211,0.0348742
4.49323,0.0350149
4.49324,0.035013
4.49498,0.0351364
4.49499,0.0351194
4.4956,0.0352294
4.49561,0.0350758
4.4966,0.0350663
4.49661,0.034933
4.49773,0.0349414
4.49774,0.0348237
4.49885,0.0348457
4.49886,0.03474
4.5001,0.0348975
4.50011,0.0349103
4.50123,0.0350465
4.50124,0.0350407
4.50235,0.0351606
4.50236,0.0351406
4.50348,0.035248
4.50349,0.035092
4.5046,0.0350805
4.50461,0.0349454
4.50573,0.0349522
4.50574,0.0348332
4.50698,0.0348541
4.50699,0.0347473
4.5081,0.0349039
4.50811,0.0349159
4.50923,0.0350514
4.50924,0.035045
4.51035,0.0351644
4.51036,0.0351438
4.51148,0.0352508
4.51149,0.0350945
4.5126,0.0350827
4.51261,0.0349473
4.51373,0.0349539
4.51374,0.0348347
4.51498,0.0348553
4.51499,0.0347484
4.5161,0.0349049
4.51611,0.0349168
4.51723,0.0350522
4.51724,0.0350456
4.51898,0.0351649
4.51899,0.0351443
4.51948,0.0352513
4.51949,0.0350949
4.5206,0.035083
4.52061,0.0349476
4.52185,0.0349542
4.52186,0.0348349
4.52298,0.0348555
4.52299,0.0347486
4.5241,0.034905
4.52411,0.0349169
4.52585,0.0350523
4.52586,0.0350457
4.52635,0.035165
4.52636,0.0350194
4.52748,0.035017
4.52749,0.0348899
4.52873,0.0349036
4.52874,0.0347907
4.52985,0.0348168
4.52986,0.0347147
4.53098,0.0347504
4.53099,0.0346566
4.5321,0.0348245
4.53211,0.0349714
4.53323,0.0351
4.53324,0.0352125
4.53435,0.0353109
4.53436,0.0353971
4.5356,0.0353474
4.53561,0.035304
4.53673,0.035266
4.53674,0.0352328
4.53785,0.0352037
4.53786,0.0351782
4.53898,0.0351559
4.53899,0.0351364
4.5401,0.0352444
4.54011,0.0353388
4.54123,0.0354215
4.54124,0.0354938
4.54235,0.0355571
4.54236,0.0356124
4.5436,0.0355359
4.54361,0.0354689
4.54473,0.0354103
4.54474,0.035359
4.54585,0.0353141
4.54586,0.0352749
4.54698,0.0352405
4.54699,0.0352104
4.5481,0.0353091
4.54811,0.0353955
4.54923,0.0354711
4.54924,0.0355372
4.55035,0.035595
4.55036,0.0356456
4.5516,0.0355649
4.55161,0.0354943
4.55273,0.0354325
4.55274,0.0353785
4.55385,0.0353312
4.55386,0.0352898
4.55498,0.0352535
4.55499,0.0352218
4.5561,0.0353191
4.55611,0.0354042
4.55723,0.0354787
4.55724,0.0355439
4.55848,0.0356009
4.55849,0.0356508
4.5596,0.0355694
4.55961,0.0354982
4.56073,0.035436
4.56074,0.0353815
4.56185,0.0353338
4.56186,0.0352921
4.5636,0.0353805
4.56361,0.035458
4.5641,0.0355257
4.56411,0.035585
4.56523,0.0356369
4.56524,0.0356823
4.56648,0.035722
4.56649,0.0357567
4.5676,0.0356621
4.56761,0.0355794
4.56873,0.035507
4.56874,0.0354436
4.56985,0.0353881
4.56986,0.0353396
4.57098,0.0352972
4.57099,0.03526
4.5721,0.0353525
4.57211,0.0354335
4.57335,0.0355043
4.57336,0.0355662
4.57448,0.0356205
4.57449,0.0356679
4.5756,0.0355844
4.57561,0.0355114
4.57673,0.0354474
4.57674,0.0353915
4.57785,0.0353426
4.57786,0.0352997
4.57898,0.0352623
4.57899,0.0352295
4.5801,0.0353258
4.58011,0.0354101
4.58135,0.0354838
4.58136,0.0355483
4.58248,0.0356048
4.58249,0.0356542
4.5836,0.0355724
4.58361,0.0355009
4.58473,0.0354383
4.58474,0.0353835
4.58585,0.0353355
4.58586,0.0352936
4.58698,0.0352569
4.58699,0.0352248
4.58823,0.0353217
4.58824,0.0354065
4.58935,0.0354807
4.58936,0.0355456
4.59048,0.0356024
4.59049,0.0356521
4.5916,0.0355706
4.59161,0.0354993
4.59273,0.0354368
4.59274,0.0353822
4.59385,0.0353345
4.59386,0.0352927
4.5951,0.0353811
4.59511,0.0354584
4.59623,0.0355261
4.59624,0.0355854
4.59798,0.0356372
4.59799,0.0356825
4.59848,0.0355972
4.59849,0.0355226
4.5996,0.0354572
4.59961,0.0354001
4.60073,0.0353501
4.60074,0.0353063
4.60185,0.035268
4.60186,0.0352345
4.6031,0.0353302
4.60311,0.0354139
4.60423,0.0354872
4.60424,0.0355513
4.60535,0.0356074
4.60536,0.0356565
4.60648,0.0356994
4.60649,0.035737
4.6076,0.0356449
4.60761,0.0355642
4.60873,0.0354937
4.60874,0.035432
4.60998,0.035378
4.60999,0.0353307
4.61173,0.0354144
4.61174,0.0354876
4.61223,0.0355517
4.61224,0.0356077
4.61335,0.0356567
4.61336,0.0356996
4.61448,0.0357372
4.61449,0.03577
4.6156,0.0356738
4.61561,0.0355896
4.61673,0.0355159
4.61674,0.0354514
4.61798,0.035395
4.61799,0.0353456
4.6191,0.0354274
4.61911,0.035499
4.62023,0.0355616
4.62024,0.0356164
4.62135,0.0356643
4.62136,0.0357063
4.62248,0.035743
4.62249,0.0357751
4.6236,0.0356782
4.62361,0.0355935
4.62498,0.0355193
4.62499,0.0354544
4.62598,0.0353976
4.62599,0.0353479
4.6271,0.0354294
4.62711,0.0355007
4.62823,0.0355631
4.62824,0.0356177
4.62935,0.0356655
4.62936,0.0357073
4.63048,0.0356189
4.63049,0.0355415
4.6316,0.0354739
4.63161,0.0354146
4.63285,0.0353628
4.63286,0.0353174
4.63398,0.0352778
4.63399,0.035243
4.6351,0.0353377
4.63511,0.0354205
4.63623,0.0356179
4.63624,0.0356657
4.63735,0.0358325
4.63736,0.0358534
4.63848,0.0359967
4.63849,0.0358721
4.63973,0.0358881
4.63974,0.0357771
4.64085,0.035805
4.64086,0.0357043
4.64198,0.0357413
4.64199,0.0356486
4.6431,0.0358176
4.64311,0.0358404
4.64423,0.0359853
4.64424,0.0359871
4.64535,0.0361138
4.64536,0.0360995
4.64648,0.0362121
4.64649,0.0360606
4.64773,0.036053
4.64774,0.0359214
4.64885,0.0359312
4.64886,0.0358148
4.64998,0.035838
4.64999,0.0357332
4.6511,0.0358916
4.65111,0.0359051
4.65223,0.036042
4.65224,0.0360367
4.65335,0.0361571
4.65336,0.0361375
4.6546,0.0362453
4.65461,0.0360896
4.65573,0.0360784
4.65574,0.0359436
4.65685,0.0359507
4.65686,0.0358318
4.65798,0.0358529
4.65799,0.0357463
4.6591,0.035903
4.65911,0.0359151
4.66023,0.0360507
4.66024,0.0360444
4.66135,0.0361638
4.66136,0.0361433
4.6626,0.0362504
4.66261,0.0360941
4.66435,0.0362074
4.66436,0.0361814
4.66498,0.0361588
4.66499,0.0360139
4.66598,0.0360122
4.66599,0.0358857
4.6671,0.0360249
4.66711,0.0360218
4.66823,0.0361441
4.66824,0.0361261
4.66948,0.0362353
4.66949,0.0362059
4.6706,0.0363052
4.67061,0.036142
4.67173,0.0361243
4.67174,0.0359837
4.67285,0.0359858
4.67286,0.0358625
4.67398,0.0358797
4.67399,0.0357698
4.6751,0.0359235
4.67511,0.0359331
4.67635,0.0360665
4.67636,0.0360582
4.67748,0.0361759
4.67749,0.0361539
4.67923,0.0363847
4.67924,0.0363366
4.67973,0.0362945
4.67974,0.0361327
4.68085,0.0361161
4.68086,0.0359766
4.68198,0.0359795
4.68199,0.0358571
4.68373,0.0359999
4.68374,0.0359999
4.68435,0.036125
4.68436,0.0361093
4.6856,0.0362207
4.68561,0.0361931
4.6866,0.0362939
4.68661,0.0361322
4.68773,0.0361157
4.68774,0.0359762
4.68885,0.0359792
4.68886,0.0358568
4.68998,0.0358747
4.68999,0.0357654
4.69123,0.0359197
4.69124,0.0359297
4.69235,0.0360635
4.69236,0.0360556
4.69348,0.0361736
4.69349,0.0361519
4.6946,0.0362579
4.69461,0.0361007
4.69573,0.0360881
4.69574,0.0359521
4.69685,0.0359581
4.69686,0.0358383
4.69798,0.0358585
4.69799,0.0357512
4.69923,0.0359073
4.69924,0.0357939
4.70035,0.0358197
4.70036,0.0358422
4.70148,0.0359869
4.70149,0.0359886
4.7026,0.036115
4.70261,0.0359756
4.70373,0.0359787
4.70374,0.0358563
4.70498,0.0358743
4.70499,0.035765
4.7061,0.0359194
4.70611,0.0359295
4.70723,0.0360633
4.70724,0.0360554
4.70835,0.0361734
4.70836,0.0361518
4.70948,0.0362578
4.70949,0.0362256
4.7106,0.0363224
4.71061,0.0361571
4.71173,0.0361374
4.71174,0.0359953
4.71285,0.0359959
4.71286,0.0358714
4.7141,0.0360124
4.71411,0.0358859
4.71523,0.0359002
4.71524,0.0359126
4.71635,0.0360486
4.71636,0.0360425
4.71748,0.0361622
4.71749,0.0361419
4.7186,0.0362492
4.71861,0.036093
4.71973,0.0360814
4.71974,0.0359462
4.72098,0.0359529
4.72099,0.0358338
4.7221,0.0359796
4.72211,0.0359821
4.72323,0.0361094
4.72324,0.0360957
4.72435,0.0362087
4.72436,0.0361826
4.7256,0.0362848
4.72561,0.0362492
4.7266,0.0363431
4.72661,0.0361752
4.72773,0.0361533
4.72774,0.0360091
4.72898,0.036008
4.72899,0.035882
4.7301,0.0360217
4.73011,0.036019
4.73123,0.0361416
4.73124,0.0361239
4.73235,0.0362334
4.73236,0.0362043
4.73348,0.0363037
4.73349,0.0362658
4.7346,0.0363575
4.73461,0.0361878
4.73585,0.0361644
4.73586,0.0360188
4.73698,0.0360165
4.73699,0.0358894
4.7381,0.0360282
4.73811,0.0360247
4.73923,0.0361466
4.73924,0.0361283
4.74035,0.0362373
4.74036,0.0362076
4.74148,0.0363066
4.74149,0.0361433
4.74273,0.0361254
4.74274,0.0359847
4.74385,0.0359866
4.74386,0.0358633
4.74498,0.0358804
4.74499,0.0358953
4.7461,0.0360334
4.74611,0.0361542
4.74723,0.03626
4.74724,0.0363525
4.74835,0.0364334
4.74836,0.0365042
4.74948,0.0365662
4.74949,0.0366204
4.75073,0.0365429
4.75074,0.036475
4.75185,0.0364156
4.75186,0.0363637
4.75298,0.0363182
4.75299,0.0362784
4.7541,0.0363686
4.75411,0.0364476
4.75523,0.0365166
4.75524,0.036577
4.75635,0.0366299
4.75636,0.0366762
4.7576,0.0367166
4.75761,0.0367521
4.75873,0.0366581
4.75874,0.0365758
4.75985,0.0365038
4.75986,0.0364408
4.76098,0.0363857
4.76099,0.0363375
4.7621,0.0364203
4.76211,0.0364928
4.76323,0.0365562
4.76324,0.0366117
4.76435,0.0366602
4.76436,0.0367027
4.7656,0.0367398
4.76561,0.0367724
4.76673,0.0366758
4.76674,0.0365913
4.76785,0.0365174
4.76786,0.0364527
4.76898,0.0363962
4.76899,0.0363466
4.7701,0.0364283
4.77011,0.0364998
4.77123,0.0365623
4.77124,0.036617
4.77248,0.0366649
4.77249,0.0367068
4.7736,0.0367434
4.77361,0.0367755
4.77473,0.0366786
4.77474,0.0365937
4.77585,0.0365195
4.77586,0.0364546
4.77698,0.0363978
4.77699,0.036348
4.7781,0.0364295
4.77811,0.0365008
4.77923,0.0365632
4.77924,0.0366178
4.78048,0.0366656
4.78049,0.0367074
4.7816,0.036744
4.78161,0.036776
4.78273,0.036679
4.78274,0.0365941
4.78385,0.0365198
4.78386,0.0364549
4.78498,0.036398
4.78499,0.0363483
4.7861,0.0364297
4.78611,0.036501
4.78735,0.0365634
4.78736,0.036618
4.78848,0.0366657
4.78849,0.0367075
4.7896,0.0367441
4.78961,0.0367761
4.79073,0.036679
4.79074,0.0365942
4.79185,0.0365199
4.79186,0.0364549
4.79298,0.036398
4.79299,0.0363483
4.7941,0.0364297
4.79411,0.036501
4.79535,0.0365634
4.79536,0.036618
4.79648,0.0366657
4.79649,0.0367075
4.7976,0.0367441
4.79761,0.0367761
4.79873,0.0366791
4.79874,0.0365942
4.79985,0.0365199
4.79986,0.0364549
4.8016,0.036523
4.80161,0.0365827
4.80223,0.0366348
4.80224,0.0366805
4.80335,0.0367204
4.80336,0.0367554
4.80448,0.0367859
4.80449,0.0368127
4.8056,0.0368361
4.80561,0.0368566
4.80673,0.0367495
4.80674,0.0366558
4.80848,0.0366989
4.80849,0.0367365
4.80898,0.0366444
4.80899,0.0365639
4.81023,0.0366184
4.81024,0.0366661
4.81135,0.0367078
4.81136,0.0367444
4.81248,0.0367763
4.81249,0.0368043
4.8136,0.0368287
4.81361,0.0368501
4.81473,0.0367439
4.81474,0.0366509
4.81585,0.0365695
4.81586,0.0364983
4.8171,0.036561
4.81711,0.0366159
4.81823,0.0366639
4.81824,0.0367059
4.81935,0.0367427
4.85624,0.0366499
4.8571,0.0366936
4.85711,0.0367319
4.85823,0.0367654
4.85824,0.0367947
4.85935,0.0369454
4.85936,0.0369522
4.86048,0.0370832
4.86049,0.0366978
4.86173,0.0353606
4.86174,0.0340655
4.86285,0.0330573
4.86286,0.0320501
4.86398,0.0311689
4.86399,0.0303978
4.8651,0.029848
4.86511,0.029367
4.86623,0.0289462
4.86624,0.0284529
4.86735,0.0281463
4.86736,0.027753
4.8686,0.0275339
4.86861,0.0272171
4.86973,0.02694
4.86974,0.0266975
4.87085,0.0264853
4.87086,0.0262996
4.87198,0.0261372
4.87199,0.02587
4.8731,0.0258863
4.87311,0.0257755
4.87423,0.0258036
4.87424,0.0257031
4.87535,0.0257402
4.87536,0.0256477
4.8766,0.0256917
4.87661,0.0256053
4.87773,0.0256546
4.87774,0.0255728
4.87885,0.0255012
4.87886,0.0254385
4.87998,0.0255087
4.87999,0.0254451
4.8811,0.0255145
4.88111,0.0255752
4.88223,0.0256283
4.88224,0.0255497
4.88348,0.025606
4.88349,0.0255303
4.8846,0.025589
4.88461,0.0255154
4.88573,0.0255759
4.88574,0.025504
4.88685,0.025566
4.88686,0.0254952
4.88798,0.0255583
4.88799,0.0254885
4.8891,0.0256775
4.88911,0.0257178
4.89035,0.0258781
4.89036,0.0257683
4.89148,0.0257973
4.89149,0.0256976
4.8926,0.0257354
4.89261,0.0256435
4.89373,0.025688
4.89374,0.025602
4.89498,0.0256518
4.89499,0.0255703
4.89598,0.025624
4.89599,0.025546
4.8971,0.0257278
4.89711,0.0257618
4.89835,0.0259166
4.89836,0.025802
4.89948,0.0258267
4.89949,0.0257234
4.9006,0.025758
4.90061,0.0256632
4.90173,0.0257053
4.90174,0.0256172
4.90348,0.02579
4.90349,0.0258163
4.90398,0.0258392
4.90399,0.0257343
4.90523,0.0258925
4.90524,0.025906
4.90698,0.0260427
4.90699,0.0259124
4.90748,0.0259233
4.90749,0.0258079
4.9086,0.0258319
4.90861,0.0257279
4.90973,0.0257619
4.90974,0.0256667
4.91085,0.0257084
4.91086,0.0256198
4.91198,0.0256673
4.91199,0.0255839
4.91323,0.0257609
4.91324,0.0257908
4.91435,0.025942
4.91436,0.0258242
4.9156,0.0258462
4.91561,0.0257404
4.9166,0.0257729
4.91661,0.0256763
4.91773,0.0257167
4.91774,0.0256271
4.91885,0.0256737
4.91886,0.0255895
4.9201,0.0257658
4.92011,0.0257951
4.92123,0.0259457
4.92124,0.0259525
4.92235,0.0260834
4.92236,0.025948
4.92348,0.0259545
4.92349,0.0258352
4.9246,0.0258558
4.92461,0.0257488
4.92573,0.0257802
4.92574,0.0256827
4.92748,0.0258474
4.92749,0.0258664
4.9281,0.0260081
4.92811,0.0258821
4.92923,0.0258968
4.92924,0.0259097
4.93035,0.026046
4.93036,0.0259153
4.93148,0.0259259
4.93149,0.0258101
4.9326,0.0258339
4.93261,0.0257296
4.93373,0.0257634
4.93374,0.025668
4.93498,0.0257095
4.93499,0.0256208
4.9361,0.0257932
4.93611,0.0258191
4.93723,0.0259667
4.93724,0.0259708
4.93835,0.0260995
4.93836,0.025962
4.93948,0.0259668
4.93949,0.0258459
4.9406,0.0258652
4.94061,0.0257571
4.94173,0.0257874
4.94174,0.025814
4.94298,0.0258372
4.94299,0.0258576
4.9441,0.0260004
4.94411,0.0261253
4.94523,0.0262347
4.94524,0.0263303
4.94635,0.026289
4.94636,0.0262529
4.94748,0.0262213
4.94749,0.0261936
4.9486,0.0261694
4.94861,0.0261483
4.94985,0.0261297
4.94986,0.0261135
4.95098,0.0260993
4.95099,0.0260869
4.9521,0.026201
4.95211,0.0263009
4.95323,0.0262633
4.95324,0.0262304
4.95435,0.0262016
4.95436,0.0261764
4.9556,0.0261543
4.95561,0.026135
4.9566,0.0261182
4.95661,0.0261034
4.95785,0.0260905
4.95786,0.0260792
4.95898,0.0260693
4.95899,0.0260606
4.9601,0.026178
4.96011,0.0262808
4.96123,0.0263707
4.96124,0.0264493
4.96235,0.0263932
4.96236,0.026344
4.96348,0.026301
4.96349,0.0262634
4.96473,0.0262305
4.96474,0.0262017
4.96585,0.0261765
4.96586,0.0261544
4.96698,0.0261351
4.96699,0.0261182
4.9681,0.0262284
4.96811,0.0263249
4.96923,0.0264093
4.96924,0.0264831
4.97035,0.0264227
4.97036,0.0263699
4.9716,0.0263236
4.97161,0.0262832
4.97273,0.0262478
4.97274,0.0262168
4.97385,0.0261897
4.97386,0.026166
4.97498,0.0261452
4.97499,0.0261271
4.9761,0.0262362
4.97611,0.0263317
4.97723,0.0264152
4.97724,0.0264883
4.97835,0.0264273
4.97836,0.0263739
4.9796,0.0263271
4.97961,0.0262862
4.98073,0.0262505
4.98074,0.0262192
4.98185,0.0261918
4.98186,0.0261678
4.98298,0.0261468
4.98299,0.0261285
4.9841,0.0262374
4.98411,0.0263327
4.98523,0.0264161
4.98524,0.0264891
4.98648,0.026428
4.98649,0.0263745
4.9876,0.0263277
4.98761,0.0262867
4.98873,0.0262509
4.98874,0.0262195
4.98985,0.0261921
4.98986,0.0261681
4.99098,0.0261471
4.99099,0.0261287
4.9921,0.0262376
4.99211,0.0263329
4.99323,0.0264163
4.99324,0.0264892
4.9951,0.0265531
4.99511,0.0266089
4.9956,0.0265328
4.99561,0.0264662
4.99673,0.0264079
4.99674,0.026357
4.99723,0.0263123
4.99785,0.0262733
4.99848,0.0262391
4.99898,0.0262092
4.9996,0.0261831
5.0001,0.0262852
5.00073,0.0262495
5.00135,0.0263434
5.00185,0.0261754
5.00248,0.0261535
5.00298,0.0260093
5.0036,0.0260082
5.0041,0.0260071
5.00473,0.0260062
5.00535,0.0260055
5.00585,0.0260048
5.00648,0.0260042
5.00698,0.0260037
5.0076,0.0260032
5.0081,0.0261278
5.00873,0.0261118
5.00935,0.0262228
5.00985,0.02607
5.01048,0.0260612
5.01098,0.0259286
5.0116,0.0259375
5.01223,0.0259453
5.01273,0.0259522
5.01335,0.0259581
5.01385,0.0259634
5.01448,0.0259679
5.01498,0.025972
5.0156,0.0259755
5.01623,0.0261035
5.01673,0.0260906
5.01735,0.0262043
5.01785,0.0260537
5.01848,0.026047
5.01898,0.0259161
5.0196,0.0259266
5.02023,0.0258108
5.02073,0.0257094
5.02135,0.0257458
5.02185,0.0257775
5.02248,0.0258053
5.02298,0.0258297
5.0236,0.025851
5.02423,0.0259946
5.02473,0.0259953
5.02535,0.0261209
5.02585,0.0261058
5.02648,0.0260925
5.0271,0.026206
5.0276,0.0261802
5.02823,0.0262827
5.02873,0.0262474
5.02935,0.0263414
5.02985,0.0262988
5.03048,0.0262614
5.0311,0.0263537
5.0316,0.0263095
5.03223,0.0263958
5.03273,0.0263463
5.03335,0.0264281
5.03385,0.0263745
5.03448,0.0263277
5.0351,0.0264118
5.0356,0.0263603
5.03623,0.0264403
5.03673,0.0263852
5.03735,0.0264621
5.0386,0.0265293
5.03861,0.0264631
5.0391,0.0265303
5.0396,0.026464
5.04023,0.026531
5.04073,0.0265896
5.04198,0.0266409
5.0421,0.0268108
5.04248,0.0268344
5.0431,0.0268551
5.0436,0.0268732
5.04423,0.0268891
5.04473,0.0269029
5.04535,0.0269151
5.04598,0.0269257
5.04648,0.026935
5.0471,0.0269431
5.0476,0.0269502
5.04823,0.0269564
5.04873,0.0269619
5.04935,0.0269667
5.04998,0.0269708
5.05048,0.0269745
5.0511,0.0269777
5.0516,0.0269804
5.05223,0.0269829
5.05285,0.026985
5.05335,0.0269869
5.05398,0.0268635
5.05448,0.0268806
5.0551,0.0268955
5.0556,0.0269086
5.05623,0.02692
5.05685,0.02693
5.05735,0.0269388
5.05798,0.0268214
5.05848,0.0268437
5.0591,0.0268633
5.0596,0.0268804
5.06023,0.0268953
5.06085,0.0269084
5.06135,0.0269198
5.0626,0.0269299
5.06261,0.0269386
5.0631,0.0269463
5.0636,0.026953
5.06423,0.0269589
5.06535,0.026964
5.06536,0.0269685
5.06648,0.0269725
5.06649,0.0269759
5.06773,0.0269789
5.06774,0.0269815
5.06885,0.0269839
5.06886,0.0268609
5.06998,0.0268783
5.06999,0.0267685
5.0711,0.0269224
5.07111,0.0269321
5.07223,0.0270656
5.07224,0.0270574
5.07335,0.0271752
5.07336,0.0271533
5.07448,0.0271342
5.07449,0.0271174
5.07573,0.0271027
5.07574,0.0270899
5.07685,0.0270786
5.07686,0.0270688
5.07798,0.0270602
5.07799,0.0269277
5.0791,0.0270617
5.07911,0.027054
5.08023,0.0271723
5.08024,0.0271507
5.08135,0.0272569
5.08136,0.0272248
5.0826,0.0271967
5.08261,0.0271721
5.08373,0.0271506
5.08374,0.0271318
5.08498,0.0271153
5.08499,0.0271009
5.08598,0.0270883
5.08599,0.0269522
5.08773,0.0270832
5.08774,0.0270728
5.08823,0.0271887
5.08824,0.0271651
5.08935,0.0271445
5.08936,0.0271264
5.09123,0.0272356
5.09124,0.0273312
5.09173,0.0272898
5.09174,0.0271285
5.09348,0.0272375
5.09349,0.0272078
5.09398,0.0271818
5.09399,0.0270341
5.0951,0.0271548
5.09511,0.0271355
5.09623,0.0272435
5.09624,0.0272131
5.09748,0.0273115
5.09749,0.0271475
5.0986,0.0271291
5.09861,0.0269879
5.09973,0.0269895
5.09974,0.0268658
5.10085,0.0268826
5.10086,0.0267722
5.10198,0.0268007
5.10199,0.0267006
5.1031,0.026863
5.10311,0.0268802
5.10423,0.0270201
5.10424,0.0270176
5.1056,0.0271404
5.10561,0.0269979
5.1066,0.0269981
5.10661,0.0268734
5.10773,0.0268892
5.10774,0.026778
5.10948,0.0269308
5.10949,0.0269394
5.10998,0.026947
5.10999,0.0268286
5.1111,0.0269751
5.11111,0.0269782
5.11235,0.0271059
5.11236,0.0270927
5.11348,0.0272061
5.11349,0.0270553
5.1146,0.0270484
5.11461,0.0269174
5.11573,0.0269277
5.11574,0.0268117
5.11685,0.0268353
5.11686,0.0266058
5.11798,0.0265301
5.11799,0.0264639
5.11923,0.0266559
5.11924,0.0265739
5.12035,0.0266271
5.12036,0.0266738
5.12148,0.0268395
5.12149,0.0267346
5.1226,0.0267678
5.12261,0.0266718
5.12373,0.0267128
5.12374,0.0266237
5.12498,0.0266708
5.12499,0.0265869
5.12598,0.0266385
5.12599,0.0265587
5.12723,0.0267389
5.12724,0.0267715
5.12835,0.0269251
5.12836,0.0269344
5.12948,0.0270676
5.12949,0.0269342
5.1306,0.0269424
5.13061,0.0268246
5.13173,0.0268465
5.13174,0.0267407
5.13285,0.0267731
5.13286,0.0266765
5.1341,0.0268419
5.13411,0.0268617
5.13523,0.027004
5.13524,0.0268785
5.13635,0.0268937
5.13636,0.026907
5.13748,0.0270436
5.13749,0.0269131
5.1386,0.026924
5.13861,0.0268085
5.13973,0.0268324
5.13974,0.0267284
5.14085,0.0267623
5.14086,0.026792
5.1421,0.026943
5.14211,0.0270752
5.14323,0.0271908
5.14324,0.0272919
5.14435,0.0273804
5.14436,0.0274579
5.1456,0.0275256
5.14561,0.0275849
5.1466,0.0275118
5.14661,0.0274478
5.14773,0.0273919
5.14774,0.0273429
5.14898,0.0273
5.14899,0.0272625
5.1501,0.0273547
5.15011,0.0274354
5.15123,0.0275059
5.15124,0.0275677
5.15235,0.0276217
5.15236,0.027669
5.15348,0.0277104
5.15349,0.0277466
5.1546,0.0276533
5.15461,0.0275716
5.15573,0.0275002
5.15574,0.0274376
5.15698,0.0273829
5.15699,0.0273351
5.1581,0.0274182
5.15811,0.0274909
5.15923,0.0275545
5.15924,0.0276102
5.16035,0.0276589
5.16036,0.0277016
5.16148,0.0276139
5.16149,0.0275371
5.1626,0.02747
5.16261,0.0274113
5.16385,0.0273598
5.16386,0.0273149
5.16498,0.0272755
5.16499,0.0272411
5.1661,0.0273359
5.16611,0.0274189
5.16723,0.0274916
5.16724,0.0275551
5.16835,0.0276107
5.16836,0.0276594
5.16948,0.027577
5.16949,0.0275048
5.1706,0.0274417
5.17061,0.0273865
5.17248,0.0274632
5.17249,0.0275303
5.17298,0.027464
5.17299,0.027406
5.1741,0.0274803
5.17411,0.0275452
5.1746,0.0274771
5.17523,0.0275424
5.17648,0.0275996
5.17649,0.0276497
5.17698,0.0274435
5.17748,0.027388
5.1781,0.0273395
5.17873,0.0272971
5.17923,0.02726
5.18048,0.0273525
5.18049,0.0273084
5.18098,0.0272698
5.18148,0.0272361
5.1821,0.0273316
5.18273,0.0272902
5.18323,0.0273789
5.18385,0.0273315
5.18498,0.0274151
5.1851,0.0273632
5.1856,0.0273178
5.1861,0.0272781
5.18673,0.0272433
5.18723,0.0272129
5.18785,0.0271863
5.18835,0.027163
5.18898,0.0271426
5.1896,0.0271248
5.1901,0.0272342
5.19073,0.0272049
5.19123,0.0273043
5.19185,0.0272663
5.19235,0.027358
5.19298,0.0271882
5.1936,0.0271647
5.1941,0.0271441
5.19473,0.0271261
5.19523,0.0271103
5.19585,0.0270965
5.19635,0.0270845
5.19698,0.0270739
5.1976,0.0270647
5.19873,0.0271816
5.19885,0.0270339
5.19923,0.0270297
5.19985,0.0270259
5.20048,0.0271477
5.20098,0.0270042
5.2016,0.0270037
5.2021,0.0271282
5.20273,0.0271122
5.20323,0.0270982
5.20385,0.0270859
5.20448,0.0272002
5.20498,0.0271752
5.2056,0.0271533
5.2061,0.0272591
5.20673,0.0272267
5.20723,0.0271984
5.20785,0.0271736
5.20848,0.0272769
5.20898,0.0272423
5.2096,0.027212
5.2101,0.0273105
5.21073,0.0272717
5.21123,0.0273627
5.21185,0.0273174
5.21248,0.0272777
5.21298,0.027243
5.2136,0.0272126
5.2141,0.027311
5.21473,0.0272722
5.21535,0.0273631
5.21585,0.0273177
5.21648,0.027403
5.21698,0.0273526
5.2176,0.0273086
5.2181,0.027395
5.21873,0.0273456
5.21935,0.0274274
5.21985,0.027374
5.22048,0.0274522
5.22098,0.0273957
5.2216,0.0273462
5.2221,0.027428
5.22273,0.0273745
5.22335,0.0274527
5.22385,0.0273961
5.22448,0.0274716
5.22498,0.0274126
5.2256,0.027361
5.22623,0.0274409
5.22673,0.0273858
5.22735,0.0274626
5.22785,0.0274048
5.22848,0.0274792
5.22898,0.0274193
5.2296,0.0273669
5.23023,0.027446
5.23073,0.0273902
5.23135,0.0274665
5.23185,0.0274082
5.23248,0.0274821
5.23298,0.0274219
5.2336,0.0273691
5.23423,0.027448
5.23473,0.027392
5.23535,0.027468
5.23585,0.0274095
5.23648,0.0274833
5.23698,0.0274229
5.2376,0.02737
5.23823,0.0274488
5.23873,0.0273927
5.23935,0.0274686
5.23985,0.02741
5.24048,0.0274838
5.2411,0.0275483
5.2416,0.0274798
5.24223,0.0275448
5.24273,0.0274767
5.24335,0.0275421
5.24385,0.0275993
5.24448,0.0276494
5.2451,0.0278182
5.2456,0.027841
5.24623,0.0278608
5.24673,0.0278782
5.24735,0.0278935
5.24785,0.0279068
5.24848,0.0279184
5.2491,0.0280536
5.25023,0.0281719
5.25035,0.0281504
5.25073,0.0281316
5.25135,0.0281152
5.25185,0.0281008
5.25248,0.0280882
5.2531,0.0282022
5.2536,0.0281769
5.25423,0.0281548
5.25473,0.0281354
5.25598,0.0281185
5.2561,0.0282287
5.2571,0.0283251
5.25723,0.0284095
5.2576,0.0283583
5.25823,0.0283135
5.25873,0.0282743
5.25935,0.02824
5.25998,0.02821
5.26048,0.0281838
5.2611,0.0282858
5.2616,0.0282501
5.26223,0.0282188
5.26273,0.0281915
5.26335,0.0281675
5.26398,0.0281466
5.26448,0.0281283
5.2651,0.0282372
5.2656,0.0282076
5.26623,0.0281816
5.26685,0.0281589
5.26735,0.0281391
5.26798,0.0281217
5.26848,0.0281065
5.2691,0.0280932
5.2696,0.0280815
5.27023,0.0280713
5.27085,0.0280624
5.27135,0.0280546
5.27198,0.0280478
5.27248,0.0280418
5.2731,0.0280366
5.2736,0.028032
5.27423,0.028028
5.27535,0.0281495
5.27536,0.0281308
5.27648,0.0282395
5.27649,0.0282095
5.2776,0.0281833
5.27761,0.0280354
5.27885,0.028031
5.27886,0.0280271
5.27998,0.0280237
5.27999,0.0280208
5.2811,0.0281432
5.28111,0.0281253
5.28223,0.0282346
5.28224,0.0282053
5.28335,0.0283046
5.28336,0.0282665
5.28448,0.0282332
5.28449,0.0280791
5.28573,0.0280692
5.28574,0.0280605
5.28685,0.028053
5.28686,0.0280463
5.28798,0.0280406
5.28799,0.0280355
5.2891,0.028156
5.28911,0.0281365
5.29023,0.0282445
5.29024,0.0282139
5.29135,0.0283122
5.29136,0.0282732
5.2926,0.028364
5.29261,0.0283185
5.29373,0.0282787
5.29374,0.0282439
5.29498,0.0282134
5.29499,0.0281867
5.29598,0.0281634
5.29599,0.0281429
5.2971,0.0282501
5.29711,0.0282188
5.29823,0.0283165
5.29824,0.0282769
5.29935,0.0283673
5.29936,0.0283214
5.3006,0.0284062
5.30061,0.0283554
5.30173,0.028311
5.30174,0.0282721
5.30285,0.0282381
5.30286,0.0280833
5.30398,0.0280729
5.30399,0.0279388
5.3051,0.0280715
5.30511,0.0280625
5.30623,0.0281797
5.30624,0.0281572
5.30748,0.0282626
5.30749,0.0282298
5.3086,0.028326
5.30861,0.0281603
5.30973,0.0281403
5.30974,0.0279977
5.31085,0.027998
5.31086,0.0278733
5.31198,0.0278891
5.31199,0.027778
5.3131,0.0279307
5.31311,0.0279394
5.31423,0.028072
5.31424,0.028063
5.3156,0.0281801
5.31561,0.0281576
5.3166,0.0282629
5.31661,0.028105
5.31773,0.0280919
5.31774,0.0279554
5.31885,0.027961
5.31886,0.0278409
5.31998,0.0278607
5.31999,0.0277532
5.3211,0.027909
5.32111,0.0279204
5.32235,0.0280553
5.32236,0.0280484
5.32348,0.0281674
5.32349,0.0281464
5.3246,0.0282531
5.32461,0.0280965
5.32573,0.0280844
5.32574,0.0279489
5.32685,0.0279553
5.32686,0.0278359
5.32798,0.0278564
5.32799,0.0277493
5.3291,0.0279057
5.32911,0.0279175
5.33035,0.0280528
5.33036,0.0280462
5.33148,0.0281654
5.33149,0.0281447
5.3326,0.0282516
5.33261,0.0280952
5.33373,0.0280833
5.33374,0.0279479
5.33498,0.0279544
5.33499,0.0278351
5.33598,0.0278557
5.33599,0.0277487
5.33723,0.0279051
5.33724,0.027917
5.33835,0.0280524
5.33836,0.0280458
5.33948,0.0281651
5.33949,0.0281445
5.3406,0.0282514
5.34061,0.028095
5.34173,0.0280831
5.34174,0.0279477
5.34285,0.0279543
5.34286,0.027835
5.34398,0.0278556
5.34399,0.0277486
5.34523,0.0279051
5.34524,0.0279169
5.34635,0.0280523
5.34636,0.0280458
5.34748,0.0281651
5.34749,0.0281444
5.3486,0.0282514
5.34861,0.0283449
5.34973,0.0283018
5.34974,0.0282641
5.35085,0.0282311
5.35086,0.0282022
5.3521,0.0283019
5.35211,0.0283892
5.35323,0.0284655
5.35324,0.0285323
5.35435,0.0285908
5.35436,0.0286419
5.3556,0.0286867
5.35561,0.0287259
5.3566,0.0287601
5.35661,0.0287901
5.35773,0.0286914
5.35774,0.0286049
5.35885,0.0285293
5.35886,0.0284631
5.3601,0.0285303
5.36011,0.028589
5.36123,0.0286404
5.36124,0.0286853
5.36235,0.0287246
5.36236,0.0287591
5.36348,0.0287892
5.36349,0.0288155
5.3646,0.0288386
5.36461,0.0288588
5.36573,0.0287514
5.36574,0.0286575
5.36698,0.0285753
5.36699,0.0285034
5.3681,0.0285655
5.36811,0.0286198
5.36923,0.0286673
5.36924,0.0287089
5.37035,0.0287453
5.37036,0.0287771
5.37148,0.028805
5.37149,0.0288294
5.3726,0.0288507
5.37261,0.0288694
5.37385,0.0287607
5.37386,0.0286656
5.37498,0.0285824
5.37499,0.0285096
5.3761,0.0285709
5.37611,0.0286245
5.37723,0.0286715
5.37724,0.0287125
5.37835,0.0287485
5.37836,0.0287799
5.37948,0.0288074
5.37949,0.0288315
5.3806,0.0287276
5.38061,0.0286366
5.38185,0.028557
5.38186,0.0284874
5.38298,0.0284265
5.38299,0.0283732
5.3841,0.0284515
5.38411,0.0285201
5.38523,0.0285801
5.38524,0.0286326
5.38635,0.0286785
5.38636,0.0287187
5.38748,0.0287538
5.38749,0.0287846
5.38873,0.0286865
5.38874,0.0286007
5.38985,0.0285256
5.38986,0.0284599
5.39098,0.0284024
5.39099,0.0283521
5.3921,0.0284331
5.39211,0.028504
5.39323,0.028566
5.39324,0.0286202
5.39435,0.0286677
5.39436,0.0287092
5.3956,0.0287456
5.39561,0.0287774
5.39673,0.0286802
5.39674,0.0285952
5.39785,0.0285208
5.39786,0.0284557
5.39898,0.0283987
5.39899,0.0283489
5.4001,0.0284303
5.40011,0.0285015
5.40123,0.0285638
5.40124,0.0286183
5.40235,0.028666
5.40236,0.0287078
5.4036,0.0287443
5.40361,0.0287763
5.40473,0.0286792
5.40474,0.0285943
5.40585,0.02852
5.40586,0.028455
5.40698,0.0283982
5.40699,0.0283484
5.4081,0.0284298
5.40811,0.0285011
5.40923,0.0285635
5.40924,0.028618
5.41035,0.0286658
5.41036,0.0287076
5.4116,0.0287441
5.41161,0.0287761
5.41273,0.0286791
5.41274,0.0285942
5.41385,0.0285199
5.41386,0.0284549
5.41498,0.0283981
5.41499,0.0283483
5.4161,0.0284298
5.41611,0.028501
5.41723,0.0285634
5.41724,0.028618
5.41848,0.0286657
5.41849,0.0287075
5.4196,0.0287441
5.41961,0.0287761
5.42073,0.0286791
5.42074,0.0285942
5.42185,0.0285199
5.42186,0.0284549
5.42298,0.0283981
5.42299,0.0283483
5.4241,0.0284298
5.42411,0.028501
5.42523,0.0285634
5.42524,0.028618
5.42648,0.0286657
5.42649,0.0287075
5.4276,0.0287441
5.42761,0.0287761
5.42873,0.0286791
5.42874,0.0285942
5.42985,0.0285199
5.42986,0.0284549
5.43098,0.028398
5.43099,0.0283483
5.4321,0.0284298
5.43211,0.028501
5.43335,0.0285634
5.43336,0.028618
5.43448,0.0286657
5.43449,0.0287075
5.4356,0.0287441
5.43561,0.0287761
5.43673,0.0286791
5.43674,0.0285942
5.43785,0.0285199
5.43786,0.0284549
5.43898,0.028398
5.43899,0.0283483
5.44023,0.0284298
5.44024,0.028501
5.44135,0.0285634
5.44136,0.028618
5.44248,0.0286657
5.44249,0.0287075
5.4436,0.0287441
5.44361,0.0287761
5.44473,0.0286791
5.44474,0.0285942
5.44585,0.0285199
5.44586,0.0284549
5.44698,0.028398
5.44699,0.0283483
5.44823,0.0284298
5.44824,0.028501
5.44935,0.0285634
5.44936,0.028618
5.45048,0.0286657
5.45049,0.0287075
5.4516,0.0287441
5.45161,0.0287761
5.45273,0.0286791
5.45274,0.0285942
5.45385,0.0285199
5.45386,0.0284549
5.4551,0.028523
5.45511,0.0285827
5.45623,0.0287598
5.45624,0.0287899
5.45735,0.0289411
5.45736,0.0289485
5.45848,0.0290799
5.45849,0.0290699
5.4596,0.0291862
5.45961,0.0291629
5.46073,0.0292675
5.46074,0.0291091
5.46185,0.0290955
5.46186,0.0289585
5.4631,0.0290887
5.46311,0.0290776
5.46423,0.0291929
5.46424,0.0291688
5.46535,0.0292727
5.46536,0.0292386
5.46648,0.0293338
5.46649,0.0292921
5.4676,0.0293806
5.46761,0.029333
5.46873,0.0294164
5.46874,0.0292393
5.46998,0.0292094
5.46999,0.0290582
5.4711,0.0291759
5.47111,0.029154
5.47223,0.0292597
5.47224,0.0292272
5.47335,0.0293238
5.47336,0.0292834
5.47448,0.0293729
5.47449,0.0293263
5.4756,0.0294105
5.47561,0.0293592
5.47673,0.0294393
5.47674,0.0292594
5.47798,0.029227
5.47799,0.0290736
5.4791,0.0291894
5.47911,0.0291657
5.48023,0.02927
5.48024,0.0292363
5.48135,0.0293317
5.48136,0.0292903
5.48248,0.029379
5.48249,0.0293316
5.4836,0.0294152
5.48361,0.0292383
5.48498,0.0292085
5.48499,0.0290574
5.48598,0.0290502
5.48599,0.028919
5.4871,0.0290541
5.48711,0.0290473
5.48823,0.0291664
5.48824,0.0291456
5.48935,0.0292524
5.48936,0.0292209
5.49048,0.0293182
5.49049,0.0292785
5.4916,0.0293687
5.49161,0.0291976
5.49285,0.0291729
5.49286,0.0290263
5.49398,0.029023
5.49399,0.0288951
5.4951,0.0290332
5.49511,0.0290291
5.49623,0.0291504
5.49624,0.0291316
5.49735,0.0292402
5.49736,0.0292102
5.49848,0.0293089
5.49849,0.0292703
5.49973,0.0293615
5.49974,0.0291913
5.50085,0.0291674
5.50086,0.0290215
5.50198,0.0290188
5.50199,0.0288914
5.5031,0.02903
5.50311,0.0290263
5.50423,0.029148
5.50424,0.0291295
5.50535,0.0292383
5.50536,0.0292085
5.50648,0.0293074
5.50649,0.029269
5.50773,0.0293604
5.50774,0.0291903
5.50885,0.0291665
5.50886,0.0290207
5.50998,0.0290181
5.50999,0.0288909
5.5111,0.0290295
5.51111,0.0290258
5.51223,0.0291476
5.51224,0.0291291
5.51335,0.029238
5.51336,0.0292082
5.5146,0.0293072
5.51461,0.0292688
5.51573,0.0293602
5.51574,0.0291902
5.51685,0.0291664
5.51686,0.0290206
5.51798,0.029018
5.51799,0.0288908
5.5191,0.0290294
5.51911,0.0290258
5.52023,0.0291475
5.52024,0.0291291
5.52148,0.029238
5.52149,0.0292082
5.5226,0.0293072
5.52261,0.0292688
5.52373,0.0293602
5.52374,0.0291902
5.52498,0.0291664
5.52499,0.0290206
5.52598,0.029018
5.52599,0.0288908
5.5271,0.0290294
5.52711,0.0290257
5.52823,0.0291475
5.52824,0.0291291
5.52948,0.0292379
5.52949,0.0292082
5.5306,0.0293072
5.53061,0.0292688
5.53173,0.0293602
5.53174,0.0291902
5.53285,0.0291664
5.53286,0.0290206
5.53398,0.029018
5.53399,0.0288908
5.5351,0.0290294
5.53511,0.0290257
5.53635,0.0291475
5.53636,0.0291291
5.53748,0.0292379
5.53749,0.0292082
5.5386,0.0293072
5.53861,0.0292688
5.53973,0.0293602
5.53974,0.0291902
5.54085,0.0291664
5.54086,0.0290206
5.54198,0.029018
5.54199,0.0288908
5.5431,0.0290294
5.54311,0.0290257
5.54435,0.0291475
5.54436,0.0291291
5.5456,0.0292379
5.54561,0.0292082
5.5466,0.0293072
5.54661,0.0292688
5.54773,0.0293602
5.54774,0.0291902
5.54885,0.0291664
5.54886,0.0290206
5.54998,0.029018
5.54999,0.0288908
5.55123,0.0290294
5.55124,0.0290257
5.55235,0.0291475
5.55236,0.0291291
5.55348,0.0292379
5.55349,0.0292082
5.5546,0.0293072
5.55461,0.0292688
5.55573,0.0293602
5.55574,0.0291902
5.55685,0.0291664
5.55686,0.0290206
5.55798,0.029018
5.55799,0.0288908
5.55923,0.0290294
5.55924,0.0290257
5.56035,0.0291475
5.56036,0.0291291
5.56148,0.0292379
5.56149,0.0292082
5.5626,0.0293072
5.56261,0.0292688
5.56373,0.0293602
5.56374,0.0291902
5.56498,0.0291664
5.56499,0.0291456
5.5661,0.0292524
5.56611,0.0293458
5.56723,0.0294276
5.56724,0.0294992
5.56835,0.0295618
5.56836,0.0296165
5.56948,0.0296645
5.56949,0.0297064
5.5706,0.0297431
5.57061,0.0297752
5.57173,0.0298033
5.57174,0.0298279
5.57285,0.0297244
5.57286,0.0296339
5.5741,0.0296796
5.57411,0.0297197
5.57523,0.0297547
5.57524,0.0297854
5.57635,0.0298122
5.57636,0.0298357
5.57748,0.0298562
5.57749,0.0298742
5.5786,0.0298899
5.57861,0.0299037
5.57973,0.0299157
5.57974,0.0299263
5.58098,0.0298105
5.58099,0.0297092
5.5821,0.0297455
5.58211,0.0297773
5.58323,0.0298052
5.58324,0.0298295
5.58435,0.0298508
5.58436,0.0298695
5.5856,0.0298858
5.58561,0.0299001
5.5866,0.0299126
5.58661,0.0299235
5.58785,0.029933
5.58786,0.0299414
5.58898,0.0298237
5.58899,0.0297208
5.5901,0.0297557
5.59011,0.0297862
5.59123,0.0298129
5.59124,0.0298363
5.59235,0.0298568
5.59236,0.0298747
5.59348,0.0298903
5.59349,0.0299041
5.5946,0.029916
5.59461,0.0299265
5.59585,0.0298107
5.59586,0.0297094
5.59698,0.0296207
5.59699,0.0295431
5.5981,0.0296002
5.59811,0.0296502
5.59923,0.0296939
5.59924,0.0297322
5.60035,0.0297657
5.60036,0.029795
5.60148,0.0298206
5.60149,0.029843
5.60273,0.0298626
5.60274,0.0298798
5.60385,0.0297698
5.60386,0.0296736
5.60498,0.0295894
5.60499,0.0295157
5.6061,0.0295763
5.60611,0.0296292
5.60723,0.0296756
5.60724,0.0297161
5.60835,0.0297516
5.60836,0.0297827
5.60948,0.0298098
5.60949,0.0298336
5.61073,0.0298544
5.61074,0.0298726
5.61185,0.0297635
5.61186,0.0296681
5.61298,0.0295846
5.61299,0.0295115
5.6141,0.0295726
5.61411,0.029626
5.61523,0.0296727
5.61524,0.0297136
5.61635,0.0297494
5.61636,0.0297808
5.6176,0.0298082
5.61761,0.0298321
5.61873,0.0298531
5.61874,0.0298715
5.61985,0.0297625
5.61986,0.0296672
5.62098,0.0295838
5.62099,0.0295108
5.6221,0.029572
5.62211,0.0296255
5.62323,0.0296723
5.62324,0.0297133
5.62435,0.0297491
5.62436,0.0297805
5.6256,0.0298079
5.62561,0.0298319
5.62673,0.0298529
5.62674,0.0298713
5.62785,0.0297624
5.62786,0.0296671
5.62898,0.0295837
5.62899,0.0295107
5.6301,0.0295719
5.63011,0.0296254
5.63123,0.0296722
5.63124,0.0297132
5.63248,0.0297491
5.63249,0.0297804
5.6336,0.0298079
5.63361,0.0298319
5.63473,0.0298529
5.63474,0.0298713
5.63585,0.0297624
5.63586,0.0296671
5.63698,0.0295837
5.63699,0.0295107
5.6381,0.0295719
5.63811,0.0296254
5.63923,0.0296722
5.63924,0.0297132
5.64048,0.029749
5.64049,0.0297804
5.6416,0.0298079
5.64161,0.0298319
5.64273,0.0298529
5.64274,0.0298713
5.64385,0.0297624
5.64386,0.0296671
5.64498,0.0295837
5.64499,0.0295107
5.6461,0.0295719
5.64611,0.0296254
5.64735,0.0296722
5.64736,0.0297132
5.64848,0.029749
5.64849,0.0297804
5.6496,0.0298079
5.64961,0.0298319
5.65073,0.0298529
5.65074,0.0298713
5.65185,0.0297624
5.65186,0.0296671
5.65298,0.0295837
5.65299,0.0295107
5.6541,0.0295719
5.65411,0.0296254
5.65535,0.0296722
5.65536,0.0297132
5.65648,0.029749
5.65649,0.0297804
5.6576,0.0298079
5.65761,0.0298319
5.65873,0.0298529
5.65874,0.0298713
5.65985,0.0297624
5.65986,0.0296671
5.66098,0.0295837
5.66099,0.0295107
5.66223,0.0295719
5.66224,0.0296254
5.66335,0.0296722
5.66336,0.0297132
5.66448,0.029749
5.66449,0.0297804
5.6656,0.0298079
5.66561,0.0298319
5.66673,0.0298529
5.66674,0.0298713
5.66785,0.0297624
5.66786,0.0296671
5.6691,0.0297087
5.66911,0.0297451
5.67023,0.029777
5.67024,0.0298048
5.67135,0.0298292
5.67136,0.0298506
5.67248,0.0298693
5.67249,0.0298856
5.6736,0.0298999
5.67361,0.0299124
5.67473,0.0299234
5.67474,0.0299329
5.67585,0.0298163
5.67586,0.0297143
5.6771,0.029875
5.67711,0.0298906
5.67823,0.0300293
5.67824,0.0300256
5.67935,0.0301474
5.67936,0.030129
5.68048,0.0302379
5.68049,0.0302081
5.6816,0.0303071
5.68161,0.0302687
5.68273,0.0303601
5.68274,0.0303151
5.68398,0.0304007
5.68399,0.0302256
5.6851,0.0303224
5.68511,0.0302821
5.68623,0.0303719
5.68624,0.0303254
5.68735,0.0304097
5.68736,0.0303585
5.68848,0.0304387
5.68849,0.0303838
5.6896,0.0304609
5.68961,0.0304033
5.69073,0.0304778
5.69074,0.0304181
5.69198,0.0304909
5.69199,0.0303045
5.6931,0.0303914
5.69311,0.0303425
5.69423,0.0304247
5.69424,0.0303716
5.69535,0.0304502
5.69536,0.0303939
5.69648,0.0304696
5.69649,0.0304109
5.6976,0.0304846
5.69761,0.030424
5.69885,0.030496
5.69886,0.030309
5.69998,0.0302704
5.69999,0.0301116
5.7011,0.0302226
5.70111,0.0301948
5.70223,0.0302955
5.70224,0.0302585
5.70335,0.0303512
5.70336,0.0303073
5.70448,0.0303939
5.70449,0.0303447
5.7056,0.0304266
5.70561,0.0303732
5.70685,0.0304516
5.70686,0.0302701
5.70798,0.0302364
5.70799,0.0300818
5.7091,0.0301966
5.70911,0.030172
5.71023,0.0302755
5.71024,0.0302411
5.71135,0.0303359
5.71136,0.030294
5.71248,0.0303822
5.71249,0.0303344
5.71373,0.0304176
5.71374,0.0303654
5.71498,0.0304447
5.71499,0.0302642
5.71598,0.0302311
5.71599,0.0300772
5.7171,0.0301926
5.71711,0.0301685
5.71823,0.0302724
5.71824,0.0302384
5.71935,0.0303336
5.71936,0.0302919
5.72048,0.0303804
5.72049,0.0303329
5.72173,0.0304162
5.72174,0.0303642
5.72285,0.0304437
5.72286,0.0302632
5.72398,0.0302303
5.72399,0.0300765
5.7251,0.030192
5.72511,0.030168
5.72623,0.030272
5.72624,0.030238
5.72735,0.0303332
5.72736,0.0302916
5.7286,0.0303801
5.72861,0.0303326
5.72973,0.030416
5.72974,0.030364
5.73085,0.0304435
5.73086,0.0302631
5.73198,0.0302302
5.73199,0.0300764
5.7331,0.0301919
5.73311,0.0301679
5.73423,0.0302719
5.73424,0.0302379
5.7356,0.0303332
5.73561,0.0302915
5.7366,0.0303801
5.73661,0.0303326
5.73773,0.030416
5.73774,0.030364
5.73885,0.0304435
5.73886,0.0302631
5.73998,0.0302302
5.73999,0.0300764
5.7411,0.0301919
5.74111,0.0301679
5.74223,0.0302719
5.74224,0.0302379
5.74348,0.0303332
5.74349,0.0302915
5.7446,0.0303801
5.74461,0.0303326
5.74573,0.030416
5.74574,0.030364
5.74685,0.0304435
5.74686,0.0302631
5.74798,0.0302302
5.74799,0.0300764
5.7491,0.0301919
5.74911,0.0301679
5.75035,0.0302719
5.75036,0.0302379
5.75148,0.0303332
5.75149,0.0302915
5.7526,0.0303801
5.75261,0.0303326
5.75373,0.030416
5.75374,0.030364
5.75498,0.0304435
5.75499,0.0302631
5.75598,0.0302302
5.75599,0.0300764
5.7571,0.0301919
5.75711,0.0301679
5.75835,0.0302719
5.75836,0.0302379
5.75948,0.0303332
5.75949,0.0302915
5.7606,0.0303801
5.76061,0.0303326
5.76173,0.030416
5.76174,0.030364
5.76285,0.0304435
5.76286,0.0302631
5.76398,0.0302302
5.76399,0.0300764
5.76523,0.0301919
5.76524,0.0301679
5.76635,0.0302719
5.76636,0.0302379
5.76748,0.0303332
5.76749,0.0302915
5.7686,0.0303801
5.76861,0.0303326
5.76973,0.030416
5.76974,0.030364
5.77085,0.0304435
5.77086,0.0302631
5.77198,0.0302302
5.77199,0.0300764
5.77323,0.0301919
5.77324,0.0301679
5.77435,0.0302719
5.77436,0.0302379
5.7756,0.0303332
5.77561,0.0302915
5.7766,0.0303801
5.77661,0.0303326
5.77773,0.030416
5.77774,0.030364
5.77885,0.0304435
5.77886,0.0302631
5.7801,0.0303552
5.78011,0.0303108
5.78123,0.0303969
5.78124,0.0303473
5.78235,0.0304289
5.78236,0.0303753
5.78348,0.0304534
5.78349,0.0303967
5.7846,0.0304721
5.78461,0.0304131
5.78573,0.0304865
5.78574,0.0304257
5.78685,0.0304974
5.78686,0.0303103
5.7881,0.0303965
5.78811,0.0303469
5.78923,0.0304286
5.78924,0.030375
5.79035,0.0304531
5.79036,0.0305215
5.79148,0.0305813
5.79149,0.0306336
5.7926,0.0306794
5.79261,0.0307195
5.79373,0.0307546
5.79374,0.0307852
5.79498,0.0308121
5.79499,0.0308356
5.7961,0.0308561
5.79611,0.0308741
5.79723,0.0308898
5.79724,0.0309036
5.79835,0.0309157
5.79836,0.0309262
5.79948,0.0309354
5.79949,0.0309435
5.8006,0.0309506
5.80061,0.0309567
5.80173,0.0309621
5.80174,0.0309669
5.80298,0.030971
5.80299,0.0309746
5.8041,0.0309778
5.80411,0.0309806
5.80523,0.030983
5.80524,0.0309851
5.80635,0.030987
5.80636,0.0309886
5.80748,0.03099
5.80749,0.0309913
5.8086,0.0309924
5.80861,0.0309933
5.80985,0.0309942
5.80986,0.0309949
5.81098,0.0308705
5.81099,0.0307617
5.8121,0.0307915
5.81211,0.0308176
5.81323,0.0308404
5.81324,0.0308603
5.81435,0.0308778
5.81436,0.0308931
5.8156,0.0309064
5.81561,0.0309181
5.81673,0.0309284
5.81674,0.0309373
5.81785,0.0309451
5.81786,0.030952
5.81898,0.030833
5.81899,0.0307289
5.8201,0.0307628
5.82011,0.0307924
5.82123,0.0308184
5.82124,0.0308411
5.82235,0.0308609
5.82236,0.0308783
5.82348,0.0308935
5.82349,0.0309068
5.82473,0.0309185
5.82474,0.0309287
5.82585,0.0309376
5.82586,0.0309454
5.82698,0.0308272
5.82699,0.0307238
5.8281,0.0307583
5.82811,0.0307885
5.82923,0.030815
5.82924,0.0308381
5.83035,0.0308583
5.83036,0.030876
5.8316,0.0308915
5.83161,0.0309051
5.83273,0.030917
5.83274,0.0309273
5.83385,0.0309364
5.83386,0.0309444
5.83498,0.0308263
5.83499,0.030723
5.8361,0.0307577
5.83611,0.0307879
5.83723,0.0308145
5.83724,0.0308376
5.83835,0.0308579
5.83836,0.0308757
5.8396,0.0308912
5.83961,0.0309048
5.84073,0.0309167
5.84074,0.0309271
5.84185,0.0309362
5.84186,0.0309442
5.84298,0.0308262
5.84299,0.0307229
5.8441,0.0307575
5.84411,0.0307879
5.84523,0.0308144
5.84524,0.0308376
5.84648,0.0308579
5.84649,0.0308756
5.8476,0.0308912
5.84761,0.0309048
5.84873,0.0309167
5.84874,0.0309271
5.84985,0.0309362
5.84986,0.0309442
5.85098,0.0308262
5.85099,0.0307229
5.8521,0.0307575
5.85211,0.0307878
5.85323,0.0308144
5.85324,0.0308376
5.85448,0.0308579
5.85449,0.0308756
5.8556,0.0308912
5.85561,0.0309048
5.85673,0.0309167
5.85674,0.0309271
5.85785,0.0309362
5.85786,0.0309442
5.85898,0.0308262
5.85899,0.0307229
5.8601,0.0307575
5.86011,0.0307878
5.86135,0.0308144
5.86136,0.0308376
5.86248,0.0308579
5.86249,0.0308756
5.8636,0.0308912
5.86361,0.0309048
5.86473,0.0309167
5.86474,0.0309271
5.86585,0.0309362
5.86586,0.0309442
5.86698,0.0308262
5.86699,0.0307229
5.8681,0.0307575
5.86811,0.0307878
5.86935,0.0308144
5.86936,0.0308376
5.87048,0.0308579
5.87049,0.0308756
5.8716,0.0308912
5.87161,0.0309048
5.87273,0.0309167
5.87274,0.0309271
5.87385,0.0309362
5.87386,0.0309442
5.87498,0.0308262
5.87499,0.0307229
5.87623,0.0307575
5.87624,0.0307878
5.87735,0.0308144
5.87736,0.0308376
5.87848,0.0308579
5.87849,0.0308756
5.8796,0.0308912
5.87961,0.0309048
5.88073,0.0309167
5.88074,0.0309271
5.88185,0.0309362
5.88186,0.0309442
5.8831,0.0309512
5.88311,0.0309573
5.88423,0.0309626
5.88424,0.0309673
5.88535,0.0309714
5.88536,0.0309749
5.88648,0.0309781
5.88649,0.0309808
5.8876,0.0309832
5.88761,0.0309853
5.88873,0.0309871
5.88874,0.0309888
5.88985,0.0309902
5.88986,0.0309914
5.8911,0.0309925
5.89111,0.0309934
5.89223,0.0309942
5.89224,0.030995
5.89335,0.0309956
5.89336,0.0309961
5.89448,0.0309966
5.89449,0.030997
5.8956,0.0309974
5.89561,0.0309977
5.89673,0.030998
5.89674,0.0309983
5.89798,0.0309985
5.89799,0.0309987
5.8991,0.0309988
5.89911,0.030999
5.90023,0.0309991
5.90024,0.0309992
5.90135,0.0309993
5.90136,0.0309994
5.90248,0.0309995
5.90249,0.0309995
5.9036,0.0309996
5.90361,0.0309996
5.90473,0.0309997
5.90474,0.0309997
5.90598,0.0311248
5.90599,0.0311092
5.9071,0.0313455
5.90711,0.0313023
5.90823,0.0313895
5.90824,0.0313408
5.90935,0.0314232
5.90936,0.0313703
5.91048,0.031449
5.91049,0.0313929
5.9116,0.0314688
5.91161,0.0314102
5.91285,0.0314839
5.91286,0.0314234
5.91398,0.0314955
5.91399,0.0313086
5.9151,0.031395
5.91511,0.0313456
5.91623,0.0314274
5.91624,0.031374
5.91735,0.0314522
5.91736,0.0313957
5.91848,0.0314712
5.91849,0.0314123
5.9196,0.0314858
5.91961,0.0314251
5.92085,0.0314969
5.92086,0.0314348
5.92198,0.0315055
5.92199,0.0313173
5.9231,0.0314026
5.92311,0.0313523
5.92423,0.0314333
5.92424,0.0313791
5.92535,0.0314567
5.92536,0.0313996
5.92648,0.0314747
5.92649,0.0314153
5.92773,0.0314884
5.92774,0.0314274
5.92885,0.0314989
5.92886,0.0314366
5.92998,0.031507
5.92999,0.0313186
5.9311,0.0314038
5.93111,0.0313533
5.93223,0.0314342
5.93224,0.0313799
5.93335,0.0314574
5.93336,0.0314002
5.93448,0.0314752
5.93449,0.0314158
5.93573,0.0314888
5.93574,0.0314277
5.93685,0.0314993
5.93686,0.0314368
5.93798,0.0315072
5.93799,0.0313188
5.9391,0.031404
5.93911,0.0313535
5.94023,0.0314343
5.94024,0.03138
5.94135,0.0314575
5.94136,0.0314003
5.9426,0.0314753
5.94261,0.0314159
5.94373,0.0314889
5.94374,0.0314278
5.94498,0.0314993
5.94499,0.0314369
5.94598,0.0315073
5.94599,0.0313189
5.9471,0.031404
5.94711,0.0313535
5.94823,0.0314343
5.94824,0.03138
5.94935,0.0314575
5.94936,0.0314003
5.9506,0.0314753
5.95061,0.0314159
5.95173,0.0314889
5.95174,0.0314278
5.95285,0.0314993
5.95286,0.0314369
5.95398,0.0315073
5.95399,0.0313189
5.9551,0.031404
5.95511,0.0313535
5.95623,0.0314343
5.95624,0.03138
5.95748,0.0314575
5.95749,0.0314003
5.9586,0.0314753
5.95861,0.0314159
5.95973,0.0314889
5.95974,0.0314278
5.96085,0.0314993
5.96086,0.0314369
5.96198,0.0315073
5.96199,0.0313189
5.9631,0.031404
5.96311,0.0313535
5.96435,0.0314343
5.96436,0.03138
5.9656,0.0314575
5.96561,0.0314003
5.9666,0.0314753
5.96661,0.0314159
5.96773,0.0314889
5.96774,0.0314278
5.96885,0.0314993
5.96886,0.0314369
5.96998,0.0315073
5.96999,0.0313189
5.9711,0.031404
5.97111,0.0313535
5.97235,0.0314343
5.97236,0.03138
5.97348,0.0314575
5.97349,0.0314003
5.9746,0.0314753
5.97461,0.0314159
5.97573,0.0314889
5.97574,0.0314278
5.97685,0.0314993
5.97686,0.0314369
5.97798,0.0315073
5.97799,0.0313189
5.97923,0.031404
5.97924,0.0313535
5.98035,0.0314343
5.98036,0.03138
5.98148,0.0314575
5.98149,0.0314003
5.9826,0.0314753
5.98261,0.0314159
5.98373,0.0314889
5.98374,0.0314278
5.98498,0.0314993
5.98499,0.0314369
5.98598,0.0315073
5.98599,0.0313189
5.98723,0.031404
5.98724,0.0313535
5.98835,0.0314343
5.98836,0.03138
5.98948,0.0314575
5.98949,0.0314003
5.9906,0.0314753
5.99061,0.0314159
5.99173,0.0314889
5.99174,0.0314278
5.99285,0.0314993
5.99286,0.0314369
5.9941,0.0316323
5.99411,0.0315532
5.99523,0.0316091
5.99524,0.031533
5.99635,0.0315913
5.99636,0.0315174
5.99748,0.0315777
5.99749,0.0315055
5.9986,0.0315673
5.99861,0.0314964
5.99973,0.0315594
5.99974,0.0314894
6.00085,0.0315533
6.00086,0.0314841
6.0021,0.0316736
6.00211,0.0315894
6.00323,0.0316407
6.00324,0.0315606
6.00435,0.0316155
6.00436,0.0315386
6.0056,0.0315963
6.00561,0.0315217
6.0066,0.0315815
6.00661,0.0315088
6.00773,0.0315702
6.00774,0.0314989
6.00898,0.0315616
6.00899,0.0314914
6.0101,0.03168
6.01011,0.031595
6.01123,0.0316456
6.01124,0.0315649
6.01235,0.0316193
6.01236,0.0315419
6.01348,0.0315991
6.01349,0.0315242
6.0146,0.0315837
6.01461,0.0315107
6.01573,0.0315719
6.01574,0.0315004
6.01698,0.0315629
6.01699,0.0314925
6.0181,0.0316809
6.01811,0.0315958
6.01923,0.0316463
6.01924,0.0315656
6.02035,0.0316199
6.02036,0.0315424
6.02148,0.0315996
6.02149,0.0315246
6.0226,0.0315841
6.02261,0.031511
6.02385,0.0315722
6.02386,0.0316256
6.02498,0.0316724
6.02499,0.0317134
6.0261,0.0317492
6.02611,0.0317806
6.02723,0.031808
6.02724,0.031832
6.02835,0.031853
6.02836,0.0318714
6.02948,0.0318874
6.02949,0.0319015
6.03073,0.0319138
6.03074,0.0319246
6.03185,0.031934
6.03186,0.0319423
6.03298,0.0319495
6.03299,0.0319558
6.0341,0.0319613
6.03411,0.0319662
6.03523,0.0319704
6.03524,0.0319741
6.03635,0.0319773
6.03636,0.0319802
6.03748,0.0319826
6.03749,0.0319848
6.03873,0.0319867
6.03874,0.0319884
6.03985,0.0319898
6.03986,0.0319911
6.04098,0.0319922
6.04099,0.0319932
6.0421,0.031994
6.04211,0.0319948
6.04323,0.0319954
6.04324,0.031996
6.04435,0.0319965
6.04436,0.0319969
6.0456,0.0319973
6.04561,0.0319977
6.04673,0.0319979
6.04674,0.0319982
6.04785,0.0319984
6.04786,0.0319986
6.04898,0.0319988
6.04899,0.0319989
6.0501,0.0319991
6.05011,0.0319992
6.05123,0.0319993
6.05124,0.0319994
6.05235,0.0319995
6.05236,0.0319995
6.0536,0.0319996
6.05361,0.0319996
6.05473,0.0319997
6.05474,0.0319997
6.05585,0.0319998
6.05586,0.0319998
6.05698,0.0319998
6.05699,0.0319998
6.0581,0.0319999
6.05811,0.0319999
6.05923,0.0319999
6.05924,0.0319999
6.06048,0.0319999
6.06049,0.0319999
6.0616,0.0319999
6.06161,0.0319999
6.06273,0.0319999
6.06274,0.032
6.06385,0.032
6.06386,0.032
6.06498,0.032
6.06499,0.032
6.0661,0.032
6.06611,0.032
6.06723,0.032
6.06724,0.032
6.06848,0.032
6.06849,0.032
6.0696,0.032
6.06961,0.032
6.07073,0.032
6.07074,0.032
6.07185,0.032
6.07186,0.032
6.07298,0.032
6.1051,0.032125
6.10511,0.0322344
6.10623,0.0322051
6.10624,0.0321794
6.10735,0.032157
6.10736,0.0321374
6.10848,0.0321202
6.10849,0.0321052
6.1096,0.032092
6.10961,0.0320805
6.11073,0.0320705
6.11074,0.0320617
6.11198,0.0320539
6.11199,0.0320472
6.1131,0.0321663
6.11311,0.0322705
6.11423,0.0322367
6.11424,0.0322071
6.11535,0.0321812
6.11536,0.0321586
6.11648,0.0321387
6.11649,0.0321214
6.1176,0.0321062
6.11761,0.0320929
6.11873,0.0320813
6.11874,0.0320712
6.11998,0.0320623
6.11999,0.0320545
6.1211,0.0321727
6.12111,0.0322761
6.12223,0.0322416
6.12224,0.0322114
6.12335,0.032185
6.12336,0.0321618
6.12448,0.0321416
6.12449,0.0321239
6.1256,0.0321084
6.12561,0.0320949
6.12685,0.032083
6.12686,0.0320726
6.12798,0.0320636
6.12799,0.0320556
6.1291,0.0321737
6.12911,0.0322769
6.13023,0.0322423
6.13024,0.032212
6.13135,0.0321855
6.13136,0.0321623
6.13248,0.032142
6.13249,0.0321243
6.1336,0.0321088
6.13361,0.0320952
6.13498,0.0320833
6.13499,0.0320729
6.13598,0.0320637
6.13599,0.0320558
6.1371,0.0320488
6.13711,0.0320427
6.13823,0.0320374
6.13824,0.0320327
6.13935,0.0320286
6.13936,0.032025
6.14048,0.0320219
6.14049,0.0320192
6.14173,0.0320168
6.14174,0.0320147
6.14285,0.0320128
6.14286,0.0320112
6.14398,0.0321348
6.14399,0.032118
6.1451,0.0323532
6.14511,0.0323091
6.14623,0.0323954
6.14624,0.032346
6.14735,0.0324278
6.14736,0.0323743
6.14848,0.0324525
6.14849,0.0323959
6.14973,0.0324714
6.14974,0.0324125
6.15085,0.0324859
6.15086,0.0324252
6.15198,0.0324971
6.15199,0.0324349
6.1531,0.0326306
6.15311,0.0325517
6.15423,0.0326078
6.15424,0.0325318
6.15535,0.0325903
6.15536,0.0325165
6.1566,0.032577
6.15661,0.0325048
6.15773,0.0325667
6.15774,0.0324959
6.15885,0.0325589
6.15886,0.032489
6.15998,0.0325529
6.15999,0.0324838
6.1611,0.0326733
6.16111,0.0325892
6.16223,0.0326405
6.16224,0.0325604
6.16335,0.0326154
6.16336,0.0325385
6.1646,0.0325962
6.16461,0.0325216
6.16573,0.0325814
6.16574,0.0325088
6.16685,0.0325702
6.16686,0.0324989
6.16798,0.0325615
6.16799,0.0324913
6.1691,0.0326799
6.16911,0.0325949
6.17023,0.0326456
6.17024,0.0325649
6.17148,0.0326193
6.17149,0.0325418
6.1726,0.0325991
6.17261,0.0325242
6.17373,0.0325837
6.17374,0.0325107
6.17498,0.0325719
6.17499,0.0325004
6.17598,0.0325629
6.17599,0.0324925
6.1771,0.0326809
6.17711,0.0325958
6.17835,0.0326463
6.17836,0.0325655
6.17948,0.0326199
6.17949,0.0325424
6.1806,0.0325996
6.18061,0.0325246
6.18173,0.032584
6.18174,0.032511
6.18285,0.0325722
6.18286,0.0325006
6.18398,0.0325631
6.18399,0.0324927
6.1851,0.0326811
6.18511,0.032596
6.18635,0.0326465
6.18636,0.0325657
6.18748,0.0326199
6.18749,0.0325425
6.1886,0.0325996
6.18861,0.0325247
6.18973,0.0325841
6.18974,0.0325111
6.19085,0.0325722
6.19086,0.0325007
6.19198,0.0325631
6.19199,0.0324927
6.19323,0.0326811
6.19324,0.032596
6.19435,0.0326465
6.19436,0.0325657
6.1956,0.03262
6.19561,0.0325425
6.1966,0.0325997
6.19661,0.0325247
6.19773,0.0325841
6.19774,0.0325111
6.19885,0.0325722
6.19886,0.0325007
6.19998,0.0325631
6.19999,0.0324927
6.20123,0.0326811
6.20124,0.032596
6.20235,0.0326465
6.20236,0.0325657
6.20348,0.03262
6.20349,0.0325425
6.2046,0.0325997
6.20461,0.0325247
6.20573,0.0325841
6.20574,0.0325111
6.20685,0.0325722
6.20686,0.0325007
6.2081,0.0326881
6.20811,0.0327271
6.20923,0.0328862
6.20924,0.0327754
6.21035,0.0328035
6.21036,0.0327031
6.21148,0.0327402
6.21149,0.0326477
6.2126,0.0326917
6.21261,0.0326052
6.21373,0.0326546
6.21374,0.0325728
6.21498,0.0326262
6.21499,0.0325479
6.2161,0.0327294
6.21611,0.0327632
6.21723,0.0329178
6.21724,0.0328031
6.21835,0.0328277
6.21836,0.0327242
6.21948,0.0327587
6.21949,0.0326639
6.2206,0.0327059
6.22061,0.0326177
6.22173,0.0326654
6.22174,0.0325823
6.22298,0.0326345
6.22299,0.0325552
6.2241,0.0327358
6.22411,0.0327688
6.22523,0.0329227
6.22524,0.0328074
6.22635,0.0328314
6.22636,0.0327275
6.22748,0.0327616
6.22749,0.0326664
6.2286,0.0327081
6.22861,0.0326196
6.22973,0.0326671
6.22974,0.0325837
6.23098,0.0326358
6.23099,0.0325563
6.2321,0.0327368
6.23211,0.0327697
6.23323,0.0329235
6.23324,0.032808
6.23435,0.032832
6.23436,0.032728
6.2356,0.032762
6.23561,0.0326668
6.2366,0.0327084
6.23661,0.0326199
6.23785,0.0326674
6.23786,0.032584
6.23898,0.032636
6.23899,0.0325565
6.2401,0.0327369
6.24011,0.0326448
6.24123,0.0326892
6.24124,0.032603
6.24235,0.0326527
6.24236,0.0325711
6.24348,0.0326247
6.24349,0.0325466
6.2446,0.0326033
6.24461,0.0325279
6.24585,0.0325869
6.24586,0.0325135
6.24698,0.0325743
6.24699,0.0325025
6.2481,0.0326897
6.24811,0.0326035
6.24923,0.0326531
6.24924,0.0325714
6.25035,0.032625
6.25036,0.0325469
6.25148,0.0326035
6.25149,0.0325281
6.25273,0.0325871
6.25274,0.0325137
6.25385,0.0325745
6.25386,0.0325027
6.25498,0.0325648
6.25499,0.0324942
6.2561,0.0326824
6.25611,0.0325971
6.25723,0.0326475
6.25724,0.0325666
6.25835,0.0326207
6.25836,0.0325431
6.2596,0.0326003
6.25961,0.0325252
6.26073,0.0325846
6.26074,0.0325115
6.26185,0.0325726
6.26186,0.032501
6.26298,0.0325634
6.26299,0.0324929
6.2641,0.0326813
6.26411,0.0325962
6.26523,0.0326466
6.26524,0.0326908
6.26635,0.0327295
6.26636,0.0327633
6.2676,0.0327929
6.26761,0.0328188
6.26873,0.0328414
6.26874,0.0328612
6.26985,0.0328786
6.26986,0.0328938
6.27098,0.032907
6.27099,0.0329187
6.2721,0.0330538
6.27211,0.0331721
6.27323,0.0331506
6.27324,0.0331318
6.27448,0.0331153
6.27449,0.0331009
6.2756,0.0330883
6.27561,0.0330772
6.27673,0.0330676
6.27674,0.0330591
6.27785,0.0330517
6.27786,0.0330453
6.27898,0.0330396
6.27899,0.0330347
6.2801,0.0331553
6.28011,0.0332609
6.28123,0.0332283
6.28124,0.0331998
6.28248,0.0331748
6.28249,0.0331529
6.2836,0.0331338
6.28361,0.0331171
6.28473,0.0331025
6.28474,0.0330896
6.28585,0.0330784
6.28586,0.0330686
6.28698,0.0330601
6.28699,0.0330525
6.2881,0.033171
6.28811,0.0332746
6.28935,0.0332403
6.28936,0.0332102
6.29048,0.033184
6.29049,0.033161
6.2916,0.0331408
6.29161,0.0331232
6.29273,0.0331078
6.29274,0.0330944
6.29385,0.0330826
6.29386,0.0330722
6.29498,0.0330632
6.29499,0.0330553
6.2961,0.0331734
6.29611,0.0332767
6.29735,0.0332421
6.29736,0.0332119
6.29848,0.0331854
6.29849,0.0331622
6.2996,0.0331419
6.29961,0.0331242
6.30073,0.0331087
6.30074,0.0330951
6.30185,0.0330832
6.30186,0.0330728
6.30298,0.0330637
6.30299,0.0330557
6.30423,0.0331738
6.30424,0.033277
6.30535,0.0332424
6.30536,0.0332121
6.30648,0.0331856
6.30649,0.0331624
6.3076,0.0331421
6.30761,0.0331243
6.30873,0.0331088
6.30874,0.0330952
6.30985,0.0330833
6.30986,0.0330729
6.31098,0.0330638
6.31099,0.0330558
6.31223,0.0331738
6.31224,0.0332771
6.31335,0.0332425
6.31336,0.0332122
6.31448,0.0331856
6.31449,0.0331624
6.3156,0.0331421
6.31561,0.0331244
6.31673,0.0331088
6.31674,0.0330952
6.31785,0.0330833
6.31786,0.0330729
6.3191,0.0331888
6.31911,0.0332902
6.32023,0.0333789
6.32024,0.0334565
6.32135,0.0333995
6.32136,0.0333495
6.32248,0.0333058
6.32249,0.0332676
6.3236,0.0332342
6.32361,0.0332049
6.32473,0.0331793
6.32474,0.0331569
6.32598,0.0331373
6.32599,0.0331201
6.3271,0.0332301
6.32711,0.0333263
6.32823,0.0334105
6.32824,0.0334842
6.32935,0.0334237
6.32936,0.0333707
6.33048,0.0333244
6.33049,0.0332838
6.3316,0.0332484
6.33161,0.0332173
6.33273,0.0331901
6.33274,0.0331664
6.33398,0.0331456
6.33399,0.0331274
6.3351,0.0332365
6.33511,0.0333319
6.33623,0.0334154
6.33624,0.0334885
6.33735,0.0334274
6.33736,0.033374
6.33848,0.0333272
6.33849,0.0332863
6.3396,0.0332505
6.33961,0.0332192
6.34085,0.0331918
6.34086,0.0331678
6.34198,0.0331469
6.34199,0.0331285
6.3431,0.0332374
6.34311,0.0333328
6.34423,0.0334162
6.34424,0.0334891
6.34535,0.033428
6.34536,0.0333745
6.34648,0.0333277
6.34649,0.0332867
6.3476,0.0332509
6.34761,0.0332195
6.34885,0.0331921
6.34886,0.0331681
6.34998,0.0331471
6.34999,0.0331287
6.3511,0.0332376
6.35111,0.0333329
6.35223,0.0332913
6.35224,0.0332549
6.35335,0.033223
6.35336,0.0331951
6.35448,0.0331707
6.35449,0.0331494
6.35573,0.0331307
6.35574,0.0331144
6.35685,0.0331001
6.35686,0.0330876
6.35798,0.0330766
6.35799,0.033067
6.3591,0.0331837
6.35911,0.0332857
6.36023,0.03325
6.36024,0.0332187
6.36135,0.0331914
6.36136,0.0331675
6.36248,0.0331465
6.36249,0.0331282
6.36373,0.0331122
6.36374,0.0330982
6.36498,0.0330859
6.36499,0.0330752
6.36598,0.0330658
6.36599,0.0330575
6.3671,0.0331753
6.36711,0.0332784
6.36823,0.0332436
6.36824,0.0332132
6.36935,0.0331865
6.36936,0.0331632
6.3706,0.0331428
6.37061,0.033125
6.37173,0.0331093
6.37174,0.0330957
6.37285,0.0330837
6.37286,0.0330732
6.37398,0.0330641
6.37399,0.0330561
6.3751,0.0331741
6.37511,0.0332773
6.37623,0.0332426
6.37624,0.0332123
6.37735,0.0331858
6.37736,0.0331626
6.3786,0.0331422
6.37861,0.0331245
6.37973,0.0331089
6.37974,0.0330953
6.38085,0.0330834
6.38086,0.033073
6.38198,0.0330638
6.38199,0.0330559
6.3831,0.0331739
6.38311,0.0332771
6.38423,0.0332425
6.38424,0.0332122
6.3856,0.0331857
6.38561,0.0331625
6.3866,0.0331421
6.38661,0.0331244
6.38773,0.0331088
6.38774,0.0330952
6.38885,0.0330833
6.38886,0.0330729
6.38998,0.0331888
6.38999,0.0331652
6.3911,0.0333945
6.39111,0.0334702
6.39223,0.0336614
6.39224,0.0335788
6.39348,0.0336314
6.39349,0.0335525
6.3946,0.0336084
6.39461,0.0335324
6.39573,0.0335908
6.39574,0.033517
6.39685,0.0335774
6.39686,0.0335052
6.39798,0.033567
6.39799,0.0334962
6.3991,0.0336841
6.39911,0.0337236
6.40035,0.0338832
6.40036,0.0337728
6.40148,0.0338012
6.40149,0.033701
6.4026,0.0337384
6.40261,0.0336461
6.40373,0.0336903
6.40374,0.033604
6.40498,0.0336535
6.40499,0.0335718
6.40598,0.0336254
6.40599,0.0335472
6.40723,0.0337288
6.40724,0.0337627
6.40835,0.0339174
6.40836,0.0338027
6.40948,0.0338273
6.40949,0.0337239
6.4106,0.0337584
6.41061,0.0336636
6.41173,0.0337057
6.41174,0.0336175
6.41285,0.0336653
6.41286,0.0335821
6.41398,0.0336344
6.41399,0.0335551
6.41523,0.0337357
6.41524,0.0337687
6.41635,0.0339226
6.41636,0.0338073
6.41748,0.0338314
6.41749,0.0337275
6.4186,0.0337615
6.41861,0.0336663
6.41973,0.033708
6.41974,0.0336195
6.42085,0.0336671
6.42086,0.0335837
6.4221,0.0337607
6.42211,0.0337907
6.42323,0.0339418
6.42324,0.0339491
6.42435,0.0340805
6.42436,0.0339454
6.4256,0.0339522
6.42561,0.0338332
6.4266,0.033854
6.42661,0.0337473
6.42773,0.0337789
6.42774,0.0336815
6.42885,0.0337213
6.42886,0.0336312
6.4301,0.0338023
6.43011,0.033827
6.43123,0.0339736
6.43124,0.0339769
6.43235,0.0341048
6.43236,0.0339667
6.43348,0.0339709
6.43349,0.0338495
6.4346,0.0338683
6.43461,0.0337598
6.43573,0.0337898
6.43574,0.0336911
6.43698,0.0337297
6.43699,0.0336385
6.4381,0.0338087
6.43811,0.0338326
6.43923,0.0339785
6.43924,0.0339812
6.44035,0.0341085
6.44036,0.03397
6.44148,0.0339737
6.44149,0.033852
6.4426,0.0338705
6.44261,0.0337617
6.44373,0.0337915
6.44374,0.0336925
6.44498,0.033731
6.44499,0.0336396
6.4461,0.0338097
6.44611,0.0338334
6.44785,0.0339793
6.44786,0.0339819
6.44835,0.0341091
6.44836,0.0339705
6.44948,0.0339742
6.44949,0.0338524
6.4506,0.0338709
6.45061,0.033762
6.45185,0.0337917
6.45186,0.0336928
6.45298,0.0337312
6.45299,0.0336398
6.4541,0.0338098
6.45411,0.0338336
6.45523,0.0339794
6.45524,0.033857
6.45635,0.0338748
6.45636,0.0337655
6.45748,0.0337948
6.45749,0.0336954
6.4586,0.0337335
6.45861,0.0336418
6.45985,0.0336866
6.45986,0.0336008
6.46098,0.0336507
6.46099,0.0335693
6.4621,0.0337482
6.46211,0.0337797
6.46323,0.0339322
6.46324,0.0338157
6.46435,0.0338387
6.46436,0.0337339
6.4656,0.0337671
6.46561,0.0336712
6.46673,0.0337123
6.46674,0.0336233
6.46785,0.0336704
6.46786,0.0335866
6.46898,0.0336383
6.46899,0.0335585
6.4701,0.0337387
6.47011,0.0337713
6.47123,0.0339249
6.47124,0.0338093
6.47235,0.0338331
6.47236,0.033729
6.4736,0.0337629
6.47361,0.0336675
6.47473,0.0337091
6.47474,0.0336204
6.47585,0.0336679
6.47586,0.0335844
6.47698,0.0336363
6.47699,0.0335568
6.4781,0.0337372
6.47811,0.0337701
6.47923,0.0339238
6.47924,0.0338083
6.48035,0.0338323
6.48036,0.0337282
6.4816,0.0337622
6.48161,0.0336669
6.48273,0.0337086
6.48274,0.03362
6.48385,0.0336675
6.48386,0.0335841
6.48498,0.0336361
6.48499,0.0335565
6.4861,0.033737
6.48611,0.0337699
6.48723,0.0339236
6.48724,0.0338082
6.48848,0.0338321
6.48849,0.0337281
6.4896,0.0337621
6.48961,0.0336668
6.49073,0.0337085
6.49074,0.0336199
6.49185,0.0336674
6.49186,0.033584
6.49298,0.033636
6.49299,0.0335565
6.4941,0.0337369
6.49411,0.0337698
6.49523,0.0339236
6.49524,0.0338081
6.49648,0.0338321
6.49649,0.0337281
6.4976,0.0337621
6.49761,0.0336668
6.49873,0.0337085
6.49874,0.0336199
6.49985,0.0336674
6.49986,0.033584
6.50098,0.033636
6.50099,0.0335565
6.5021,0.0337369
6.50211,0.0337698
6.50335,0.0339236
6.50336,0.0338081
6.50448,0.0338321
6.50449,0.0337281
6.5056,0.0337621
6.50561,0.0336668
6.50673,0.0337085
6.50674,0.0336199
6.50785,0.0336674
6.50786,0.033584
6.50898,0.033636
6.50899,0.0335565
6.5101,0.0337369
6.51011,0.0337698
6.51135,0.0339236
6.51136,0.0338081
6.51248,0.0338321
6.51249,0.0337281
6.5136,0.0337621
6.51361,0.0336668
6.51473,0.0337085
6.51474,0.0336199
6.51585,0.0336674
6.51586,0.033709
6.51698,0.0337454
6.51699,0.0337772
6.51823,0.0339301
6.51824,0.0340638
6.51935,0.0341808
6.51936,0.0342832
6.52048,0.0342478
6.52049,0.0342168
6.5216,0.0341897
6.52161,0.034166
6.52273,0.0341453
6.52274,0.0341271
6.52385,0.0341112
6.52386,0.0340973
6.52498,0.0340851
6.52499,0.0340745
6.52623,0.0341902
6.52624,0.0342914
6.52735,0.03438
6.52736,0.0344575
6.52848,0.0344003
6.52849,0.0343503
6.5296,0.0343065
6.52961,0.0342682
6.53073,0.0342346
6.53074,0.0342053
6.53185,0.0341797
6.53186,0.0341572
6.5331,0.0342625
6.53311,0.0343547
6.53423,0.0344354
6.53424,0.034506
6.53535,0.0345677
6.53536,0.0346217
6.53648,0.034544
6.53649,0.034476
6.5376,0.0344165
6.53761,0.0343645
6.53873,0.0343189
6.53874,0.034279
6.53985,0.0342442
6.53986,0.0342136
6.5411,0.0343119
6.54111,0.0343979
6.54223,0.0344732
6.54224,0.034539
6.54335,0.0345967
6.54336,0.0346471
6.54448,0.0345662
6.54449,0.0344954
6.5456,0.0344335
6.54561,0.0343793
6.54673,0.0343319
6.54674,0.0342904
6.54798,0.0342541
6.54799,0.0342223
6.5491,0.0343195
6.54911,0.0344046
6.55023,0.034479
6.55024,0.0345441
6.55135,0.0346011
6.55136,0.034651
6.55248,0.0345696
6.55249,0.0344984
6.5536,0.0344361
6.55361,0.0343816
6.55498,0.0343339
6.55499,0.0342922
6.55598,0.0342556
6.55599,0.0342237
6.5571,0.0343207
6.55711,0.0344056
6.55823,0.0344799
6.55824,0.0345449
6.55935,0.0346018
6.55936,0.0346516
6.56048,0.0345701
6.56049,0.0344989
6.5616,0.0344365
6.56161,0.0343819
6.56285,0.0343342
6.56286,0.0342924
6.56398,0.0342559
6.56399,0.0342239
6.5651,0.0343209
6.56511,0.0344058
6.56623,0.0344801
6.56624,0.0345451
6.56735,0.0344769
6.56736,0.0344173
6.56848,0.0343651
6.56849,0.0343195
6.56973,0.0342796
6.56974,0.0342446
6.57085,0.034214
6.57086,0.0341873
6.57198,0.0341639
6.57199,0.0341434
6.5731,0.0342505
6.57311,0.0343442
6.57423,0.0344261
6.57424,0.0344979
6.57535,0.0344356
6.57536,0.0343812
6.57648,0.0343335
6.57649,0.0342918
6.57773,0.0342554
6.57774,0.0342234
6.57885,0.0341955
6.57886,0.0341711
6.57998,0.0341497
6.57999,0.034131
6.5811,0.0342396
6.58111,0.0343347
6.58223,0.0344178
6.58224,0.0344906
6.58335,0.0344293
6.58336,0.0343756
6.5846,0.0343287
6.58461,0.0342876
6.58573,0.0342516
6.58574,0.0342202
6.58685,0.0341927
6.58686,0.0341686
6.58798,0.0341475
6.58799,0.0341291
6.5891,0.0342379
6.58911,0.0343332
6.59023,0.0344165
6.59024,0.0344895
6.59135,0.0344283
6.59136,0.0343747
6.5926,0.0343279
6.59261,0.0342869
6.59373,0.0342511
6.59374,0.0342197
6.59498,0.0341922
6.59499,0.0341682
6.59598,0.0341472
6.59599,0.0341288
6.5971,0.0342377
6.59711,0.034333
6.59823,0.0344163
6.59824,0.0344893
6.59948,0.0344281
6.59949,0.0343746
6.6006,0.0343278
6.60061,0.0342868
6.60173,0.034251
6.60174,0.0342196
6.60285,0.0341921
6.60286,0.0341681
6.60398,0.0341471
6.60399,0.0341287
6.6051,0.0342376
6.60511,0.0343329
6.60623,0.0344163
6.60624,0.0344893
6.60748,0.0344281
6.60749,0.0343746
6.6086,0.0343278
6.60861,0.0342868
6.60973,0.034251
6.60974,0.0342196
6.61085,0.0341921
6.61086,0.0341681
6.61198,0.0341471
6.61199,0.0341287
6.6131,0.0342376
6.61311,0.0343329
6.61435,0.0344163
6.61436,0.0344893
6.6156,0.0344281
6.61561,0.0343746
6.6166,0.0343278
6.61661,0.0342868
6.61773,0.0342509
6.61774,0.0342196
6.61885,0.0341921
6.61886,0.0341681
6.61998,0.0341471
6.61999,0.0341287
6.62123,0.0342376
6.62124,0.0343329
6.62235,0.0344163
6.62236,0.0344893
6.62348,0.0344281
6.62349,0.0343746
6.6246,0.0343278
6.62461,0.0342868
6.62573,0.0342509
6.62574,0.0342196
6.62685,0.0341921
6.62686,0.0341681
6.62798,0.0341471
6.62799,0.0341287
6.62923,0.0342376
6.62924,0.0343329
6.63035,0.0344163
6.63036,0.0344893
6.63148,0.0344281
6.63149,0.0343746
6.6326,0.0343278
6.63261,0.0342868
6.63373,0.0342509
6.63374,0.0342196
6.63498,0.0341921
6.63499,0.0341681
6.6361,0.0342721
6.63611,0.0343631
6.63723,0.0344427
6.63724,0.0345124
6.63835,0.0345733
6.63836,0.0346267
6.63948,0.0345483
6.63949,0.0344798
6.6406,0.0344198
6.64061,0.0343673
6.64173,0.0343214
6.64174,0.0342812
6.64285,0.0342461
6.64286,0.0342153
6.6441,0.0343134
6.64411,0.0343992
6.64523,0.0345993
6.64524,0.0346494
6.64635,0.0348182
6.64636,0.034841
6.64748,0.0349858
6.64749,0.0348626
6.6486,0.0348798
6.64861,0.0347698
6.64973,0.0347986
6.64974,0.0346988
6.65098,0.0347364
6.65099,0.0346444
6.6521,0.0348138
6.65211,0.0348371
6.65323,0.0349824
6.65324,0.0349846
6.65435,0.0351116
6.65436,0.0350976
6.6556,0.0352104
6.65561,0.0350591
6.6566,0.0350517
6.65661,0.0349203
6.65773,0.0349302
6.65774,0.0348139
6.65898,0.0348372
6.65899,0.0347326
6.6601,0.034891
6.66011,0.0349046
6.66123,0.0350415
6.66124,0.0350363
6.66235,0.0351568
6.66236,0.0351372
6.66348,0.035245
6.66349,0.0350894
6.6646,0.0350782
6.66461,0.0349435
6.66585,0.0349505
6.66586,0.0348317
6.66698,0.0348527
6.66699,0.0347462
6.6681,0.0349029
6.66811,0.034915
6.66923,0.0350506
6.66924,0.0350443
6.67035,0.0351638
6.67036,0.0350183
6.67148,0.035016
6.67149,0.034889
6.6726,0.0349029
6.67261,0.03479
6.67385,0.0348163
6.67386,0.0347142
6.67498,0.03475
6.67499,0.0346562
6.6761,0.0348242
6.67611,0.0348462
6.67723,0.0349904
6.67724,0.0349916
6.67835,0.0351176
6.67836,0.0349779
6.67948,0.0349807
6.67949,0.0348581
6.68073,0.0348758
6.68074,0.0347664
6.68185,0.0347956
6.68186,0.0346961
6.68298,0.0347341
6.68299,0.0346423
6.6841,0.034812
6.68411,0.0348355
6.68523,0.0349811
6.68524,0.0349835
6.68635,0.0351105
6.68636,0.0349717
6.68748,0.0349752
6.68749,0.0348533
6.68873,0.0348717
6.68874,0.0347627
6.68985,0.0347924
6.68986,0.0346933
6.69098,0.0347317
6.69099,0.0346402
6.6921,0.0348102
6.69211,0.0348339
6.69323,0.0349797
6.69324,0.0349822
6.69435,0.0351094
6.69436,0.0349708
6.6956,0.0349744
6.69561,0.0348526
6.69673,0.034871
6.69674,0.0347622
6.69785,0.0347919
6.69786,0.0346929
6.69898,0.0347313
6.69899,0.0346399
6.7001,0.0348099
6.70011,0.0348337
6.70123,0.0349794
6.70124,0.034982
6.70248,0.0351093
6.70249,0.0349706
6.7036,0.0349743
6.70361,0.0348525
6.70473,0.0348709
6.70474,0.0347621
6.70585,0.0347918
6.70586,0.0346928
6.70698,0.0347312
6.70699,0.0346398
6.7081,0.0348098
6.70811,0.0348336
6.70923,0.0349794
6.70924,0.034982
6.71048,0.0351092
6.71049,0.0349706
6.7116,0.0349743
6.71161,0.0348525
6.71273,0.0348709
6.71274,0.0347621
6.71385,0.0347918
6.71386,0.0346928
6.71498,0.0347312
6.71499,0.0346398
6.7161,0.0348098
6.71611,0.0348336
6.71735,0.0349794
6.71736,0.034982
6.71848,0.0351092
6.71849,0.0349706
6.7196,0.0349743
6.71961,0.0348525
6.72073,0.0348709
6.72074,0.034762
6.72185,0.0347918
6.72186,0.0346928
6.72298,0.0347312
6.72299,0.0346398
6.7241,0.0348098
6.72411,0.0348336
6.72535,0.0349794
6.72536,0.034982
6.72648,0.0351092
6.72649,0.0349706
6.7276,0.0349743
6.72761,0.0348525
6.72873,0.0348709
6.72874,0.034762
6.72985,0.0347918
6.72986,0.0346928
6.73098,0.0347312
6.73099,0.0346398
6.73223,0.0348098
6.73224,0.0348336
6.73335,0.0349794
6.73336,0.034982
6.73448,0.0351092
6.73449,0.0349706
6.7356,0.0349743
6.73561,0.0348525
6.73673,0.0348709
6.73674,0.034762
6.73785,0.0347918
6.73786,0.0346928
6.73898,0.0347312
6.73899,0.0346398
6.74023,0.0348098
6.74024,0.0348336
6.74135,0.0349794
6.74136,0.034982
6.74248,0.0351092
6.74249,0.0349706
6.7436,0.0349743
6.74361,0.0348525
6.74473,0.0348709
6.74474,0.034762
6.74585,0.0347918
6.74586,0.0346928
6.7471,0.0348562
6.74711,0.0348742
6.74823,0.0350149
6.74824,0.035013
6.74935,0.0351364
6.74936,0.0351194
6.75048,0.0352294
6.75049,0.0350758
6.7516,0.0350663
6.75161,0.034933
6.75273,0.0349414
6.75274,0.0348237
6.75385,0.0348457
6.75386,0.03474
6.7551,0.0348975
6.75511,0.0349103
6.75623,0.0350465
6.75624,0.0350407
6.75735,0.0351606
6.75736,0.0351406
6.75848,0.035248
6.75849,0.035092
6.7596,0.0350805
6.75961,0.0349454
6.76073,0.0349522
6.76074,0.0348332
6.76198,0.0348541
6.76199,0.0347473
6.7631,0.0349039
6.76311,0.0349159
6.76423,0.0350514
6.76424,0.035045
6.76535,0.0351644
6.76536,0.0351438
6.76648,0.0352508
6.76649,0.0350945
6.7676,0.0350827
6.76761,0.0349473
6.76885,0.0349539
6.76886,0.0348347
6.76998,0.0348553
6.76999,0.0347484
6.7711,0.0349049
6.77111,0.0349168
6.77223,0.0350522
6.77224,0.0350456
6.77335,0.0351649
6.77336,0.0351443
6.77448,0.0352513
6.77449,0.0350949
6.7756,0.035083
6.77561,0.0350726
6.77685,0.0350636
6.77686,0.0350556
6.77798,0.0350487
6.77799,0.0350426
6.7791,0.0351623
6.77911,0.035267
6.78023,0.0353586
6.78024,0.0354388
6.78135,0.0355089
6.78136,0.0355703
6.78248,0.035499
6.78249,0.0354366
6.78373,0.0353821
6.78374,0.0353343
6.78498,0.0352925
6.78499,0.035256
6.78598,0.035224
6.78599,0.035196
6.7871,0.0352965
6.78711,0.0353844
6.78823,0.0354614
6.78824,0.0355287
6.78935,0.0355876
6.78936,0.0356392
6.79048,0.0355593
6.79049,0.0354893
6.79173,0.0354282
6.79174,0.0353747
6.79285,0.0353278
6.79286,0.0352868
6.79398,0.035251
6.79399,0.0352196
6.7951,0.0353172
6.79511,0.0354025
6.79623,0.0354772
6.79624,0.0355426
6.79735,0.0355997
6.79736,0.0356498
6.7986,0.0355685
6.79861,0.0354975
6.79973,0.0354353
6.79974,0.0353809
6.80085,0.0353333
6.80086,0.0352916
6.80198,0.0352552
6.80199,0.0352233
6.8031,0.0353204
6.80311,0.0354053
6.80423,0.0354796
6.80424,0.0355447
6.80535,0.0356016
6.80536,0.0356514
6.8066,0.03557
6.80661,0.0354987
6.80773,0.0354364
6.80774,0.0353818
6.80885,0.0353341
6.80886,0.0352923
6.80998,0.0352558
6.80999,0.0352238
6.8111,0.0353208
6.81111,0.0354057
6.81223,0.03548
6.81224,0.035545
6.81348,0.0356019
6.81349,0.0356517
6.8146,0.0355702
6.81461,0.0354989
6.81573,0.0354366
6.81574,0.035382
6.81685,0.0353342
6.81686,0.0352925
6.81798,0.0352559
6.81799,0.0352239
6.8191,0.0353209
6.81911,0.0354058
6.82023,0.0354801
6.82024,0.0355451
6.82148,0.0356019
6.82149,0.0356517
6.8226,0.0355702
6.82261,0.035499
6.82373,0.0354366
6.82374,0.035382
6.82498,0.0353343
6.82499,0.0352925
6.82598,0.0352559
6.82599,0.0352239
6.8271,0.0353209
6.82711,0.0354058
6.82835,0.0354801
6.82836,0.0355451
6.82948,0.0356019
6.82949,0.0356517
6.8306,0.0355702
6.83061,0.035499
6.83173,0.0354366
6.83174,0.035382
6.83285,0.0353343
6.83286,0.0352925
6.83398,0.0352559
6.83399,0.0352239
6.8351,0.0353209
6.83511,0.0354058
6.83635,0.0354801
6.83636,0.0355451
6.83748,0.0356019
6.83749,0.0356517
6.8386,0.0355702
6.83861,0.035499
6.83973,0.0354366
6.83974,0.035382
6.84085,0.0353343
6.84086,0.0352925
6.84198,0.0352559
6.84199,0.0352239
6.84323,0.0353209
6.84324,0.0354058
6.84435,0.0354801
6.84436,0.0355451
6.8456,0.0356019
6.84561,0.0356517
6.8466,0.0355702
6.84661,0.035499
6.84773,0.0354366
6.84774,0.035382
6.84885,0.0353343
6.84886,0.0352925
6.8501,0.0353809
6.85011,0.0354583
6.85123,0.035526
6.85124,0.0355853
6.85235,0.0356371
6.85236,0.0356825
6.85348,0.0357222
6.85349,0.0357569
6.8546,0.0356623
6.85461,0.0355795
6.85573,0.0355071
6.85574,0.0354437
6.85685,0.0353882
6.85686,0.0353397
6.8581,0.0354222
6.85811,0.0354944
6.85923,0.0355576
6.85924,0.0356129
6.86035,0.0356613
6.86036,0.0357037
6.86148,0.0357407
6.86149,0.0357731
6.8626,0.0356765
6.86261,0.0355919
6.86373,0.0355179
6.86374,0.0354532
6.86498,0.0353965
6.86499,0.035347
6.8661,0.0354286
6.86611,0.0355
6.86723,0.0355625
6.86724,0.0356172
6.86835,0.0356651
6.86836,0.0357069
6.86948,0.0357436
6.86949,0.0357756
6.8706,0.0356787
6.87061,0.0355938
6.87173,0.0355196
6.87174,0.0354546
6.87298,0.0353978
6.87299,0.0353481
6.8741,0.0354296
6.87411,0.0355009
6.87523,0.0355633
6.87524,0.0356179
6.87635,0.0356656
6.87636,0.0357074
6.87748,0.035744
6.87749,0.035776
6.8786,0.035679
6.87861,0.0355941
6.87985,0.0355199
6.87986,0.0354549
6.88098,0.035398
6.88099,0.0353483
6.8821,0.0354297
6.88211,0.035501
6.88323,0.0355634
6.88324,0.035618
6.88435,0.0356657
6.88436,0.0357075
6.8856,0.0356191
6.88561,0.0355417
6.8866,0.035474
6.88661,0.0354147
6.88785,0.0353629
6.88786,0.0353175
6.88898,0.0352778
6.88899,0.0352431
6.8901,0.0353377
6.89011,0.0354205
6.89123,0.0354929
6.89124,0.0355563
6.89235,0.0356118
6.89236,0.0356603
6.89348,0.0355778
6.89349,0.0355055
6.89473,0.0354424
6.89474,0.0353871
6.89585,0.0353387
6.89586,0.0352963
6.89698,0.0352593
6.89699,0.0352269
6.8981,0.0353235
6.89811,0.0354081
6.89923,0.0354821
6.89924,0.0355468
6.90035,0.0356035
6.90036,0.035653
6.90148,0.0355714
6.90149,0.0355
6.90273,0.0354375
6.90274,0.0353828
6.90385,0.0353349
6.90386,0.0352931
6.90498,0.0352564
6.90499,0.0352244
6.9061,0.0353213
6.90611,0.0354062
6.90723,0.0354804
6.90724,0.0355453
6.90835,0.0357272
6.90836,0.0357613
6.9096,0.0359161
6.90961,0.0358016
6.91073,0.0358264
6.91074,0.0357231
6.91185,0.0357577
6.91186,0.035663
6.91298,0.0357051
6.91299,0.035617
6.9141,0.0357899
6.91411,0.0358161
6.91523,0.0359641
6.91524,0.0359686
6.91648,0.0360975
6.91649,0.0360853
6.9176,0.0361997
6.91761,0.0360497
6.91873,0.0360435
6.91874,0.0359131
6.91985,0.0359239
6.91986,0.0358084
6.92098,0.0358324
6.92099,0.0357283
6.9221,0.0358873
6.92211,0.0359014
6.92323,0.0360387
6.92324,0.0360339
6.92448,0.0361546
6.92449,0.0361353
6.9256,0.0362434
6.92561,0.036088
6.92673,0.036077
6.92674,0.0359423
6.92785,0.0359496
6.92786,0.0358309
6.92898,0.035852
6.92899,0.0357455
6.9301,0.0359023
6.93011,0.0359145
6.93135,0.0360502
6.93136,0.0360439
6.93248,0.0361634
6.93249,0.036143
6.9336,0.0362501
6.93361,0.0360939
6.93473,0.0360821
6.93474,0.0359469
6.93585,0.0359535
6.93586,0.0358343
6.93698,0.035855
6.93699,0.0357481
6.9381,0.0359046
6.93811,0.0359165
6.93935,0.036052
6.93936,0.0360455
6.94048,0.0361648
6.94049,0.0361442
6.9416,0.0362512
6.94161,0.0360948
6.94273,0.0360829
6.94274,0.0359476
6.94385,0.0359541
6.94386,0.0358349
6.94498,0.0358555
6.94499,0.0357486
6.94623,0.035905
6.94624,0.0359169
6.94735,0.0360523
6.94736,0.0360457
6.94848,0.036165
6.94849,0.0361444
6.9496,0.0362513
6.94961,0.0360949
6.95073,0.0360831
6.95074,0.0359477
6.95185,0.0359542
6.95186,0.0358349
6.95298,0.0358556
6.95299,0.0357486
6.95423,0.035905
6.95424,0.0359169
6.95535,0.0360523
6.95536,0.0360458
6.95648,0.036165
6.95649,0.0361444
6.9576,0.0362514
6.95761,0.0360949
6.95873,0.0360831
6.95874,0.0359477
6.95985,0.0359542
6.95986,0.0358349
6.9611,0.0359806
6.96111,0.035983
6.96223,0.0361101
6.96224,0.0360964
6.96335,0.0362093
6.96336,0.0361832
6.96448,0.0362853
6.96449,0.0362496
6.9656,0.0363434
6.96561,0.0361755
6.96673,0.0361535
6.96674,0.0360093
6.96785,0.0360082
6.96786,0.0358822
6.9691,0.0360219
6.96911,0.0360191
6.97023,0.0361418
6.97024,0.036124
6.97135,0.0362335
6.97136,0.0362043
6.97248,0.0363038
6.97249,0.0362658
6.9736,0.0363576
6.97361,0.0361879
6.97473,0.0361644
6.97474,0.0360189
6.97598,0.0360165
6.97599,0.0358894
6.9771,0.0360283
6.97711,0.0360247
6.97823,0.0361466
6.97824,0.0361283
6.97935,0.0362373
6.97936,0.0362076
6.98048,0.0363067
6.98049,0.0362683
6.9816,0.0363598
6.98161,0.0361898
6.98273,0.0361661
6.98274,0.0360203
6.98398,0.0360178
6.98399,0.0358906
6.9851,0.0360292
6.98511,0.0360256
6.98623,0.0361474
6.98624,0.036129
6.98735,0.0362378
6.98736,0.0362081
6.98848,0.0363071
6.98849,0.0362687
6.9896,0.0363601
6.98961,0.0361901
6.99085,0.0361663
6.99086,0.0360205
6.99198,0.036018
6.99199,0.0358907
6.9931,0.0360294
6.99311,0.0360257
6.99423,0.0361475
6.99424,0.0361291
6.99535,0.0362379
6.99536,0.0362082
6.99648,0.0363072
6.99649,0.0361438
6.99773,0.0361258
6.99774,0.0359851
6.99885,0.0359869
6.99886,0.0358636
6.99998,0.0358806
6.99999,0.0357705
7.0011,0.0359242
7.00111,0.0359337
7.00223,0.036067
7.00224,0.0360586
7.00335,0.0361763
7.00336,0.0361542
7.00448,0.03626
7.00449,0.0361025
7.00573,0.0360897
7.00574,0.0359535
7.00685,0.0359593
7.00686,0.0358394
7.00798,0.0358594
7.00799,0.035752
7.0091,0.035908
7.00911,0.0359195
7.01023,0.0360546
7.01024,0.0360477
7.01135,0.0361668
7.01136,0.0361459
7.0126,0.0362527
7.01261,0.0360961
7.01373,0.0360841
7.01374,0.0359486
7.01498,0.035955
7.01499,0.0358356
7.01598,0.0358562
7.01599,0.0357492
7.0171,0.0359055
7.01711,0.0359173
7.01823,0.0360527
7.01824,0.0360461
7.01935,0.0361653
7.01936,0.0361446
7.0206,0.0362516
7.02061,0.0360951
7.02173,0.0360832
7.02174,0.0359478
7.02285,0.0359543
7.02286,0.0358351
7.02398,0.0358557
7.02399,0.0357487
7.0251,0.0359051
7.02511,0.035917
7.02623,0.0360524
7.02624,0.0360458
7.02748,0.0361651
7.02749,0.0361445
7.0286,0.0362514
7.02861,0.036095
7.02973,0.0360831
7.02974,0.0359477
7.03085,0.0359542
7.03086,0.035835
7.03198,0.0358556
7.03199,0.0357486
7.0331,0.0359051
7.03311,0.0359169
7.03423,0.0360523
7.03424,0.0360458
7.0356,0.0361651
7.03561,0.0361444
7.0366,0.0362514
7.03661,0.0360949
7.03773,0.0360831
7.03774,0.0359477
7.03885,0.0359542
7.03886,0.0358349
7.03998,0.0358556
7.03999,0.0357486
7.0411,0.0359051
7.04111,0.0359169
7.04235,0.0360523
7.04236,0.0360458
7.04348,0.036165
7.04349,0.0362694
7.0446,0.0363607
7.04461,0.0364406
7.04573,0.0363856
7.04574,0.0363374
7.04685,0.0362952
7.04686,0.0362583
7.04798,0.036226
7.04799,0.0361978
7.0491,0.036298
7.04911,0.0363858
7.05035,0.0364626
7.05036,0.0365297
7.05148,0.0365885
7.05149,0.03664
7.0526,0.036685
7.05261,0.0367243
7.05373,0.0366338
7.05374,0.0365546
7.05498,0.0364852
7.05499,0.0364246
7.05598,0.0363715
7.05599,0.0363251
7.05723,0.0364094
7.05724,0.0364833
7.05835,0.0365479
7.05836,0.0366044
7.05948,0.0366538
7.05949,0.0366971
7.0606,0.036735
7.06061,0.0367681
7.06173,0.0366721
7.06174,0.0365881
7.06285,0.0365146
7.06286,0.0364502
7.0641,0.036519
7.06411,0.0365791
7.06523,0.0366317
7.06524,0.0366777
7.06635,0.036718
7.06636,0.0367533
7.06748,0.0367841
7.06749,0.0368111
7.0686,0.0368347
7.06861,0.0368554
7.06973,0.0367484
7.06974,0.0366549
7.07085,0.036573
7.07086,0.0365014
7.0721,0.0365637
7.07211,0.0366183
7.07323,0.036666
7.07324,0.0367077
7.07435,0.0367443
7.07436,0.0367762
7.1121,0.0368042
7.11211,0.0367037
7.11323,0.0367407
7.11324,0.0367731
7.11435,0.0369265
7.11436,0.0369357
7.1156,0.0370687
7.11561,0.0371851
7.11673,0.036787
7.11674,0.0353136
7.11785,0.0341494
7.11786,0.0330057
7.11898,0.032005
7.11899,0.0311294
7.1201,0.0304882
7.12011,0.0299272
7.12123,0.0294363
7.12124,0.0290068
7.12235,0.0286309
7.12236,0.028302
7.1236,0.0280143
7.12361,0.0276375
7.12473,0.0274328
7.12474,0.0271287
7.12585,0.0268626
7.12586,0.0266298
7.12698,0.0265511
7.12699,0.0263572
7.1281,0.0264375
7.12811,0.0263828
7.12923,0.026335
7.12924,0.0262931
7.13035,0.0262565
7.13036,0.0260994
7.1316,0.026087
7.13161,0.0259511
7.13273,0.0259572
7.13274,0.0258376
7.13385,0.0258579
7.13386,0.0257506
7.13498,0.0257818
7.13499,0.0256841
7.1361,0.0257236
7.13611,0.0257581
7.13723,0.0257884
7.13724,0.0256898
7.13848,0.0257286
7.13849,0.0256375
7.1396,0.0256828
7.13961,0.0255975
7.14073,0.0256478
7.14074,0.0255668
7.14185,0.025621
7.14186,0.0255433
7.14298,0.0256004
7.14299,0.0255254
7.1441,0.0257097
7.14411,0.025746
7.14535,0.0259027
7.14536,0.0257899
7.14648,0.0258162
7.14649,0.0257141
7.1476,0.0257499
7.14761,0.0256561
7.14873,0.0256991
7.14874,0.0256117
7.14985,0.0256603
7.14986,0.0255777
7.15098,0.0256305
7.15099,0.0255517
7.1521,0.0257327
7.15211,0.0257661
7.15335,0.0259204
7.15336,0.0258053
7.15448,0.0258297
7.15449,0.025726
7.1556,0.0257602
7.15561,0.0256652
7.15673,0.025707
7.15674,0.0256187
7.15785,0.0256663
7.15786,0.025583
7.15898,0.0256352
7.15899,0.0255558
7.16023,0.0257363
7.16024,0.0257693
7.16135,0.0259231
7.16136,0.0258077
7.16248,0.0258317
7.16249,0.0257278
7.1636,0.0257618
7.16361,0.0256666
7.16473,0.0257083
7.16474,0.0256197
7.16585,0.0256673
7.16586,0.0255838
7.16698,0.0256359
7.16699,0.0255564
7.16823,0.0257368
7.16824,0.0257697
7.16935,0.0259235
7.16936,0.0258081
7.17048,0.0258321
7.17049,0.0257281
7.1716,0.025762
7.17161,0.0256668
7.17273,0.0257084
7.17274,0.0256199
7.17385,0.0256674
7.17386,0.025584
7.1751,0.025761
7.17511,0.0257909
7.17623,0.025942
7.17624,0.0260742
7.17735,0.02619
7.17736,0.0262912
7.17848,0.0262548
7.17849,0.026223
7.1796,0.0261951
7.17961,0.0261707
7.18073,0.0261494
7.18074,0.0261307
7.18185,0.0261144
7.18186,0.0261001
7.1831,0.0262126
7.18311,0.026311
7.18423,0.0263971
7.18424,0.0264725
7.18535,0.0265384
7.18536,0.0265961
7.18648,0.0265216
7.18649,0.0264564
7.1876,0.0263993
7.18761,0.0263494
7.18873,0.0263057
7.18874,0.0262675
7.18998,0.0262341
7.18999,0.0262048
7.1911,0.0263042
7.19111,0.0263912
7.19223,0.0264673
7.19224,0.0265339
7.19335,0.0265921
7.19336,0.0266431
7.19448,0.0265627
7.19449,0.0264924
7.1956,0.0264308
7.19561,0.026377
7.19673,0.0263299
7.19674,0.0262886
7.19798,0.0262526
7.19799,0.026221
7.1991,0.0263184
7.19911,0.0264036
7.20023,0.0264781
7.20024,0.0265434
7.20135,0.0264754
7.20136,0.026416
7.20248,0.026364
7.20249,0.0263185
7.2036,0.0262787
7.20361,0.0262439
7.20498,0.0262134
7.20499,0.0261867
7.20598,0.0261634
7.20599,0.0261429
7.2071,0.0262501
7.20711,0.0263438
7.20823,0.0264258
7.20824,0.0264976
7.20935,0.0264354
7.20936,0.026381
7.21048,0.0263334
7.21049,0.0262917
7.21173,0.0262552
7.21174,0.0262233
7.21285,0.0261954
7.21286,0.026171
7.21398,0.0261496
7.21399,0.0261309
7.2151,0.0262395
7.21511,0.0263346
7.21623,0.0264178
7.21624,0.0264906
7.21735,0.0264292
7.21736,0.0263756
7.21848,0.0263286
7.21849,0.0262876
7.21973,0.0262516
7.21974,0.0262202
7.22085,0.0261926
7.22086,0.0261686
7.22198,0.0261475
7.22199,0.0261291
7.2231,0.0262379
7.22311,0.0263332
7.22423,0.0264165
7.22424,0.0264895
7.22535,0.0264283
7.22536,0.0263747
7.2266,0.0263279
7.22661,0.0262869
7.22773,0.026251
7.22774,0.0262197
7.22885,0.0261922
7.22886,0.0261682
7.22998,0.0261472
7.22999,0.0261288
7.2311,0.0262377
7.23111,0.026333
7.23223,0.0264163
7.23224,0.0264893
7.23335,0.0264281
7.23336,0.0263746
7.2346,0.0263278
7.23461,0.0262868
7.23573,0.026251
7.23574,0.0262196
7.23685,0.0261921
7.23686,0.0261681
7.23798,0.0261471
7.23799,0.0261287
7.2391,0.0262376
7.23911,0.0263329
7.24023,0.0264163
7.24024,0.0264893
7.24148,0.0264281
7.24149,0.0263746
7.2426,0.0263278
7.24261,0.0262868
7.24373,0.0262509
7.24374,0.0262196
7.24498,0.0261921
7.24499,0.0261681
7.24598,0.0261471
7.24599,0.0261287
7.2471,0.0262376
7.24711,0.0263329
7.24823,0.0264163
7.24824,0.0264893
7.24948,0.0264281
7.24949,0.0263746
7.2506,0.0263278
7.25061,0.0262868
7.25173,0.0262509
7.25174,0.0262196
7.25285,0.0261921
7.25286,0.0261681
7.25398,0.0261471
7.25399,0.0261287
7.2551,0.0262376
7.25511,0.0263329
7.25635,0.0264163
7.25636,0.0264893
7.25748,0.0264281
7.25749,0.0263746
7.2586,0.0263278
7.25861,0.0262868
7.25973,0.0263759
7.25974,0.026329
7.26085,0.0264128
7.26086,0.0263612
7.26198,0.0264411
7.26199,0.0263859
7.2631,0.0265877
7.26311,0.0266392
7.26435,0.0268093
7.26436,0.0268332
7.2656,0.026979
7.26561,0.0268566
7.2666,0.0268746
7.26661,0.0267652
7.26773,0.0267946
7.26774,0.0266953
7.26885,0.0267334
7.26886,0.0266417
7.26998,0.0266865
7.26999,0.0266007
7.27123,0.0267756
7.27124,0.0268036
7.27235,0.0269532
7.27236,0.026959
7.27348,0.0270892
7.27349,0.026953
7.2746,0.0269589
7.27461,0.026839
7.27573,0.0268591
7.27574,0.0267517
7.27685,0.0267828
7.27686,0.0266849
7.27798,0.0267243
7.27799,0.0266338
7.27923,0.0268046
7.27924,0.026829
7.28035,0.0269754
7.28036,0.0269784
7.28148,0.0271061
7.28149,0.0269679
7.2826,0.0269719
7.28261,0.0268504
7.28435,0.0269941
7.28436,0.0269948
7.28498,0.0269955
7.28499,0.026871
7.2861,0.0270122
7.28611,0.0270106
7.28723,0.0271343
7.28724,0.0271175
7.28835,0.0272278
7.28836,0.0271994
7.28948,0.0272994
7.28949,0.027137
7.2906,0.0271199
7.29061,0.0269799
7.29235,0.0271074
7.29236,0.027094
7.29298,0.0270822
7.29299,0.026947
7.2941,0.0270786
7.29411,0.0270688
7.29523,0.0271852
7.29524,0.027162
7.29635,0.0272668
7.29636,0.0272334
7.29748,0.0273292
7.29749,0.0271631
7.2986,0.0271427
7.29861,0.0269999
7.29973,0.0269999
7.29974,0.0268749
7.30098,0.0268905
7.30099,0.0267792
7.3021,0.0269318
7.30211,0.0269403
7.30323,0.0270728
7.30324,0.0270637
7.30435,0.0271807
7.30436,0.0271581
7.3056,0.0272634
7.30561,0.0271054
7.3066,0.0270923
7.30661,0.0269557
7.30785,0.0269613
7.30786,0.0268411
7.30898,0.026861
7.30899,0.0267533
7.3101,0.0269092
7.31011,0.0267955
7.31123,0.0268211
7.31124,0.0268435
7.31235,0.026988
7.31236,0.0268645
7.31348,0.0268815
7.31349,0.0267713
7.3146,0.0267999
7.31461,0.0266999
7.31585,0.0267374
7.31586,0.0266452
7.31698,0.0266896
7.31699,0.0266034
7.3181,0.0267779
7.31811,0.0266807
7.31923,0.0267206
7.31924,0.0267555
7.32035,0.0269111
7.32036,0.0267972
7.32148,0.0268226
7.32149,0.0267197
7.32273,0.0267548
7.32274,0.0266604
7.32385,0.0267029
7.32386,0.026615
7.32498,0.0266631
7.32499,0.0265802
7.3261,0.0267577
7.32611,0.026788
7.32723,0.0269395
7.32724,0.0269471
7.32835,0.0270787
7.32836,0.0269438
7.32948,0.0269509
7.32949,0.026832
7.33073,0.026853
7.33074,0.0267464
7.33185,0.0267781
7.33186,0.0266808
7.33298,0.0267207
7.33299,0.0266306
7.3341,0.0268018
7.33411,0.0268266
7.33523,0.0269732
7.33524,0.0269766
7.33635,0.0271045
7.33636,0.0269665
7.3376,0.0269706
7.33761,0.0268493
7.33873,0.0268682
7.33874,0.0267596
7.33985,0.0267897
7.33986,0.026691
7.34098,0.0267296
7.34099,0.0266384
7.3421,0.0268086
7.34211,0.0268325
7.34323,0.0269785
7.34324,0.0271061
7.34435,0.0272179
7.34436,0.0273156
7.3456,0.0272762
7.34561,0.0272417
7.34673,0.0272115
7.34674,0.027185
7.34785,0.0271619
7.34786,0.0271417
7.34898,0.027124
7.34899,0.0271085
7.3501,0.0272199
7.35011,0.0273174
7.35123,0.0274027
7.35124,0.0274774
7.35248,0.0275427
7.35249,0.0275999
7.3536,0.0275249
7.35361,0.0274593
7.35473,0.0274019
7.35474,0.0273516
7.35585,0.0273077
7.35586,0.0272692
7.35698,0.0272356
7.35699,0.0272061
7.3581,0.0273054
7.35811,0.0273922
7.35935,0.0274682
7.35936,0.0275346
7.36048,0.0275928
7.36049,0.0276437
7.3616,0.0275632
7.36161,0.0274928
7.36273,0.0274312
7.36274,0.0273773
7.36385,0.0273302
7.36386,0.0272889
7.36498,0.0272528
7.36499,0.0272212
7.3661,0.0273185
7.36611,0.0274037
7.36735,0.0274783
7.36736,0.0275435
7.36848,0.0276005
7.36849,0.0276505
7.3696,0.0275692
7.36961,0.027498
7.37073,0.0274358
7.37074,0.0273813
7.37185,0.0273336
7.37186,0.0272919
7.37298,0.0272554
7.37299,0.0272235
7.37423,0.0273206
7.37424,0.0274055
7.37535,0.0274798
7.37536,0.0275448
7.37648,0.0276017
7.37649,0.0276515
7.3776,0.0275701
7.37761,0.0274988
7.37873,0.0274365
7.37874,0.0273819
7.37985,0.0273342
7.37986,0.0272924
7.38098,0.0272558
7.38099,0.0272239
7.38223,0.0273209
7.38224,0.0274058
7.38335,0.02748
7.38336,0.027545
7.38448,0.0276019
7.38449,0.0276517
7.3856,0.0275702
7.38561,0.0274989
7.38673,0.0274366
7.38674,0.027382
7.38785,0.0273342
7.38786,0.0272925
7.3891,0.0273809
7.38911,0.0274583
7.39023,0.027526
7.39024,0.0275853
7.39135,0.0276371
7.39136,0.0276825
7.39248,0.0277222
7.39249,0.0277569
7.3936,0.0276623
7.39361,0.0275795
7.39473,0.0275071
7.39474,0.0274437
7.39585,0.0273882
7.39586,0.0273397
7.3971,0.0274222
7.39711,0.0274944
7.39823,0.0275576
7.39824,0.0276129
7.39935,0.0276613
7.39936,0.0277037
7.40048,0.0277407
7.40049,0.0277731
7.40223,0.0278015
7.40224,0.0278263
7.40273,0.027723
7.40274,0.0276326
7.40398,0.0275535
7.40399,0.0274844
7.4051,0.0275488
7.40511,0.0276052
7.40623,0.0276546
7.40624,0.0276977
7.40735,0.0277355
7.40736,0.0277686
7.40848,0.0277975
7.40849,0.0278228
7.4096,0.02772
7.40961,0.02763
7.41073,0.0275512
7.41074,0.0274823
7.41198,0.027422
7.41199,0.0273693
7.4131,0.0274481
7.41311,0.0275171
7.41423,0.0275775
7.41424,0.0276303
7.41535,0.0276765
7.41536,0.0277169
7.41648,0.0276273
7.41649,0.0275489
7.4176,0.0274803
7.41761,0.0274203
7.41885,0.0273677
7.41886,0.0273218
7.41998,0.0272815
7.41999,0.0272463
7.4211,0.0273405
7.42111,0.027423
7.42223,0.0274951
7.42224,0.0275582
7.42335,0.0276134
7.42336,0.0276618
7.42448,0.027579
7.42449,0.0275067
7.4256,0.0274433
7.42561,0.0273879
7.42685,0.0273394
7.42686,0.027297
7.42798,0.0272599
7.42799,0.0272274
7.4291,0.027199
7.42911,0.0271741
7.43023,0.0272773
7.43024,0.0273677
7.43135,0.0274467
7.43136,0.0275159
7.43248,0.0277014
7.43249,0.0276137
7.43373,0.027662
7.43374,0.0275792
7.43498,0.0276318
7.43499,0.0275529
7.43598,0.0276088
7.43599,0.0275327
7.4371,0.0277161
7.43711,0.0277516
7.43823,0.0279076
7.43824,0.0279192
7.43935,0.0280543
7.43936,0.0280475
7.4406,0.0281665
7.44061,0.0280207
7.44173,0.0280181
7.44174,0.0278909
7.44285,0.0279045
7.44286,0.0277914
7.44398,0.0278175
7.44399,0.0277153
7.4451,0.0278759
7.44511,0.0278914
7.44623,0.02803
7.44624,0.0280262
7.44735,0.028148
7.44736,0.0281295
7.4486,0.0282383
7.44861,0.0280835
7.44973,0.0280731
7.44974,0.0279389
7.45085,0.0279466
7.45086,0.0278282
7.45198,0.0278497
7.45199,0.0277435
7.4531,0.0279006
7.45311,0.027913
7.45423,0.0280489
7.45424,0.0280428
7.4556,0.0281624
7.45561,0.0281421
7.4566,0.0282493
7.45661,0.0280932
7.45773,0.0280815
7.45774,0.0279463
7.45885,0.027953
7.45886,0.0278339
7.45998,0.0278547
7.45999,0.0277478
7.4611,0.0279044
7.46111,0.0279163
7.46223,0.0280518
7.46224,0.0280453
7.46348,0.0281646
7.46349,0.0281441
7.4646,0.028251
7.46461,0.0280947
7.46573,0.0280828
7.46574,0.0279475
7.46685,0.027954
7.46686,0.0278348
7.46798,0.0278554
7.46799,0.0277485
7.4691,0.0279049
7.46911,0.0279168
7.47035,0.0280522
7.47036,0.0280457
7.47148,0.028165
7.47149,0.0281444
7.4726,0.0282513
7.47261,0.0280949
7.47373,0.028083
7.47374,0.0279477
7.47498,0.0279542
7.47499,0.0278349
7.47598,0.0278556
7.47599,0.0277486
7.4771,0.027905
7.47711,0.0279169
7.47835,0.0280523
7.47836,0.0280458
7.47948,0.028165
7.47949,0.0281444
7.4806,0.0282514
7.48061,0.0280949
7.48173,0.0280831
7.48174,0.0279477
7.48285,0.0279542
7.48286,0.0278349
7.48398,0.0278556
7.48399,0.0277486
7.48523,0.0279051
7.48524,0.0279169
7.48635,0.0280523
7.48636,0.0280458
7.48748,0.028165
7.48749,0.0281444
7.4886,0.0282514
7.48861,0.0280949
7.48973,0.0280831
7.48974,0.0279477
7.49085,0.0279542
7.49086,0.0278349
7.49198,0.0278556
7.49199,0.0277486
7.49323,0.0279051
7.49324,0.0279169
7.49435,0.0280523
7.49436,0.0280458
7.4956,0.028165
7.49561,0.0281444
7.4966,0.0282514
7.49661,0.0280949
7.49773,0.0280831
7.49774,0.0279477
7.49885,0.0279542
7.49886,0.0278349
7.5001,0.0279806
7.50011,0.027983
7.50123,0.0281101
7.50124,0.0280964
7.50235,0.0282093
7.50236,0.0281832
7.50348,0.0282853
7.50349,0.0282496
7.5046,0.0283434
7.50461,0.0281755
7.50573,0.0281535
7.50574,0.0280093
7.50698,0.0280082
7.50699,0.0278822
7.5081,0.0280219
7.50811,0.0280191
7.50923,0.0281418
7.50924,0.028124
7.51035,0.0282335
7.51036,0.0282043
7.51148,0.0283038
7.51149,0.0282658
7.5126,0.0283576
7.51261,0.0281879
7.51373,0.0281644
7.51374,0.0280189
7.51498,0.0280165
7.51499,0.0278894
7.5161,0.0280283
7.51611,0.0280247
7.51723,0.0281466
7.51724,0.0281283
7.51835,0.0282373
7.51836,0.0282076
7.51948,0.0283067
7.51949,0.0282683
7.5206,0.0283598
7.52061,0.0281898
7.52185,0.0281661
7.52186,0.0280203
7.52298,0.0280178
7.52299,0.0278906
7.5241,0.0280292
7.52411,0.0281506
7.52523,0.0282568
7.52524,0.0283497
7.52635,0.028431
7.52636,0.0285021
7.52748,0.0285643
7.52749,0.0286188
7.5286,0.0285414
7.52861,0.0284738
7.52985,0.0284145
7.52986,0.0283627
7.53098,0.0283174
7.53099,0.0282777
7.5321,0.028368
7.53211,0.028447
7.53323,0.0285161
7.53324,0.0285766
7.53435,0.0286295
7.53436,0.0286758
7.5356,0.0287164
7.53561,0.0287518
7.53673,0.0286578
7.53674,0.0285756
7.53785,0.0285037
7.53786,0.0284407
7.53898,0.0283856
7.53899,0.0283374
7.5401,0.0284202
7.54011,0.0284927
7.54123,0.0285561
7.54124,0.0286116
7.54235,0.0286601
7.54236,0.0287026
7.54348,0.0287398
7.54349,0.0287723
7.54473,0.0286758
7.54474,0.0285913
7.54585,0.0285174
7.54586,0.0284527
7.54698,0.0283961
7.54699,0.0283466
7.5481,0.0284283
7.54811,0.0284998
7.54923,0.0285623
7.54924,0.028617
7.55035,0.0286649
7.55036,0.0287068
7.5516,0.0287434
7.55161,0.0287755
7.55273,0.0286786
7.55274,0.0285937
7.55385,0.0285195
7.55386,0.0284546
7.55498,0.0283978
7.55499,0.028348
7.5561,0.0284295
7.55611,0.0285008
7.55723,0.0285632
7.55724,0.0286178
7.55835,0.0286656
7.55836,0.0287074
7.5596,0.028744
7.55961,0.028776
7.56073,0.028679
7.56074,0.0285941
7.56185,0.0285198
7.56186,0.0284549
7.56298,0.028398
7.56299,0.0283483
7.5641,0.0284297
7.56411,0.028501
7.56523,0.0285634
7.56524,0.028618
7.56648,0.0286657
7.56649,0.0287075
7.5676,0.0287441
7.56761,0.0287761
7.56873,0.028679
7.56874,0.0285942
7.56985,0.0285199
7.56986,0.0284549
7.57098,0.028398
7.57099,0.0283483
7.5721,0.0284297
7.57211,0.028501
7.57323,0.0285634
7.57324,0.028618
7.57448,0.0286657
7.57449,0.0287075
7.5756,0.0287441
7.57561,0.0287761
7.57673,0.0286791
7.57674,0.0285942
7.57785,0.0285199
7.57786,0.0284549
7.57898,0.028398
7.57899,0.0283483
7.5801,0.0284298
7.58011,0.028501
7.58135,0.0285634
7.58136,0.028618
7.58248,0.0286657
7.58249,0.0287075
7.5836,0.0287441
7.58361,0.0287761
7.58473,0.0286791
7.58474,0.0285942
7.58585,0.0285199
7.58586,0.0284549
7.58698,0.028398
7.58699,0.0283483
7.58823,0.0284298
7.58824,0.028501
7.58935,0.0285634
7.58936,0.028618
7.59048,0.0286657
7.59049,0.0287075
7.5916,0.0287441
7.59161,0.0287761
7.59273,0.0286791
7.59274,0.0285942
7.59385,0.0285199
7.59386,0.0284549
7.59498,0.028398
7.59499,0.0283483
7.59623,0.0284298
7.59624,0.028501
7.59735,0.0285634
7.59736,0.028618
7.59848,0.0286657
7.59849,0.0287075
7.5996,0.0287441
7.59961,0.0287761
7.60073,0.0286791
7.60074,0.0285942
7.60185,0.0285199
7.60186,0.0284549
7.6031,0.028523
7.60311,0.0285827
7.60423,0.0286348
7.60424,0.0286805
7.60535,0.0287204
7.60536,0.0287554
7.60648,0.0287859
7.60649,0.0288127
7.6076,0.0288361
7.60761,0.0288566
7.60873,0.0287495
7.60874,0.0286558
7.60985,0.0285739
7.60986,0.0285021
7.6111,0.0285644
7.61111,0.0286188
7.61223,0.0286665
7.61224,0.0287082
7.61335,0.0287446
7.61336,0.0287766
7.61448,0.0288045
7.61449,0.0288289
7.6156,0.0288503
7.61561,0.028869
7.61673,0.0287604
7.61674,0.0286653
7.61798,0.0285822
7.61799,0.0285094
7.6191,0.0285707
7.61911,0.0286244
7.62023,0.0286713
7.62024,0.0287124
7.62135,0.0288734
7.62136,0.0288892
7.62248,0.029028
7.62249,0.0290245
7.6236,0.0291465
7.62361,0.0291282
7.62473,0.0292371
7.62474,0.0290825
7.62598,0.0290722
7.62599,0.0289382
7.6271,0.0290709
7.62711,0.029062
7.62823,0.0291793
7.62824,0.0291569
7.62935,0.0292623
7.62936,0.0292295
7.63048,0.0293258
7.63049,0.0292851
7.6316,0.0293744
7.63161,0.0292026
7.63285,0.0291773
7.63286,0.0290301
7.63398,0.0290264
7.63399,0.0288981
7.6351,0.0290358
7.63511,0.0290313
7.63623,0.0291524
7.63624,0.0291334
7.63735,0.0292417
7.63736,0.0292115
7.63848,0.02931
7.63849,0.0292713
7.6396,0.0293624
7.63961,0.0291921
7.64085,0.0291681
7.64086,0.0290221
7.64198,0.0290193
7.64199,0.0288919
7.6431,0.0290304
7.64311,0.0290266
7.64423,0.0291483
7.64424,0.0291297
7.64535,0.0292385
7.64536,0.0292087
7.64648,0.0293076
7.64649,0.0292692
7.64773,0.0293605
7.64774,0.0291905
7.64885,0.0291666
7.64886,0.0290208
7.64998,0.0290182
7.64999,0.0288909
7.6511,0.0290296
7.65111,0.0290259
7.65223,0.0291476
7.65224,0.0291292
7.65335,0.029238
7.65336,0.0292083
7.6546,0.0293072
7.65461,0.0292688
7.65573,0.0293602
7.65574,0.0291902
7.65685,0.0291664
7.65686,0.0290206
7.65798,0.029018
7.65799,0.0288908
7.6591,0.0290294
7.65911,0.0290258
7.66023,0.0291475
7.66024,0.0291291
7.66135,0.029238
7.66136,0.0292082
7.6626,0.0293072
7.66261,0.0292688
7.66373,0.0293602
7.66374,0.0291902
7.66498,0.0291664
7.66499,0.0290206
7.66598,0.029018
7.66599,0.0288908
7.6671,0.0290294
7.66711,0.0290257
7.66823,0.0291475
7.66824,0.0291291
7.66948,0.0292379
7.66949,0.0292082
7.6706,0.0293072
7.67061,0.0292688
7.67173,0.0293602
7.67174,0.0291902
7.67285,0.0291664
7.67286,0.0290206
7.67398,0.029018
7.67399,0.0288908
7.6751,0.0290294
7.67511,0.0290257
7.67623,0.0291475
7.67624,0.0291291
7.67748,0.0292379
7.67749,0.0292082
7.6786,0.0293072
7.67861,0.0292688
7.67973,0.0293602
7.67974,0.0291902
7.68085,0.0291664
7.68086,0.0290206
7.68198,0.029018
7.68199,0.0288908
7.6831,0.0290294
7.68311,0.0290257
7.68435,0.0291475
7.68436,0.0291291
7.6856,0.0292379
7.68561,0.0292082
7.6866,0.0293072
7.68661,0.0292688
7.68773,0.0293602
7.68774,0.0291902
7.68885,0.0291664
7.68886,0.0290206
7.68998,0.029018
7.68999,0.0288908
7.6911,0.0290294
7.69111,0.0290257
7.69235,0.0291475
7.69236,0.0291291
7.69348,0.0292379
7.69349,0.0292082
7.6946,0.0293072
7.69461,0.0292688
7.69573,0.0293602
7.69574,0.0291902
7.69685,0.0291664
7.69686,0.0290206
7.69798,0.029018
7.69799,0.0288908
7.69923,0.0290294
7.69924,0.0290257
7.70035,0.0291475
7.70036,0.0291291
7.70148,0.0292379
7.70149,0.0292082
7.7026,0.0293072
7.70261,0.0292688
7.70373,0.0293602
7.70374,0.0291902
7.70498,0.0291664
7.70499,0.0290206
7.70598,0.029018
7.70599,0.0288908
7.70723,0.0290294
7.70724,0.0290257
7.70835,0.0291475
7.70836,0.0291291
7.70948,0.0292379
7.70949,0.0292082
7.7106,0.0293072
7.71061,0.0292688
7.71173,0.0293602
7.71174,0.0291902
7.71285,0.0291664
7.71286,0.0290206
7.7141,0.029143
7.71411,0.0291251
7.71523,0.0292345
7.71524,0.0292052
7.71635,0.0293045
7.71636,0.0292665
7.71748,0.0293582
7.71749,0.0293134
7.7186,0.0293992
7.71861,0.0293493
7.71973,0.0294306
7.71974,0.0292518
7.72085,0.0292203
7.72086,0.0290678
7.7221,0.0291843
7.72211,0.0292863
7.72323,0.0293755
7.72324,0.0294536
7.72435,0.0295219
7.72436,0.0295816
7.7256,0.0296339
7.72561,0.0296797
7.7266,0.0297197
7.72661,0.0297548
7.72773,0.0297854
7.72774,0.0298122
7.72898,0.0297107
7.72899,0.0296219
7.7301,0.0296691
7.73011,0.0297105
7.73123,0.0297467
7.73124,0.0297783
7.73235,0.0298061
7.73236,0.0298303
7.73348,0.0298515
7.73349,0.0298701
7.7346,0.0298863
7.73461,0.0299005
7.73585,0.029913
7.73586,0.0299238
7.73698,0.0298084
7.73699,0.0297073
7.7381,0.0297439
7.73811,0.0297759
7.73923,0.0298039
7.73924,0.0298284
7.74035,0.0298499
7.74036,0.0298686
7.74148,0.0298851
7.74149,0.0298994
7.7426,0.029912
7.74261,0.029923
7.74385,0.0298076
7.74386,0.0297067
7.74498,0.0296183
7.74499,0.029541
7.7461,0.0295984
7.74611,0.0296486
7.74723,0.0296925
7.74724,0.029731
7.74835,0.0297646
7.74836,0.029794
7.74948,0.0298198
7.74949,0.0298423
7.75073,0.029862
7.75074,0.0298793
7.75185,0.0297693
7.75186,0.0296732
7.75298,0.029589
7.75299,0.0295154
7.7541,0.029576
7.75411,0.029629
7.75523,0.0296754
7.75524,0.0297159
7.75635,0.0297514
7.75636,0.0297825
7.75748,0.0298097
7.75749,0.0298335
7.75873,0.0298543
7.75874,0.0298725
7.75985,0.0297634
7.75986,0.029668
7.76098,0.0295845
7.76099,0.0295114
7.7621,0.0295725
7.76211,0.029626
7.76323,0.0296727
7.76324,0.0297136
7.76435,0.0297494
7.76436,0.0297807
7.7656,0.0298081
7.76561,0.0298321
7.76673,0.0298531
7.76674,0.0298715
7.76785,0.0297625
7.76786,0.0296672
7.76898,0.0295838
7.76899,0.0295108
7.7701,0.029572
7.77011,0.0296255
7.77123,0.0296723
7.77124,0.0297133
7.77235,0.0297491
7.77236,0.0297805
7.7736,0.0298079
7.77361,0.0298319
7.77473,0.0298529
7.77474,0.0298713
7.77585,0.0297624
7.77586,0.0296671
7.77698,0.0295837
7.77699,0.0295107
7.7781,0.0295719
7.77811,0.0296254
7.77923,0.0296722
7.77924,0.0297132
7.78048,0.0297491
7.78049,0.0297804
7.7816,0.0298079
7.78161,0.0298319
7.78273,0.0298529
7.78274,0.0298713
7.78385,0.0297624
7.78386,0.0296671
7.78498,0.0295837
7.78499,0.0295107
7.7861,0.0295719
7.78611,0.0296254
7.78723,0.0296722
7.78724,0.0297132
7.78848,0.029749
7.78849,0.0297804
7.7896,0.0298079
7.78961,0.0298319
7.79073,0.0298529
7.79074,0.0298713
7.79185,0.0297624
7.79186,0.0296671
7.79298,0.0295837
7.79299,0.0295107
7.7941,0.0295719
7.79411,0.0296254
7.79535,0.0296722
7.79536,0.0297132
7.79648,0.029749
7.79649,0.0297804
7.7976,0.0298079
7.79761,0.0298319
7.79873,0.0298529
7.79874,0.0298713
7.79985,0.0297624
7.79986,0.0296671
7.80098,0.0295837
7.80099,0.0295107
7.80223,0.0295719
7.80224,0.0296254
7.80335,0.0296722
7.80336,0.0297132
7.80448,0.029749
7.80449,0.0297804
7.8056,0.0298079
7.80561,0.0298319
7.80673,0.0298529
7.80674,0.0298713
7.80785,0.0297624
7.80786,0.0296671
7.80898,0.0295837
7.80899,0.0295107
7.81023,0.0295719
7.81024,0.0296254
7.81135,0.0296722
7.81136,0.0297132
7.81248,0.029749
7.81249,0.0297804
7.8136,0.0298079
7.81361,0.0298319
7.81473,0.0298529
7.81474,0.0298713
7.81585,0.0297624
7.81586,0.0296671
7.8171,0.0297087
7.81711,0.0297451
7.81823,0.029777
7.81824,0.0298048
7.81935,0.0298292
7.81936,0.0298506
7.82048,0.0298693
7.82049,0.0298856
7.8216,0.0298999
7.82161,0.0299124
7.82273,0.0299234
7.82274,0.0299329
7.82385,0.0298163
7.82386,0.0297143
7.8251,0.02975
7.82511,0.0297812
7.82623,0.0298086
7.82624,0.0298325
7.82735,0.0298535
7.82736,0.0298718
7.82848,0.0298878
7.82849,0.0299018
7.8296,0.0300391
7.82961,0.0300342
7.83073,0.0301549
7.83074,0.0301356
7.83198,0.0302436
7.83199,0.0300882
7.8331,0.0302021
7.83311,0.0301769
7.83423,0.0302798
7.83424,0.0302448
7.83535,0.0303392
7.83536,0.0302968
7.83648,0.0303847
7.83649,0.0303366
7.8376,0.0304195
7.83761,0.0303671
7.83873,0.0304462
7.83874,0.0303904
7.83998,0.0304666
7.83999,0.0302833
7.8411,0.0303729
7.84111,0.0303263
7.84223,0.0304105
7.84224,0.0303592
7.84335,0.0304393
7.84336,0.0303844
7.84448,0.0304613
7.84449,0.0304037
7.8456,0.0304782
7.84561,0.0304184
7.84685,0.0304911
7.84686,0.0303047
7.84798,0.0302666
7.84799,0.0301083
7.8491,0.0302198
7.84911,0.0301923
7.85023,0.0302933
7.85024,0.0302566
7.85135,0.0303495
7.85136,0.0303058
7.85248,0.0303926
7.85249,0.0303435
7.8536,0.0304256
7.85361,0.0303724
7.85498,0.0304508
7.85499,0.0302695
7.85598,0.0302358
7.85599,0.0300813
7.8571,0.0301962
7.85711,0.0301716
7.85823,0.0302752
7.85824,0.0302408
7.85935,0.0303357
7.85936,0.0302937
7.86048,0.030382
7.86049,0.0303343
7.86173,0.0304175
7.86174,0.0303653
7.86285,0.0304446
7.86286,0.030264
7.86398,0.030231
7.86399,0.0300772
7.8651,0.0301925
7.86511,0.0301684
7.86623,0.0302724
7.86624,0.0302383
7.86735,0.0303336
7.86736,0.0302919
7.86848,0.0303804
7.86849,0.0303328
7.86973,0.0304162
7.86974,0.0303642
7.87085,0.0304437
7.87086,0.0302632
7.87198,0.0302303
7.87199,0.0300765
7.8731,0.030192
7.87311,0.030168
7.87423,0.030272
7.87424,0.030238
7.87535,0.0303332
7.87536,0.0302916
7.8766,0.0303801
7.87661,0.0303326
7.87773,0.030416
7.87774,0.030364
7.87885,0.0304435
7.87886,0.0302631
7.87998,0.0302302
7.87999,0.0300764
7.8811,0.0301919
7.88111,0.0301679
7.88223,0.0302719
7.88224,0.0302379
7.88348,0.0303332
7.88349,0.0302915
7.8846,0.0303801
7.88461,0.0303326
7.88573,0.030416
7.88574,0.030364
7.88685,0.0304435
7.88686,0.0302631
7.88798,0.0302302
7.88799,0.0300764
7.8891,0.0301919
7.88911,0.0301679
7.89023,0.0302719
7.89024,0.0302379
7.89148,0.0303332
7.89149,0.0302915
7.8926,0.0303801
7.89261,0.0303326
7.89373,0.030416
7.89374,0.030364
7.89498,0.0304435
7.89499,0.0302631
7.89598,0.0302302
7.89599,0.0300764
7.8971,0.0301919
7.89711,0.0301679
7.89835,0.0302719
7.89836,0.0302379
7.89948,0.0303332
7.89949,0.0302915
7.9006,0.0303801
7.90061,0.0303326
7.90173,0.030416
7.90174,0.030364
7.90285,0.0304435
7.90286,0.0302631
7.90398,0.0302302
7.90399,0.0300764
7.9051,0.0301919
7.90511,0.0301679
7.90635,0.0302719
7.90636,0.0302379
7.90748,0.0303332
7.90749,0.0302915
7.9086,0.0303801
7.90861,0.0303326
7.90973,0.030416
7.90974,0.030364
7.91085,0.0304435
7.91086,0.0302631
7.91198,0.0302302
7.91199,0.0300764
7.91323,0.0301919
7.91324,0.0301679
7.91435,0.0302719
7.91436,0.0302379
7.9156,0.0303332
7.91561,0.0302915
7.9166,0.0303801
7.91661,0.0303326
7.91773,0.030416
7.91774,0.030364
7.91885,0.0304435
7.91886,0.0302631
7.91998,0.0302302
7.91999,0.0300764
7.92123,0.0301919
7.92124,0.0301679
7.92235,0.0302719
7.92236,0.0302379
7.92348,0.0303332
7.92349,0.0302915
7.9246,0.0303801
7.92461,0.0303326
7.92573,0.030416
7.92574,0.030364
7.92685,0.0304435
7.92686,0.0302631
7.9281,0.0303552
7.92811,0.0303108
7.92923,0.0303969
7.92924,0.0303473
7.93035,0.0304289
7.93036,0.0303753
7.93148,0.0304534
7.93149,0.0303967
7.9326,0.0304721
7.93261,0.0304131
7.93373,0.0304865
7.93374,0.0304257
7.93498,0.0304974
7.93499,0.0303103
7.9361,0.0303965
7.93611,0.0303469
7.93723,0.0304286
7.93724,0.030375
7.93835,0.0304531
7.93836,0.0303965
7.93948,0.0304719
7.93949,0.0304129
7.9406,0.0304863
7.94061,0.0305505
7.94173,0.0306067
7.94174,0.0306559
7.94298,0.0306989
7.94299,0.0307365
7.9441,0.0307695
7.94411,0.0307983
7.94523,0.0308235
7.94524,0.0308456
7.94635,0.0308649
7.94636,0.0308817
7.94748,0.0308965
7.94749,0.0309095
7.9486,0.0309208
7.94861,0.0309307
7.94985,0.0309393
7.94986,0.0309469
7.95098,0.0309536
7.95099,0.0309594
7.9521,0.0309644
7.95211,0.0309689
7.95323,0.0309728
7.95324,0.0309762
7.95435,0.0309792
7.95436,0.0309818
7.9556,0.030984
7.95561,0.030986
7.9566,0.0309878
7.95661,0.0309893
7.95785,0.0309906
7.95786,0.0309918
7.95898,0.0308678
7.95899,0.0307594
7.9601,0.0307894
7.96011,0.0308158
7.96123,0.0308388
7.96124,0.0308589
7.96235,0.0308766
7.96236,0.030892
7.96348,0.0309055
7.96349,0.0309173
7.96473,0.0309276
7.96474,0.0309367
7.96585,0.0309446
7.96586,0.0309515
7.96698,0.0308326
7.96699,0.0307285
7.9681,0.0307624
7.96811,0.0307921
7.96923,0.0308181
7.96924,0.0308409
7.97035,0.0308607
7.97036,0.0308782
7.97148,0.0308934
7.97149,0.0309067
7.97273,0.0309184
7.97274,0.0309286
7.97385,0.0309375
7.97386,0.0309453
7.97498,0.0308272
7.97499,0.0307238
7.9761,0.0307583
7.97611,0.0307885
7.97723,0.0308149
7.97724,0.0308381
7.97835,0.0308583
7.97836,0.030876
7.9796,0.0308915
7.97961,0.0309051
7.98073,0.0309169
7.98074,0.0309273
7.98185,0.0309364
7.98186,0.0309444
7.98298,0.0308263
7.98299,0.030723
7.9841,0.0307576
7.98411,0.0307879
7.98523,0.0308144
7.98524,0.0308376
7.98635,0.0308579
7.98636,0.0308757
7.9876,0.0308912
7.98761,0.0309048
7.98873,0.0309167
7.98874,0.0309271
7.98985,0.0309362
7.98986,0.0309442
7.99098,0.0308262
7.99099,0.0307229
7.9921,0.0307575
7.99211,0.0307879
7.99323,0.0308144
7.99324,0.0308376
7.99448,0.0308579
7.99449,0.0308756
7.9956,0.0308912
7.99561,0.0309048
7.99673,0.0309167
7.99674,0.0309271
7.99785,0.0309362
7.99786,0.0309442
7.99898,0.0308262
7.99899,0.0307229
8.0001,0.0307575
8.00011,0.0307878
8.00123,0.0308144
8.00124,0.0308376
8.00248,0.0308579
8.00249,0.0308756
8.0036,0.0308912
8.00361,0.0309048
8.00473,0.0309167
8.00474,0.0309271
8.00585,0.0309362
8.00586,0.0309442
8.00698,0.0308262
8.00699,0.0307229
8.0081,0.0307575
8.00811,0.0307878
8.00935,0.0308144
8.00936,0.0308376
8.01048,0.0308579
8.01049,0.0308756
8.0116,0.0308912
8.01161,0.0309048
8.01273,0.0309167
8.01274,0.0309271
8.01385,0.0309362
8.01386,0.0309442
8.01498,0.0308262
8.01499,0.0307229
8.0161,0.0307575
8.01611,0.0307878
8.01735,0.0308144
8.01736,0.0308376
8.01848,0.0308579
8.01849,0.0308756
8.0196,0.0308912
8.01961,0.0309048
8.02073,0.0309167
8.02074,0.0309271
8.02185,0.0309362
8.02186,0.0309442
8.02298,0.0308262
8.02299,0.0307229
8.02423,0.0307575
8.02424,0.0307878
8.02535,0.0308144
8.02536,0.0308376
8.02648,0.0308579
8.02649,0.0308756
8.0276,0.0308912
8.02761,0.0309048
8.02873,0.0309167
8.02874,0.0309271
8.02985,0.0309362
8.02986,0.0309442
8.0311,0.0309512
8.03111,0.0309573
8.03223,0.0309626
8.03224,0.0309673
8.03335,0.0309714
8.03336,0.0309749
8.03448,0.0309781
8.03449,0.0309808
8.0356,0.0309832
8.03561,0.0309853
8.03673,0.0309871
8.03674,0.0309888
8.03785,0.0309902
8.03786,0.0309914
8.0391,0.0309925
8.03911,0.0309934
8.04023,0.0309942
8.04024,0.030995
8.04135,0.0309956
8.04136,0.0309961
8.04248,0.0309966
8.04249,0.030997
8.0436,0.0309974
8.04361,0.0309977
8.04473,0.030998
8.04474,0.0309983
8.04598,0.0309985
8.04599,0.0309987
8.0471,0.0309988
8.04711,0.030999
8.04823,0.0309991
8.04824,0.0309992
8.04935,0.0309993
8.04936,0.0309994
8.05048,0.0309995
8.05049,0.0309995
8.0516,0.0309996
8.05161,0.0309996
8.05273,0.0309997
8.05274,0.0309997
8.05398,0.0309998
8.05399,0.0309998
8.0551,0.0309998
8.05511,0.0309998
8.05623,0.0309999
8.05624,0.0309999
8.05735,0.0309999
8.05736,0.0309999
8.05848,0.0309999
8.05849,0.0309999
8.0596,0.0309999
8.05961,0.0309999
8.06085,0.0311249
8.06086,0.0311093
8.06198,0.0312207
8.06199,0.0310681
8.0631,0.0311846
8.06311,0.0311615
8.06423,0.0312663
8.06424,0.031233
8.06535,0.0313289
8.06536,0.0312878
8.06648,0.0313768
8.06649,0.0313297
8.0676,0.0314135
8.06761,0.0313618
8.06885,0.0314416
8.06886,0.0313864
8.06998,0.0314631
8.06999,0.0312802
8.0711,0.0313702
8.07111,0.0313239
8.07223,0.0314084
8.07224,0.0313574
8.07335,0.0314377
8.07336,0.031383
8.07448,0.0314601
8.07449,0.0314026
8.07573,0.0314773
8.07574,0.0314176
8.07685,0.0314904
8.07686,0.0314291
8.07798,0.0315005
8.07799,0.0313129
8.0791,0.0313988
8.07911,0.0313489
8.08023,0.0314303
8.08024,0.0313765
8.08135,0.0314545
8.08136,0.0313977
8.08248,0.031473
8.08249,0.0314138
8.08373,0.0314871
8.08374,0.0314262
8.08498,0.0314979
8.08499,0.0314357
8.08598,0.0315062
8.08599,0.031318
8.0871,0.0314032
8.08711,0.0313528
8.08823,0.0314337
8.08824,0.0313795
8.08935,0.0314571
8.08936,0.0313999
8.0906,0.0314749
8.09061,0.0314156
8.09173,0.0314886
8.09174,0.0314275
8.09285,0.0314991
8.09286,0.0314367
8.09398,0.0315071
8.09399,0.0313187
8.0951,0.0314039
8.09511,0.0313534
8.09623,0.0314342
8.09624,0.0313799
8.09748,0.0314575
8.09749,0.0314003
8.0986,0.0314752
8.09861,0.0314158
8.09973,0.0314889
8.09974,0.0314277
8.10085,0.0314993
8.10086,0.0314369
8.10198,0.0315073
8.10199,0.0313189
8.1031,0.031404
8.10311,0.0313535
8.10423,0.0314343
8.10424,0.03138
8.1056,0.0314575
8.10561,0.0314003
8.1066,0.0314753
8.10661,0.0314159
8.10773,0.0314889
8.10774,0.0314278
8.10885,0.0314993
8.10886,0.0314369
8.10998,0.0315073
8.10999,0.0313189
8.1111,0.031404
8.11111,0.0313535
8.11235,0.0314343
8.11236,0.03138
8.11348,0.0314575
8.11349,0.0314003
8.1146,0.0314753
8.11461,0.0314159
8.11573,0.0314889
8.11574,0.0314278
8.11685,0.0314993
8.11686,0.0314369
8.11798,0.0315073
8.11799,0.0313189
8.1191,0.031404
8.11911,0.0313535
8.12035,0.0314343
8.12036,0.03138
8.12148,0.0314575
8.12149,0.0314003
8.1226,0.0314753
8.12261,0.0314159
8.12373,0.0314889
8.12374,0.0314278
8.12498,0.0314993
8.12499,0.0314369
8.12598,0.0315073
8.12599,0.0313189
8.12723,0.031404
8.12724,0.0313535
8.12835,0.0314343
8.12836,0.03138
8.12948,0.0314575
8.12949,0.0314003
8.1306,0.0314753
8.13061,0.0314159
8.13173,0.0314889
8.13174,0.0314278
8.13285,0.0314993
8.13286,0.0314369
8.13398,0.0315073
8.13399,0.0313189
8.13523,0.031404
8.13524,0.0313535
8.13635,0.0314343
8.13636,0.03138
8.13748,0.0314575
8.13749,0.0314003
8.1386,0.0314753
8.13861,0.0314159
8.13973,0.0314889
8.13974,0.0314278
8.14085,0.0314993
8.14086,0.0314369
8.1421,0.0316323
8.14211,0.0315532
8.14323,0.0316091
8.14324,0.031533
8.14435,0.0315913
8.14436,0.0315174
8.1456,0.0315777
8.14561,0.0315055
8.1466,0.0315673
8.14661,0.0314964
8.14773,0.0315594
8.14774,0.0314894
8.14885,0.0315533
8.14886,0.0314841
8.1501,0.0316736
8.15011,0.0315894
8.15123,0.0316407
8.15124,0.0315606
8.15235,0.0316155
8.15236,0.0315386
8.15348,0.0315963
8.15349,0.0315217
8.1546,0.0315815
8.15461,0.0315088
8.15573,0.0315702
8.15574,0.0314989
8.15698,0.0315616
8.15699,0.0314914
8.1581,0.03168
8.15811,0.031595
8.15923,0.0316456
8.15924,0.0315649
8.16035,0.0316193
8.16036,0.0315419
8.16148,0.0315991
8.16149,0.0315242
8.1626,0.0315837
8.16261,0.0315107
8.16373,0.0315719
8.16374,0.0315004
8.16498,0.0315629
8.16499,0.0314925
8.1661,0.0316809
8.16611,0.0315958
8.16723,0.0316463
8.16724,0.0315656
8.16835,0.0316199
8.16836,0.0315424
8.16948,0.0315996
8.16949,0.0315246
8.1706,0.0315841
8.17061,0.031511
8.17185,0.0315722
8.17186,0.0315006
8.17298,0.0315631
8.17299,0.0313677
8.1741,0.0314467
8.17411,0.0313909
8.17523,0.031467
8.17524,0.0314086
8.17635,0.0314826
8.17636,0.0314222
8.17748,0.0314945
8.17749,0.0314327
8.17873,0.0315036
8.17874,0.0314406
8.17985,0.0315105
8.17986,0.0314467
8.18098,0.0315159
8.18099,0.0313264
8.1821,0.0314106
8.18211,0.0313593
8.18323,0.0314394
8.18324,0.0313844
8.18435,0.0314614
8.18436,0.0314037
8.1856,0.0314782
8.18561,0.0314185
8.18673,0.0314912
8.18674,0.0314298
8.18785,0.031501
8.18786,0.0314384
8.18898,0.0315086
8.18899,0.03157
8.1901,0.0316238
8.19011,0.0316708
8.19123,0.031712
8.19124,0.031748
8.19235,0.0317795
8.19236,0.031807
8.1936,0.0318312
8.19361,0.0318523
8.19473,0.0318707
8.19474,0.0318869
8.19585,0.031901
8.19586,0.0319134
8.19698,0.0319242
8.19699,0.0319337
8.1981,0.031942
8.19811,0.0319492
8.19923,0.0319556
8.19924,0.0319611
8.20035,0.031966
8.20036,0.0319702
8.2016,0.031974
8.20161,0.0319772
8.20273,0.0319801
8.20274,0.0319826
8.20385,0.0319847
8.20386,0.0319866
8.20498,0.0319883
8.20499,0.0319898
8.2061,0.0319911
8.20611,0.0319922
8.20723,0.0319931
8.20724,0.031994
8.20848,0.0319948
8.20849,0.0319954
8.2096,0.031996
8.20961,0.0319965
8.21073,0.0319969
8.21074,0.0319973
8.21185,0.0319976
8.21186,0.0319979
8.21298,0.0319982
8.21299,0.0319984
8.2141,0.0319986
8.21411,0.0319988
8.21523,0.0319989
8.21524,0.0319991
8.21648,0.0319992
8.21649,0.0319993
8.2176,0.0319994
8.21761,0.0319995
8.21873,0.0319995
8.21874,0.0319996
8.21985,0.0319996
8.21986,0.0319997
8.22098,0.0319997
8.22099,0.0319998
8.2221,0.0319998
8.22211,0.0319998
8.22335,0.0319998
8.22336,0.0319999
8.22448,0.0319999
8.22449,0.0319999
8.2256,0.0319999
8.22561,0.0319999
8.22673,0.0319999
8.22674,0.0319999
8.22785,0.0319999
8.22786,0.0319999
8.22898,0.032
8.22899,0.032
8.2301,0.032
8.23011,0.032
8.23135,0.032
8.23136,0.032
8.23248,0.032
8.23249,0.032
8.2336,0.032
8.23361,0.032
8.23473,0.032
8.23474,0.032
8.23585,0.032
8.23586,0.032
8.23698,0.032
8.23699,0.032
8.23823,0.032
8.23824,0.032
8.23935,0.032
8.2451,0.032125
8.24511,0.0322344
8.24623,0.0322051
8.24624,0.0321794
8.24735,0.032157
8.24736,0.0321374
8.24848,0.0321202
8.24849,0.0321052
8.2496,0.032092
8.24961,0.0320805
8.25073,0.0320705
8.25074,0.0320617
8.25185,0.0320539
8.25186,0.0320472
8.2531,0.0321663
8.25311,0.0322705
8.25423,0.0322367
8.25424,0.0322071
8.25535,0.0321812
8.25536,0.0321586
8.25648,0.0321387
8.25649,0.0321214
8.2576,0.0321062
8.25761,0.0320929
8.25873,0.0320813
8.25874,0.0320712
8.25998,0.0320623
8.25999,0.0320545
8.2611,0.0321727
8.26111,0.0322761
8.26223,0.0322416
8.26224,0.0322114
8.26335,0.032185
8.26336,0.0321618
8.26448,0.0321416
8.26449,0.0321239
8.2656,0.0321084
8.26561,0.0320949
8.26673,0.032083
8.26674,0.0320726
8.26798,0.0320636
8.26799,0.0320556
8.2691,0.0321737
8.26911,0.0322769
8.27023,0.0322423
8.27024,0.032212
8.27135,0.0321855
8.27136,0.0321623
8.27248,0.032142
8.27249,0.0321243
8.2736,0.0321088
8.27361,0.0320952
8.27498,0.0320833
8.27499,0.0320729
8.27598,0.0320637
8.27599,0.0320558
8.2771,0.0320488
8.27711,0.0320427
8.27823,0.0320374
8.27824,0.0320327
8.27935,0.0320286
8.27936,0.032025
8.28048,0.0320219
8.28049,0.0320192
8.2816,0.0320168
8.28161,0.0320147
8.28285,0.0320128
8.28286,0.0320112
8.28398,0.0320098
8.28399,0.0320086
8.2851,0.0320075
8.28511,0.0320066
8.28623,0.0320058
8.28624,0.032005
8.28735,0.0320044
8.28736,0.0320039
8.28848,0.0320034
8.28849,0.032003
8.28973,0.0320026
8.28974,0.0320023
8.29085,0.032002
8.29086,0.0320017
8.29198,0.0320015
8.29199,0.0320013
8.2931,0.0320012
8.29311,0.032001
8.29423,0.0320009
8.29424,0.0320008
8.29535,0.0320007
8.29536,0.0320006
8.29648,0.0320005
8.29649,0.0320005
8.29773,0.0320004
8.29774,0.0320003
8.29885,0.0320003
8.29886,0.0320003
8.29998,0.0320002
8.29999,0.0320002
8.3011,0.0320002
8.30111,0.0320002
8.30223,0.0320001
8.30224,0.0320001
8.30335,0.0320001
8.30336,0.0320001
8.3046,0.0320001
8.30461,0.0320001
8.30573,0.0320001
8.30574,0.0320001
8.30685,0.032
8.30686,0.032
8.30798,0.032
8.30799,0.032
8.3091,0.032
8.30911,0.032
8.31023,0.032
8.31024,0.032
8.31135,0.032
8.31136,0.032
8.3126,0.032
8.31261,0.032
8.31373,0.032
8.31374,0.032
8.31498,0.032
8.31499,0.032
8.31598,0.032
8.31599,0.032
8.3171,0.032
8.32635,0.032125
8.32636,0.0321094
8.32748,0.0322207
8.32749,0.0321931
8.3286,0.032294
8.32861,0.0322572
8.32973,0.0323501
8.32974,0.0323063
8.33085,0.032393
8.33086,0.0323439
8.33198,0.0324259
8.33199,0.0323727
8.3331,0.0325761
8.33311,0.0325041
8.33435,0.0325661
8.33436,0.0324953
8.3356,0.0325584
8.33561,0.0324886
8.3366,0.0325525
8.33661,0.0324835
8.33773,0.032548
8.33774,0.0324795
8.33885,0.0325446
8.33886,0.0324765
8.33998,0.0325419
8.33999,0.0324742
8.34123,0.0326649
8.34124,0.0325818
8.34235,0.0326341
8.34236,0.0325548
8.34348,0.0326105
8.34349,0.0325342
8.3446,0.0325924
8.34461,0.0325183
8.34573,0.0325785
8.34574,0.0325062
8.34685,0.0325679
8.34686,0.032497
8.34798,0.0325598
8.34799,0.0324899
8.34923,0.0326786
8.34924,0.0325938
8.35035,0.0326446
8.35036,0.032564
8.35148,0.0326185
8.35149,0.0325412
8.3526,0.0325985
8.35261,0.0325237
8.35373,0.0325833
8.35374,0.0325103
8.35498,0.0325716
8.35499,0.0325001
8.3561,0.0326876
8.35611,0.0327266
8.35723,0.0328858
8.35724,0.0327751
8.35835,0.0328032
8.35836,0.0327028
8.35948,0.0327399
8.35949,0.0326475
8.3606,0.0326915
8.36061,0.0326051
8.36173,0.0326544
8.36174,0.0325726
8.36285,0.0326261
8.36286,0.0325478
8.3641,0.0327293
8.36411,0.0327632
8.36523,0.0329178
8.36524,0.032803
8.36635,0.0328277
8.36636,0.0327242
8.36748,0.0327587
8.36749,0.0326638
8.3686,0.0327059
8.36861,0.0326176
8.36973,0.0326654
8.36974,0.0325822
8.37098,0.0326345
8.37099,0.0325552
8.3721,0.0327358
8.37211,0.0327688
8.37323,0.0329227
8.37324,0.0328074
8.37435,0.0328314
8.37436,0.0327275
8.3756,0.0327616
8.37561,0.0326664
8.3766,0.0327081
8.37661,0.0326196
8.37773,0.0326671
8.37774,0.0325837
8.37898,0.0326358
8.37899,0.0325563
8.3801,0.0327368
8.38011,0.0327697
8.38123,0.0329234
8.38124,0.032808
8.38235,0.032832
8.38236,0.032728
8.38348,0.032762
8.38349,0.0326668
8.3846,0.0327084
8.38461,0.0326199
8.38585,0.0326674
8.38586,0.032584
8.38698,0.032636
8.38699,0.0325565
8.3881,0.0327369
8.38811,0.0326448
8.38923,0.0326892
8.38924,0.032603
8.39035,0.0326527
8.39036,0.0325711
8.39148,0.0326247
8.39149,0.0325466
8.39273,0.0326033
8.39274,0.0325279
8.39385,0.0325869
8.39386,0.0325135
8.39498,0.0325743
8.39499,0.0325025
8.3961,0.0326897
8.39611,0.0326035
8.39723,0.0326531
8.39724,0.0325714
8.39835,0.032625
8.39836,0.0325469
8.39948,0.0326035
8.39949,0.0325281
8.40073,0.0325871
8.40074,0.0325137
8.40185,0.0325745
8.40186,0.0325027
8.40298,0.0325648
8.40299,0.0324942
8.4041,0.0326824
8.40411,0.0325971
8.40523,0.0326475
8.40524,0.0325666
8.40635,0.0326207
8.40636,0.0325431
8.4076,0.0326003
8.40761,0.0325252
8.40873,0.0325846
8.40874,0.0325115
8.40985,0.0325726
8.40986,0.032501
8.41098,0.0325634
8.41099,0.0324929
8.4121,0.0326813
8.41211,0.0325962
8.41323,0.0326466
8.41324,0.0325658
8.41435,0.0326201
8.41436,0.0325426
8.4156,0.0325997
8.41561,0.0325248
8.41673,0.0325842
8.41674,0.0325112
8.41785,0.0325723
8.41786,0.0325007
8.41898,0.0325631
8.41899,0.0324927
8.4201,0.0326812
8.42011,0.032596
8.42123,0.0326465
8.42124,0.0325657
8.42248,0.03262
8.42249,0.0325425
8.4236,0.0325997
8.42361,0.0325247
8.42473,0.0325841
8.42474,0.0325111
8.42585,0.0325722
8.42586,0.0325007
8.42698,0.0325631
8.42699,0.0324927
8.4281,0.0326811
8.42811,0.032596
8.42923,0.0326465
8.42924,0.0325657
8.43048,0.03262
8.43049,0.0325425
8.4316,0.0325997
8.43161,0.0325247
8.43273,0.0325841
8.43274,0.0325111
8.43385,0.0325722
8.43386,0.0325007
8.43498,0.0325631
8.43499,0.0324927
8.4361,0.0326811
8.43611,0.032596
8.43735,0.0326465
8.43736,0.0325657
8.43848,0.03262
8.43849,0.0325425
8.4396,0.0325997
8.43961,0.0325247
8.44073,0.0325841
8.44074,0.0325111
8.44185,0.0325722
8.44186,0.0325007
8.44298,0.0325631
8.44299,0.0324927
8.4441,0.0326811
8.44411,0.032596
8.44535,0.0326465
8.44536,0.0325657
8.44648,0.03262
8.44649,0.0325425
8.4476,0.0325997
8.44761,0.0325247
8.44873,0.0325841
8.44874,0.0325111
8.44985,0.0325722
8.44986,0.0325007
8.45098,0.0325631
8.45099,0.0324927
8.45223,0.0326811
8.45224,0.032596
8.45335,0.0326465
8.45336,0.0325657
8.45448,0.03262
8.45449,0.0325425
8.4556,0.0325997
8.45561,0.0325247
8.45673,0.0325841
8.45674,0.0325111
8.45785,0.0325722
8.45786,0.0325007
8.45898,0.0325631
8.45899,0.0324927
8.46023,0.0326811
8.46024,0.032596
8.46135,0.0326465
8.46136,0.0325657
8.46248,0.03262
8.46249,0.0325425
8.4636,0.0325997
8.46361,0.0325247
8.46473,0.0325841
8.46474,0.0325111
8.46585,0.0325722
8.46586,0.0325007
8.4671,0.0326881
8.46711,0.0327271
8.46823,0.0328862
8.46824,0.0327754
8.46935,0.0328035
8.46936,0.0327031
8.47048,0.0327402
8.47049,0.0326477
8.4716,0.0326917
8.47161,0.0326052
8.47273,0.0326546
8.47274,0.0325728
8.47398,0.0326262
8.47399,0.0325479
8.4751,0.0327294
8.47511,0.0328882
8.47623,0.0330272
8.47624,0.0331488
8.47735,0.0331302
8.47736,0.0331139
8.47848,0.0330997
8.47849,0.0330872
8.4796,0.0330763
8.47961,0.0330668
8.48073,0.0330584
8.48074,0.0330511
8.48198,0.0330447
8.48199,0.0330391
8.4831,0.0331593
8.48311,0.0332643
8.48423,0.0333563
8.48424,0.0334368
8.48535,0.0333822
8.48536,0.0333344
8.48648,0.0332926
8.48649,0.033256
8.4876,0.033224
8.48761,0.033196
8.48885,0.0331715
8.48886,0.0331501
8.48998,0.0331313
8.48999,0.0331149
8.4911,0.0332255
8.49111,0.0333223
8.49223,0.0334071
8.49224,0.0334812
8.49335,0.033421
8.49336,0.0333684
8.49448,0.0333223
8.49449,0.0332821
8.4956,0.0332468
8.49561,0.0332159
8.49685,0.033189
8.49686,0.0331653
8.49798,0.0331447
8.49799,0.0331266
8.4991,0.0332358
8.49911,0.0333313
8.50023,0.0332899
8.50024,0.0332536
8.50135,0.0332219
8.50136,0.0331942
8.50248,0.0331699
8.50249,0.0331487
8.50373,0.0331301
8.50374,0.0331138
8.50498,0.0330996
8.50499,0.0330872
8.50598,0.0330763
8.50599,0.0330667
8.5071,0.0331834
8.50711,0.0332855
8.50823,0.0332498
8.50824,0.0332186
8.50935,0.0331912
8.50936,0.0331673
8.51048,0.0331464
8.51049,0.0331281
8.51173,0.0331121
8.51174,0.0330981
8.51285,0.0330858
8.51286,0.0330751
8.51398,0.0330657
8.51399,0.0330575
8.5151,0.0331753
8.51511,0.0332784
8.51623,0.0332436
8.51624,0.0332131
8.51735,0.0331865
8.51736,0.0331632
8.5186,0.0331428
8.51861,0.0331249
8.51973,0.0331093
8.51974,0.0330957
8.52085,0.0330837
8.52086,0.0330732
8.52198,0.0330641
8.52199,0.0330561
8.5231,0.0331741
8.52311,0.0332773
8.52423,0.0332426
8.52424,0.0332123
8.52535,0.0331858
8.52536,0.0331625
8.5266,0.0331422
8.52661,0.0331245
8.52773,0.0331089
8.52774,0.0330953
8.52885,0.0330834
8.52886,0.0330729
8.52998,0.0330638
8.52999,0.0330559
8.5311,0.0331739
8.53111,0.0332771
8.53223,0.0332425
8.53224,0.0332122
8.53348,0.0331857
8.53349,0.0331625
8.5346,0.0331421
8.53461,0.0331244
8.53573,0.0331088
8.53574,0.0330952
8.53685,0.0330833
8.53686,0.0330729
8.53798,0.0330638
8.53799,0.0330558
8.5391,0.0331738
8.53911,0.0332771
8.54035,0.0332425
8.54036,0.0332122
8.54148,0.0331856
8.54149,0.0331624
8.5426,0.0331421
8.54261,0.0331244
8.54373,0.0331088
8.54374,0.0330952
8.54498,0.0330833
8.54499,0.0330729
8.54598,0.0330638
8.54599,0.0330558
8.5471,0.0331738
8.54711,0.0332771
8.54835,0.0332425
8.54836,0.0332122
8.54948,0.0331856
8.54949,0.0331624
8.5506,0.0331421
8.55061,0.0331244
8.55173,0.0331088
8.55174,0.0330952
8.55285,0.0330833
8.55286,0.0330729
8.55398,0.0330638
8.55399,0.0330558
8.55523,0.0331738
8.55524,0.0332771
8.55635,0.0332425
8.55636,0.0332122
8.55748,0.0331856
8.55749,0.0331624
8.5586,0.0331421
8.55861,0.0331244
8.55973,0.0331088
8.55974,0.0330952
8.56085,0.0330833
8.56086,0.0330729
8.56198,0.0330638
8.56199,0.0330558
8.56323,0.0331738
8.56324,0.0332771
8.56435,0.0332425
8.56436,0.0332122
8.5656,0.0331856
8.56561,0.0331624
8.5666,0.0331421
8.56661,0.0331244
8.56773,0.0331088
8.56774,0.0330952
8.56885,0.0330833
8.56886,0.0330729
8.5701,0.0331888
8.57011,0.0332902
8.57123,0.0333789
8.57124,0.0334565
8.57235,0.0333995
8.57236,0.0333495
8.57348,0.0333059
8.57349,0.0332676
8.5746,0.0332342
8.57461,0.0332049
8.57573,0.0331793
8.57574,0.0331569
8.57685,0.0331373
8.57686,0.0331201
8.5781,0.0332301
8.57811,0.0333263
8.57923,0.0334105
8.57924,0.0334842
8.58035,0.0334237
8.58036,0.0333707
8.58148,0.0333244
8.58149,0.0332838
8.5826,0.0332484
8.58261,0.0332173
8.58373,0.0331901
8.58374,0.0331664
8.58498,0.0331456
8.58499,0.0331274
8.5861,0.0332365
8.58611,0.0333319
8.58723,0.0334154
8.58724,0.0334885
8.58835,0.0334274
8.58836,0.033374
8.58948,0.0333272
8.58949,0.0332863
8.5906,0.0332505
8.59061,0.0332192
8.59173,0.0331918
8.59174,0.0331678
8.59298,0.0331469
8.59299,0.0331285
8.5941,0.0332374
8.59411,0.0333328
8.59523,0.0334162
8.59524,0.0334891
8.59635,0.033428
8.59636,0.0333745
8.59748,0.0333277
8.59749,0.0332867
8.5986,0.0332509
8.59861,0.0332195
8.59985,0.0331921
8.59986,0.0331681
8.60098,0.0331471
8.60099,0.0331287
8.6021,0.0332376
8.60211,0.0333329
8.60323,0.0332913
8.60324,0.0332549
8.60435,0.033223
8.60436,0.0331951
8.6056,0.0331707
8.60561,0.0331494
8.6066,0.0331307
8.60661,0.0331144
8.60785,0.0331001
8.60786,0.0330876
8.60898,0.0330766
8.60899,0.033067
8.6101,0.0331837
8.61011,0.0332857
8.61123,0.03325
8.61124,0.0332187
8.61235,0.0331914
8.61236,0.0331675
8.61348,0.0331465
8.61349,0.0331282
8.61473,0.0331122
8.61474,0.0330982
8.61585,0.0330859
8.61586,0.0330752
8.61698,0.0330658
8.61699,0.0330575
8.6181,0.0331753
8.61811,0.0332784
8.61923,0.0332436
8.61924,0.0332132
8.62035,0.0331865
8.62036,0.0331632
8.6216,0.0331428
8.62161,0.033125
8.62273,0.0331093
8.62274,0.0330957
8.62385,0.0330837
8.62386,0.0330732
8.62498,0.0330641
8.62499,0.0330561
8.6261,0.0331741
8.62611,0.0332773
8.62723,0.0332426
8.62724,0.0332123
8.62835,0.0331858
8.62836,0.0331626
8.6296,0.0331422
8.62961,0.0331245
8.63073,0.0331089
8.63074,0.0330953
8.63185,0.0330834
8.63186,0.033073
8.63298,0.0330638
8.63299,0.0330559
8.6341,0.0331739
8.63411,0.0332771
8.63523,0.0332425
8.63524,0.0332122
8.63648,0.0331857
8.63649,0.0331625
8.6376,0.0331421
8.63761,0.0331244
8.63873,0.0331088
8.63874,0.0330952
8.63985,0.0332083
8.63986,0.0331823
8.64098,0.0332845
8.64099,0.0332489
8.6421,0.0334678
8.64211,0.0335343
8.64323,0.0337175
8.64324,0.0336279
8.64448,0.0336744
8.64449,0.0335901
8.6456,0.0336413
8.64561,0.0335611
8.64673,0.033616
8.64674,0.033539
8.64785,0.0335966
8.64786,0.033522
8.64898,0.0335818
8.64899,0.0335091
8.6501,0.0336954
8.65011,0.0337335
8.65135,0.0338918
8.65136,0.0337803
8.65248,0.0338078
8.65249,0.0337068
8.6536,0.0337435
8.65361,0.0336505
8.65473,0.0336942
8.65474,0.0336074
8.65585,0.0336565
8.65586,0.0335744
8.65698,0.0336276
8.65699,0.0335492
8.6581,0.0337305
8.65811,0.0337642
8.65935,0.0339187
8.65936,0.0338039
8.66048,0.0338284
8.66049,0.0337248
8.6616,0.0337592
8.66161,0.0336643
8.66273,0.0337063
8.66274,0.033618
8.66385,0.0336657
8.66386,0.0335825
8.66498,0.0336347
8.66499,0.0335554
8.66623,0.0337359
8.66624,0.033769
8.66735,0.0339228
8.66736,0.0338075
8.66848,0.0338315
8.66849,0.0337276
8.6696,0.0337616
8.66961,0.0336664
8.67073,0.0337081
8.67074,0.0336196
8.67185,0.0336672
8.67186,0.0335838
8.67298,0.0336358
8.67299,0.0335563
8.67423,0.0337368
8.67424,0.0337697
8.67535,0.0339235
8.67536,0.033808
8.67648,0.033832
8.67649,0.033728
8.6776,0.033762
8.67761,0.0336668
8.67873,0.0337084
8.67874,0.0336199
8.67985,0.0336674
8.67986,0.033584
8.6811,0.033761
8.68111,0.0337908
8.68223,0.033942
8.68224,0.0339492
8.68335,0.0340806
8.68336,0.0339455
8.68448,0.0339523
8.68449,0.0338333
8.6856,0.0338541
8.68561,0.0337474
8.68673,0.0337789
8.68674,0.0336816
8.68798,0.0337214
8.68799,0.0336312
8.6891,0.0338023
8.68911,0.033827
8.69023,0.0339736
8.69024,0.0339769
8.69135,0.0341048
8.69136,0.0339667
8.69248,0.0339709
8.69249,0.0338495
8.6936,0.0338683
8.69361,0.0337598
8.69473,0.0337898
8.69474,0.0336911
8.69598,0.0337297
8.69599,0.0336385
8.6971,0.0338087
8.69711,0.0338326
8.69823,0.0339785
8.69824,0.0339812
8.69935,0.0341085
8.69936,0.03397
8.70048,0.0339737
8.70049,0.033852
8.7016,0.0338705
8.70161,0.0337617
8.70285,0.0337915
8.70286,0.0336925
8.70398,0.033731
8.70399,0.0336396
8.7051,0.0338097
8.70511,0.0338334
8.70623,0.0339793
8.70624,0.0339819
8.70735,0.0341091
8.70736,0.0339705
8.70848,0.0339742
8.70849,0.0338524
8.7096,0.0338709
8.70961,0.033762
8.71085,0.0337917
8.71086,0.0336928
8.71198,0.0337312
8.71199,0.0336398
8.7131,0.0338098
8.71311,0.0338336
8.71423,0.0339794
8.71424,0.033857
8.71535,0.0338748
8.71536,0.0337655
8.71648,0.0337948
8.71649,0.0336954
8.71773,0.0337335
8.71774,0.0336418
8.71885,0.0336866
8.71886,0.0336008
8.71998,0.0336507
8.71999,0.0335693
8.7211,0.0337482
8.72111,0.0337797
8.72223,0.0339322
8.72224,0.0338157
8.72335,0.0338387
8.72336,0.0337339
8.72448,0.0337671
8.72449,0.0336712
8.72573,0.0337123
8.72574,0.0336233
8.72685,0.0336704
8.72686,0.0335866
8.72798,0.0336383
8.72799,0.0335585
8.7291,0.0337387
8.72911,0.0337713
8.73023,0.0339249
8.73024,0.0338093
8.73135,0.0338331
8.73136,0.033729
8.7326,0.0337629
8.73261,0.0336675
8.73373,0.0337091
8.73374,0.0336204
8.73498,0.0336679
8.73499,0.0335844
8.73598,0.0336363
8.73599,0.0335568
8.7371,0.0337372
8.73711,0.0337701
8.73823,0.0339238
8.73824,0.0338083
8.73935,0.0338323
8.73936,0.0337282
8.7406,0.0337622
8.74061,0.0336669
8.74173,0.0337086
8.74174,0.03362
8.74285,0.0336675
8.74286,0.0335841
8.74398,0.0336361
8.74399,0.0335565
8.7451,0.033737
8.74511,0.0337699
8.74623,0.0339236
8.74624,0.0338082
8.74748,0.0338321
8.74749,0.0337281
8.7486,0.0337621
8.74861,0.0336668
8.74973,0.0337085
8.74974,0.0336199
8.75085,0.0336674
8.75086,0.033584
8.75198,0.033636
8.75199,0.0335565
8.7531,0.0337369
8.75311,0.0337698
8.75423,0.0339236
8.75424,0.0338081
8.7556,0.0338321
8.75561,0.0337281
8.7566,0.0337621
8.75661,0.0336668
8.75773,0.0337085
8.75774,0.0336199
8.75885,0.0336674
8.75886,0.033584
8.75998,0.033636
8.75999,0.0335565
8.7611,0.0337369
8.76111,0.0337698
8.76235,0.0339236
8.76236,0.0338081
8.76348,0.0338321
8.76349,0.0337281
8.7646,0.0337621
8.76461,0.0336668
8.76573,0.0337085
8.76574,0.0336199
8.76685,0.0336674
8.76686,0.033584
8.76798,0.033636
8.76799,0.0335565
8.76923,0.0337369
8.76924,0.0337698
8.77035,0.0339236
8.77036,0.0338081
8.77148,0.0338321
8.77149,0.0337281
8.7726,0.0337621
8.77261,0.0336668
8.77373,0.0337085
8.77374,0.0336199
8.77498,0.0336674
8.77499,0.033584
8.77598,0.033636
8.77599,0.0335565
8.77723,0.0337369
8.77724,0.0337698
8.77835,0.0339236
8.77836,0.0338081
8.77948,0.0338321
8.77949,0.0337281
8.7806,0.0337621
8.78061,0.0336668
8.78173,0.0337085
8.78174,0.0336199
8.78285,0.0336674
8.78286,0.033584
8.7841,0.033761
8.78411,0.0337909
8.78523,0.033942
8.78524,0.0339493
8.78635,0.0340806
8.78636,0.0339455
8.78748,0.0339523
8.78749,0.0338333
8.7886,0.0338541
8.78861,0.0337474
8.78973,0.0337789
8.78974,0.0336816
8.79085,0.0337214
8.79086,0.0336312
8.7921,0.0338023
8.79211,0.033827
8.79323,0.0339736
8.79324,0.0339769
8.79435,0.0341048
8.79436,0.0339667
8.7956,0.0339709
8.79561,0.0338495
8.7966,0.0338683
8.79661,0.0337598
8.79773,0.0337898
8.79774,0.0336911
8.79898,0.0337297
8.79899,0.0336385
8.8001,0.0338087
8.80011,0.0338326
8.80123,0.0339785
8.80124,0.0339812
8.80235,0.0341085
8.80236,0.03422
8.80348,0.0341925
8.80349,0.0341684
8.8046,0.0341474
8.80461,0.0341289
8.80573,0.0341128
8.80574,0.0340987
8.80698,0.0340864
8.80699,0.0340756
8.8081,0.0341911
8.80811,0.0342922
8.80923,0.0343807
8.80924,0.0344581
8.81035,0.0345259
8.81036,0.0345851
8.81148,0.034512
8.81149,0.034448
8.8126,0.034392
8.81261,0.034343
8.81385,0.0343001
8.81386,0.0342626
8.81498,0.0342298
8.81499,0.0342011
8.8161,0.0343009
8.81611,0.0343883
8.81723,0.0344648
8.81724,0.0345317
8.81835,0.0344652
8.81836,0.0344071
8.81948,0.0343562
8.81949,0.0343117
8.8206,0.0342727
8.82061,0.0342386
8.82185,0.0342088
8.82186,0.0341827
8.82298,0.0341598
8.82299,0.0341399
8.8241,0.0342474
8.82411,0.0343415
8.82523,0.0344238
8.82524,0.0344958
8.82635,0.0344338
8.82636,0.0343796
8.82748,0.0343321
8.82749,0.0342906
8.82873,0.0342543
8.82874,0.0342225
8.82985,0.0341947
8.82986,0.0341704
8.83098,0.0341491
8.83099,0.0341304
8.8321,0.0342391
8.83211,0.0343342
8.83323,0.0344175
8.83324,0.0344903
8.83435,0.034429
8.83436,0.0343754
8.8356,0.0343284
8.83561,0.0342874
8.83673,0.0342515
8.83674,0.03422
8.83785,0.0341925
8.83786,0.0341685
8.83898,0.0341474
8.83899,0.034129
8.8401,0.0342379
8.84011,0.0343331
8.84123,0.0344165
8.84124,0.0344894
8.84235,0.0344282
8.84236,0.0343747
8.8436,0.0343279
8.84361,0.0342869
8.84473,0.034251
8.84474,0.0342196
8.84585,0.0341922
8.84586,0.0341682
8.84698,0.0341471
8.84699,0.0341288
8.8481,0.0342377
8.84811,0.034333
8.84923,0.0344163
8.84924,0.0344893
8.85048,0.0344281
8.85049,0.0343746
8.8516,0.0343278
8.85161,0.0342868
8.85273,0.034251
8.85274,0.0342196
8.85385,0.0341921
8.85386,0.0341681
8.85498,0.0341471
8.85499,0.0341287
8.8561,0.0342376
8.85611,0.0343329
8.85723,0.0344163
8.85724,0.0344893
8.85848,0.0344281
8.85849,0.0343746
8.8596,0.0343278
8.85961,0.0342868
8.86073,0.0342509
8.86074,0.0342196
8.86185,0.0341921
8.86186,0.0341681
8.86298,0.0341471
8.86299,0.0341287
8.8641,0.0342376
8.86411,0.0343329
8.86535,0.0344163
8.86536,0.0344893
8.86648,0.0344281
8.86649,0.0343746
8.8676,0.0343278
8.86761,0.0342868
8.86873,0.0342509
8.86874,0.0342196
8.86985,0.0341921
8.86986,0.0341681
8.87098,0.0341471
8.87099,0.0341287
8.8721,0.0342376
8.87211,0.0343329
8.87335,0.0344163
8.87336,0.0344893
8.87448,0.0344281
8.87449,0.0343746
8.8756,0.0343278
8.87561,0.0342868
8.87673,0.0342509
8.87674,0.0342196
8.87785,0.0341921
8.87786,0.0341681
8.87898,0.0341471
8.87899,0.0341287
8.88023,0.0342376
8.88024,0.0343329
8.88135,0.0344163
8.88136,0.0344893
8.88248,0.0344281
8.88249,0.0343746
8.8836,0.0343278
8.88361,0.0342868
8.88473,0.0342509
8.88474,0.0342196
8.88585,0.0341921
8.88586,0.0341681
8.88698,0.0341471
8.88699,0.0341287
8.88823,0.0342376
8.88824,0.0343329
8.88935,0.0344163
8.88936,0.0344893
8.89048,0.0344281
8.89049,0.0343746
8.8916,0.0343278
8.89161,0.0342868
8.89273,0.0342509
8.89274,0.0342196
8.89385,0.0341921
8.89386,0.0341681
8.8951,0.0342721
8.89511,0.0343631
8.89623,0.0344427
8.89624,0.0345124
8.89735,0.0345733
8.89736,0.0346267
8.89848,0.0345483
8.89849,0.0344798
8.8996,0.0344198
8.89961,0.0343673
8.90073,0.0343214
8.90074,0.0342812
8.90185,0.0342461
8.90186,0.0342153
8.9031,0.0343134
8.90311,0.0343992
8.90423,0.0344743
8.90424,0.03454
8.90535,0.0345975
8.90536,0.0346478
8.90648,0.0345669
8.90649,0.034496
8.9076,0.034434
8.90761,0.0343797
8.90873,0.0343323
8.90874,0.0342907
8.90998,0.0342544
8.90999,0.0342226
8.9111,0.0343198
8.91111,0.0344048
8.91223,0.0344792
8.91224,0.0345443
8.91335,0.0346013
8.91336,0.0346511
8.91448,0.0345697
8.91449,0.0344985
8.9156,0.0344362
8.91561,0.0343817
8.91685,0.034334
8.91686,0.0342922
8.91798,0.0342557
8.91799,0.0342237
8.9191,0.0343208
8.91911,0.0344057
8.92023,0.03448
8.92024,0.034545
8.92135,0.0346018
8.92136,0.0346516
8.92248,0.0345702
8.92249,0.0344989
8.9236,0.0344365
8.92361,0.034382
8.92498,0.0343342
8.92499,0.0342924
8.92598,0.0342559
8.92599,0.0342239
8.9271,0.0343209
8.92711,0.0344058
8.92823,0.0344801
8.92824,0.0345451
8.92935,0.0344769
8.92936,0.0344173
8.93048,0.0343651
8.93049,0.0343195
8.93173,0.0344046
8.93174,0.034354
8.93285,0.0344347
8.93286,0.0343804
8.93398,0.0344578
8.93399,0.0344006
8.9351,0.0346005
8.93511,0.0346505
8.93623,0.0348192
8.93624,0.0348418
8.93735,0.0349865
8.93736,0.0348632
8.93848,0.0348803
8.93849,0.0347703
8.93973,0.034799
8.93974,0.0346991
8.94085,0.0347367
8.94086,0.0346446
8.94198,0.0346891
8.94199,0.0346029
8.9431,0.0347776
8.94311,0.0348054
8.94423,0.0349547
8.94424,0.0349604
8.94535,0.0350903
8.94536,0.034954
8.9466,0.0349598
8.94661,0.0348398
8.94773,0.0348598
8.94774,0.0347523
8.94885,0.0347833
8.94886,0.0346854
8.94998,0.0347247
8.94999,0.0346341
8.9511,0.0348049
8.95111,0.0348292
8.95223,0.0349756
8.95224,0.0349786
8.95335,0.0351063
8.95336,0.034968
8.9546,0.034972
8.95461,0.0348505
8.95573,0.0348692
8.95574,0.0347606
8.95685,0.0347905
8.95686,0.0346917
8.95798,0.0347302
8.95799,0.0346389
8.9591,0.0348091
8.95911,0.0348329
8.96023,0.0349788
8.96024,0.0349815
8.96148,0.0351088
8.96149,0.0349702
8.9626,0.0349739
8.96261,0.0348522
8.96373,0.0348706
8.96374,0.0347618
8.96498,0.0347916
8.96499,0.0346926
8.96598,0.0347311
8.96599,0.0346397
8.9671,0.0348097
8.96711,0.0348335
8.96823,0.0349793
8.96824,0.0349819
8.96948,0.0351092
8.96949,0.0349705
8.9706,0.0349742
8.97061,0.0348524
8.97173,0.0348709
8.97174,0.034762
8.97285,0.0347918
8.97286,0.0346928
8.97398,0.0347312
8.97399,0.0346398
8.9751,0.0348098
8.97511,0.0348336
8.97635,0.0349794
8.97636,0.034982
8.97748,0.0351092
8.97749,0.0349706
8.9786,0.0349742
8.97861,0.0348525
8.97973,0.0348709
8.97974,0.034762
8.98085,0.0347918
8.98086,0.0346928
8.98198,0.0347312
8.98199,0.0346398
8.98323,0.0348098
8.98324,0.0348336
8.98435,0.0349794
8.98436,0.034982
8.9856,0.0351092
8.98561,0.0349706
8.9866,0.0349743
8.98661,0.0348525
8.98773,0.0348709
8.98774,0.034762
8.98885,0.0347918
8.98886,0.0346928
8.98998,0.0347312
8.98999,0.0346398
8.99123,0.0348098
8.99124,0.0348336
8.99235,0.0349794
8.99236,0.034982
8.99348,0.0351092
8.99349,0.0349706
8.9946,0.0349743
8.99461,0.0348525
8.99573,0.0348709
8.99574,0.034762
8.99685,0.0347918
8.99686,0.0346928
8.9981,0.0348562
8.99811,0.0348742
8.99923,0.0350149
8.99924,0.035013
9.00035,0.0351364
9.00036,0.0351194
9.00148,0.0352294
9.00149,0.0350758
9.0026,0.0350663
9.00261,0.034933
9.00373,0.0349414
9.00374,0.0348237
9.00498,0.0348457
9.00499,0.03474
9.0061,0.0348975
9.00611,0.0349103
9.00723,0.0350465
9.00724,0.0350407
9.00835,0.0351606
9.00836,0.0351406
9.00948,0.035248
9.00949,0.035092
9.0106,0.0350805
9.01061,0.0349454
9.01173,0.0349522
9.01174,0.0348332
9.01298,0.0348541
9.01299,0.0347473
9.0141,0.0349039
9.01411,0.0349159
9.01523,0.0350514
9.01524,0.035045
9.01635,0.0351644
9.01636,0.0351438
9.01748,0.0352508
9.01749,0.0350945
9.0186,0.0350827
9.01861,0.0349473
9.01973,0.0349539
9.01974,0.0348347
9.02098,0.0348553
9.02099,0.0347484
9.0221,0.0349049
9.02211,0.0349168
9.02323,0.0350522
9.02324,0.0350456
9.02435,0.0351649
9.02436,0.0351443
9.0256,0.0352513
9.02561,0.0350949
9.0266,0.035083
9.02661,0.0349476
9.02785,0.0349542
9.02786,0.0348349
9.02898,0.0348555
9.02899,0.0347486
9.0301,0.034905
9.03011,0.0349169
9.03123,0.0350523
9.03124,0.0350457
9.03235,0.035165
9.03236,0.0350194
9.03348,0.035017
9.03349,0.0348899
9.0346,0.0349036
9.03461,0.0347907
9.03585,0.0348168
9.03586,0.0347147
9.03698,0.0347504
9.03699,0.0346566
9.0381,0.0348245
9.03811,0.0348464
9.03923,0.0349906
9.03924,0.0349918
9.04035,0.0351178
9.04036,0.0349781
9.04148,0.0349808
9.04149,0.0348582
9.04273,0.034876
9.04274,0.0347665
9.04385,0.0347957
9.04386,0.0346962
9.04498,0.0347342
9.04499,0.0346424
9.0461,0.0348121
9.04611,0.0348356
9.04723,0.0349811
9.04724,0.0349835
9.04835,0.0351106
9.04836,0.0349717
9.04948,0.0349753
9.04949,0.0348534
9.05073,0.0348717
9.05074,0.0347627
9.05185,0.0347924
9.05186,0.0346933
9.05298,0.0347317
9.05299,0.0346402
9.0541,0.0348102
9.05411,0.0348339
9.05523,0.0349797
9.05524,0.0349822
9.05635,0.0351094
9.05636,0.0349708
9.0576,0.0349744
9.05761,0.0348526
9.05873,0.034871
9.05874,0.0347622
9.05985,0.0347919
9.05986,0.0346929
9.06098,0.0347313
9.06099,0.0347649
9.0621,0.0349193
9.06211,0.0350544
9.06323,0.0351726
9.06324,0.035276
9.06448,0.0353665
9.06449,0.0354457
9.0656,0.03539
9.06561,0.0353412
9.06673,0.0352986
9.06674,0.0352612
9.06785,0.0352286
9.06786,0.0352
9.06898,0.035175
9.06899,0.0351531
9.0701,0.035259
9.07011,0.0353516
9.07123,0.0354327
9.07124,0.0355036
9.07248,0.0355656
9.07249,0.0356199
9.0736,0.0355424
9.07361,0.0354746
9.07473,0.0354153
9.07474,0.0353634
9.07585,0.035318
9.07586,0.0352782
9.07698,0.0352434
9.07699,0.035213
9.0781,0.0353114
9.07811,0.0353975
9.07935,0.0354728
9.07936,0.0355387
9.08048,0.0355963
9.08049,0.0356468
9.0816,0.0355659
9.08161,0.0354952
9.08273,0.0354333
9.08274,0.0353791
9.08385,0.0353317
9.08386,0.0352903
9.08498,0.035254
9.08499,0.0352222
9.0861,0.0353195
9.08611,0.0354045
9.08735,0.035479
9.08736,0.0355441
9.08848,0.0356011
9.08849,0.0356509
9.0896,0.0355696
9.08961,0.0354984
9.09073,0.0354361
9.09074,0.0353816
9.09185,0.0353339
9.09186,0.0352921
9.09298,0.0352556
9.09299,0.0352237
9.09423,0.0353207
9.09424,0.0354056
9.09535,0.0354799
9.09536,0.0355449
9.09648,0.0356018
9.09649,0.0356516
9.0976,0.0355701
9.09761,0.0354989
9.09873,0.0354365
9.09874,0.0353819
9.09985,0.0353342
9.09986,0.0352924
9.10098,0.0352559
9.10099,0.0352239
9.10223,0.0353209
9.10224,0.0354058
9.10335,0.0354801
9.10336,0.0355451
9.10448,0.0356019
9.10449,0.0356517
9.1056,0.0355702
9.10561,0.0354989
9.10673,0.0354366
9.10674,0.035382
9.10785,0.0353343
9.10786,0.0352925
9.1091,0.0353809
9.10911,0.0354583
9.11023,0.035526
9.11024,0.0355853
9.11135,0.0356371
9.11136,0.0356825
9.11248,0.0357222
9.11249,0.0357569
9.1136,0.0356623
9.11361,0.0355795
9.11473,0.0355071
9.11474,0.0354437
9.11585,0.0353882
9.11586,0.0353397
9.1171,0.0354222
9.11711,0.0354944
9.11823,0.0355576
9.11824,0.0356129
9.11935,0.0356613
9.11936,0.0357037
9.12048,0.0357407
9.12049,0.0357731
9.1216,0.0356765
9.12161,0.0355919
9.12273,0.0355179
9.12274,0.0354532
9.12398,0.0353965
9.12399,0.035347
9.1251,0.0354286
9.12511,0.0355
9.12623,0.0355625
9.12624,0.0356172
9.12735,0.035665
9.12736,0.0357069
9.12848,0.0357436
9.12849,0.0357756
9.1296,0.0356787
9.12961,0.0355938
9.13085,0.0355196
9.13086,0.0354546
9.13198,0.0353978
9.13199,0.0353481
9.1331,0.0354296
9.13311,0.0355009
9.13423,0.0355633
9.13424,0.0356179
9.13535,0.0356656
9.13536,0.0357074
9.13648,0.035744
9.13649,0.035776
9.1376,0.035679
9.13761,0.0355941
9.13885,0.0355199
9.13886,0.0354549
9.13998,0.035398
9.13999,0.0353483
9.1411,0.0354297
9.14111,0.035501
9.14223,0.0355634
9.14224,0.035618
9.14335,0.0356657
9.14336,0.0357075
9.1451,0.0357441
9.14511,0.0357761
9.14573,0.035679
9.14574,0.0355942
9.14685,0.0355199
9.14686,0.0354549
9.14798,0.035398
9.14799,0.0353483
9.1491,0.0354298
9.14911,0.035501
9.15023,0.0355634
9.15024,0.035618
9.15135,0.0356657
9.15136,0.0357075
9.15248,0.0356191
9.15249,0.0355417
9.15373,0.035474
9.15374,0.0354147
9.15498,0.0353629
9.15499,0.0353175
9.15598,0.0352778
9.15599,0.0352431
9.1571,0.0353377
9.15711,0.0354205
9.15823,0.0354929
9.15824,0.0355563
9.15935,0.0356118
9.15936,0.0356603
9.1606,0.0355778
9.16061,0.0355055
9.16173,0.0354424
9.16174,0.0353871
9.16285,0.0353387
9.16286,0.0352963
9.16398,0.0352593
9.16399,0.0352269
9.1651,0.0353235
9.16511,0.0354081
9.16623,0.0354821
9.16624,0.0355468
9.16735,0.0356035
9.16736,0.035653
9.1686,0.0355714
9.16861,0.0355
9.17035,0.0355625
9.17036,0.0356172
9.17085,0.03554
9.17086,0.0354725
9.17198,0.0354135
9.17199,0.0353618
9.1731,0.0354415
9.17311,0.0355114
9.17423,0.0355724
9.17424,0.0356259
9.1756,0.0356726
9.17561,0.0357136
9.1766,0.0356244
9.17661,0.0355463
9.17773,0.035478
9.17774,0.0354183
9.17885,0.035366
9.17886,0.0353202
9.17998,0.0351552
9.17999,0.0350108
9.1811,0.0351345
9.18111,0.0352426
9.18223,0.0353373
9.18224,0.0354202
9.18348,0.0354926
9.18349,0.0355561
9.1846,0.0354865
9.18461,0.0354257
9.18573,0.0353725
9.18574,0.0353259
9.18685,0.0352852
9.18686,0.0352496
9.18798,0.0352184
9.18799,0.0351911
9.1891,0.0352922
9.18911,0.0353807
9.19035,0.0354581
9.19036,0.0355258
9.19148,0.0355851
9.19149,0.035637
9.1926,0.0355573
9.19261,0.0354877
9.19373,0.0354267
9.19374,0.0353734
9.19498,0.0354517
9.19499,0.0353952
9.19598,0.0354708
9.19599,0.035412
9.1971,0.0356105
9.19711,0.0356592
9.19835,0.0358268
9.19836,0.0358484
9.19948,0.0359924
9.19949,0.0359933
9.2006,0.0361192
9.20061,0.0359793
9.20173,0.0359819
9.20174,0.0358591
9.20285,0.0358767
9.20286,0.0357671
9.20398,0.0357962
9.20399,0.0356967
9.20523,0.0358596
9.20524,0.0357522
9.20635,0.0357831
9.20636,0.0358103
9.20748,0.035959
9.20749,0.0359641
9.2086,0.0360936
9.20861,0.0359569
9.20973,0.0359623
9.20974,0.035842
9.21085,0.0358617
9.21086,0.035754
9.2121,0.0359098
9.21211,0.035921
9.21323,0.0360559
9.21324,0.0360489
9.21435,0.0361678
9.21436,0.0361468
9.2156,0.0362535
9.21561,0.0362218
9.2166,0.0363191
9.21661,0.0361542
9.21773,0.0361349
9.21774,0.035993
9.21885,0.0359939
9.21886,0.0358697
9.2201,0.036011
9.22011,0.0360096
9.22123,0.0361334
9.22124,0.0361167
9.22235,0.0362271
9.22236,0.0361987
9.22348,0.0362989
9.22349,0.0362615
9.2246,0.0363538
9.22461,0.0361846
9.22573,0.0361615
9.22574,0.0360163
9.22698,0.0360143
9.22699,0.0358875
9.2281,0.0360266
9.22811,0.0360232
9.22923,0.0361453
9.22924,0.0361272
9.23035,0.0362363
9.23036,0.0362067
9.23148,0.0363059
9.23149,0.0362677
9.2326,0.0363592
9.23261,0.0361893
9.23373,0.0361656
9.23374,0.0360199
9.23498,0.0360174
9.23499,0.0358903
9.2361,0.036029
9.23611,0.0360254
9.23723,0.0361472
9.23724,0.0361288
9.23835,0.0362377
9.23836,0.036208
9.23948,0.036307
9.23949,0.0362686
9.2406,0.03636
9.24061,0.03619
9.24185,0.0361663
9.24186,0.0360205
9.24298,0.0360179
9.24299,0.0358907
9.2441,0.0360294
9.24411,0.0360257
9.24523,0.0361475
9.24524,0.036129
9.24635,0.0362379
9.24636,0.0362082
9.24748,0.0363071
9.24749,0.0361438
9.2486,0.0361258
9.24861,0.0359851
9.24985,0.0359869
9.24986,0.0358636
9.25098,0.0358806
9.25099,0.0357705
9.2521,0.0359242
9.25211,0.0359337
9.25323,0.036067
9.25324,0.0360586
9.25435,0.0361763
9.25436,0.0361542
9.2556,0.03626
9.25561,0.0361025
9.25673,0.0360897
9.25674,0.0359535
9.25785,0.0359593
9.25786,0.0358394
9.25898,0.0358594
9.25899,0.035752
9.2601,0.035908
9.26011,0.0359195
9.26123,0.0360546
9.26124,0.0360477
9.26235,0.0361668
9.26236,0.0361459
9.26348,0.0362527
9.26349,0.0360961
9.26473,0.0360841
9.26474,0.0359486
9.26585,0.035955
9.26586,0.0358356
9.26698,0.0358562
9.26699,0.0357492
9.2681,0.0359055
9.26811,0.0359173
9.26923,0.0360527
9.26924,0.0360461
9.27035,0.0361653
9.27036,0.0361446
9.2716,0.0362516
9.27161,0.0360951
9.27273,0.0360832
9.27274,0.0359478
9.27385,0.0359543
9.27386,0.0358351
9.27498,0.0358557
9.27499,0.0357487
9.2761,0.0359051
9.27611,0.035917
9.27723,0.0360524
9.27724,0.0360458
9.27848,0.0361651
9.27849,0.0361445
9.2796,0.0362514
9.27961,0.036095
9.28073,0.0360831
9.28074,0.0359477
9.28185,0.0359542
9.28186,0.035835
9.28298,0.0358556
9.28299,0.0357486
9.2841,0.0359051
9.28411,0.0359169
9.28523,0.0360523
9.28524,0.0360458
9.28648,0.0361651
9.28649,0.0361444
9.2876,0.0362514
9.28761,0.0360949
9.28873,0.0360831
9.28874,0.0359477
9.28985,0.0359542
9.28986,0.0358349
9.29098,0.0358556
9.29099,0.0357486
9.2921,0.0359051
9.29211,0.0359169
9.29335,0.0360523
9.29336,0.0360458
9.29448,0.036165
9.29449,0.0361444
9.2956,0.0362514
9.29561,0.0360949
9.29673,0.0360831
9.29674,0.0359477
9.29785,0.0359542
9.29786,0.0358349
9.29898,0.0358556
9.29899,0.0357486
9.3001,0.0359051
9.30011,0.0359169
9.30135,0.0360523
9.30136,0.0360458
9.30248,0.036165
9.30249,0.0361444
9.3036,0.0362514
9.30361,0.0360949
9.30473,0.0360831
9.30474,0.0359477
9.30585,0.0359542
9.30586,0.0358349
9.30698,0.0358556
9.30699,0.0357486
9.30823,0.0359051
9.30824,0.0359169
9.30935,0.0360523
9.30936,0.0360458
9.31048,0.036165
9.31049,0.0361444
9.3116,0.0362514
9.31161,0.0360949
9.31273,0.0360831
9.31274,0.0359477
9.31385,0.0359542
9.31386,0.0358349
9.31498,0.0358556
9.31499,0.0357486
9.31623,0.0359051
9.31624,0.0359169
9.31735,0.0360523
9.31736,0.0360458
9.31848,0.036165
9.31849,0.0361444
9.3196,0.0362514
9.31961,0.0360949
9.32073,0.0360831
9.32074,0.0359477
9.32185,0.0359542
9.32186,0.0358349
9.3231,0.0359806
9.32311,0.035983
9.32423,0.0361101
9.32424,0.0360964
9.32535,0.0362093
9.32536,0.0361832
9.32648,0.0362853
9.32649,0.0362496
9.3276,0.0363434
9.32761,0.0361755
9.32873,0.0361535
9.32874,0.0361343
9.32985,0.0361176
9.32986,0.0361029
9.3311,0.036215
9.33111,0.0363131
9.33223,0.036399
9.33224,0.0364741
9.33335,0.0365398
9.33336,0.0365974
9.33448,0.0366477
9.33449,0.0366917
9.3356,0.0367303
9.33561,0.036764
9.33673,0.0366685
9.33674,0.0365849
9.33798,0.0365118
9.33799,0.0364478
9.3391,0.0365169
9.33911,0.0365772
9.34023,0.0366301
9.34024,0.0366763
9.34135,0.0367168
9.34136,0.0367522
9.34248,0.0367832
9.34249,0.0368103
9.3436,0.036834
9.34361,0.0368547
9.34473,0.0367479
9.34474,0.0366544
9.34598,0.0365726
9.34599,0.036501
9.3471,0.0365634
9.34711,0.036618
9.34823,0.0366657
9.34824,0.0367075
9.34935,0.0367441
9.34936,0.0367761
9.35048,0.0368041
9.35049,0.0368285
9.3516,0.03685
9.35161,0.0368687
9.35285,0.0367601
9.35286,0.0366651
9.35398,0.036582
9.35399,0.0365092
9.3551,0.0365706
9.35511,0.0366243
9.35623,0.0366712
9.35624,0.0367123
9.35735,0.0367483
9.35736,0.0367797
9.35848,0.0368073
9.35849,0.0368314
9.35973,0.0367274
9.35974,0.0366365
9.39663,0.0365569
9.39773,0.0364873
9.39774,0.0364264
9.39885,0.0363731
9.39886,0.0363265
9.39998,0.0362857
9.39999,0.03625
9.4011,0.0364687
9.40111,0.0351601
9.40235,0.0340151
9.40236,0.0330132
9.40348,0.0321366
9.40349,0.0312445
9.4046,0.0305889
9.40461,0.0298903
9.40573,0.029279
9.40574,0.0287441
9.40685,0.0282761
9.40686,0.0278666
9.40798,0.0275083
9.40799,0.0271947
9.4091,0.0270454
9.40911,0.0269147
9.41035,0.0268004
9.41036,0.0265753
9.41148,0.0265034
9.41149,0.0263155
9.4126,0.0261511
9.41261,0.0260072
9.41373,0.0260063
9.41374,0.0258805
9.41498,0.0258954
9.41499,0.0257835
9.41598,0.0256856
9.41599,0.0255999
9.41723,0.0256499
9.41724,0.0255686
9.41835,0.0256226
9.41836,0.0255447
9.41948,0.0256017
9.41949,0.0255264
9.4206,0.0255856
9.42061,0.0255124
9.42173,0.0255734
9.42174,0.0255017
9.42285,0.025564
9.42286,0.0254935
9.42398,0.0255568
9.42399,0.0254872
9.42523,0.0256763
9.42524,0.0257168
9.42635,0.0258772
9.42636,0.0257675
9.42748,0.0257966
9.42749,0.025697
9.4286,0.0257349
9.42861,0.025643
9.42973,0.0256876
9.42974,0.0256017
9.43085,0.0256515
9.43086,0.02557
9.4321,0.0257488
9.43211,0.0257802
9.43323,0.0259327
9.43324,0.0259411
9.43435,0.0260734
9.43436,0.0259393
9.4356,0.0259469
9.43561,0.0258285
9.4366,0.0258499
9.43661,0.0257437
9.43773,0.0257757
9.43774,0.0256788
9.43885,0.0257189
9.43886,0.0256291
9.4401,0.0258004
9.44011,0.0258254
9.44123,0.0259722
9.44124,0.0259757
9.44235,0.0261037
9.44236,0.0259657
9.44348,0.02597
9.44349,0.0258488
9.4446,0.0258677
9.44461,0.0257592
9.44573,0.0257893
9.44574,0.0256906
9.44698,0.0257293
9.44699,0.0256382
9.4481,0.0258084
9.44811,0.0258323
9.44923,0.0259783
9.44924,0.025981
9.45035,0.0261084
9.45036,0.0259698
9.45148,0.0259736
9.45149,0.0258519
9.4526,0.0258704
9.45261,0.0257616
9.45385,0.0257914
9.45386,0.0256925
9.45498,0.0257309
9.45499,0.0256396
9.4561,0.0258096
9.45611,0.0258334
9.45723,0.0259792
9.45724,0.0258568
9.45835,0.0258747
9.45836,0.0257654
9.45948,0.0257947
9.45949,0.0256954
9.4606,0.0257334
9.46061,0.0256418
9.46185,0.0256865
9.46186,0.0256007
9.46298,0.0256506
9.46299,0.0255693
9.4641,0.0257481
9.46411,0.0257796
9.46523,0.0259322
9.46524,0.0258156
9.46635,0.0258387
9.46636,0.0257339
9.46748,0.0257671
9.46749,0.0256712
9.46873,0.0257123
9.46874,0.0256233
9.46985,0.0256704
9.46986,0.0255866
9.47098,0.0256383
9.47099,0.0255585
9.4721,0.0257387
9.47211,0.0257713
9.47323,0.0259249
9.47324,0.0258093
9.47435,0.0258331
9.47436,0.025729
9.4756,0.0257629
9.47561,0.0256675
9.47673,0.0257091
9.47674,0.0256204
9.47785,0.0256679
9.47786,0.0255844
9.47898,0.0256363
9.47899,0.0255568
9.4801,0.0257372
9.48011,0.02577
9.48123,0.0259238
9.48124,0.0258083
9.48235,0.0258323
9.48236,0.0257282
9.4836,0.0257622
9.48361,0.0256669
9.48473,0.0257086
9.48474,0.02562
9.48585,0.0256675
9.48586,0.0255841
9.48698,0.0256361
9.48699,0.0255565
9.4881,0.025737
9.48811,0.0257699
9.48923,0.0259236
9.48924,0.0258082
9.49035,0.0258321
9.49036,0.0257281
9.4916,0.0257621
9.49161,0.0256668
9.49273,0.0257085
9.49274,0.0256199
9.49385,0.0256674
9.49386,0.025584
9.49498,0.025636
9.49499,0.0255565
9.4961,0.0257369
9.49611,0.0257698
9.49723,0.0259236
9.49724,0.0258081
9.49848,0.0258321
9.49849,0.0257281
9.4996,0.0257621
9.49961,0.0256668
9.50073,0.0257085
9.50074,0.0256199
9.50185,0.0256674
9.50186,0.025584
9.50298,0.025636
9.50299,0.0255565
9.5041,0.0257369
9.50411,0.0257698
9.50523,0.0259236
9.50524,0.0258081
9.50648,0.0258321
9.50649,0.0257281
9.5076,0.0257621
9.50761,0.0256668
9.50873,0.0257085
9.50874,0.0256199
9.50985,0.0256674
9.50986,0.025584
9.51098,0.025636
9.51099,0.0255565
9.5121,0.0257369
9.51211,0.0257698
9.51335,0.0259236
9.51336,0.0258081
9.51448,0.0258321
9.51449,0.0257281
9.5156,0.0257621
9.51561,0.0256668
9.51673,0.0257085
9.51674,0.0256199
9.51785,0.0256674
9.51786,0.025584
9.51898,0.025636
9.51899,0.0255565
9.52023,0.0257369
9.52024,0.0257698
9.52135,0.0259236
9.52136,0.0258081
9.52248,0.0258321
9.52249,0.0257281
9.5236,0.0257621
9.52361,0.0256668
9.52473,0.0257085
9.52474,0.0256199
9.52585,0.0256674
9.52586,0.025584
9.52698,0.025636
9.52699,0.0255565
9.52823,0.0257369
9.52824,0.0257698
9.52935,0.0259236
9.52936,0.0258081
9.53048,0.0258321
9.53049,0.0258531
9.5316,0.0258715
9.53161,0.0258875
9.53273,0.0259016
9.53274,0.0259139
9.53385,0.0259247
9.53386,0.0259341
9.5351,0.0260673
9.53511,0.0261839
9.53623,0.0262859
9.53624,0.0263752
9.53735,0.0264533
9.53736,0.0265216
9.53848,0.0264564
9.53849,0.0263994
9.5396,0.0263494
9.53961,0.0263058
9.54073,0.0262675
9.54074,0.0262341
9.54185,0.0262048
9.54186,0.0261792
9.5431,0.0262818
9.54311,0.0263716
9.54423,0.0264501
9.54424,0.0265189
9.54535,0.026579
9.54536,0.0266316
9.54648,0.0265527
9.54649,0.0264836
9.5476,0.0264231
9.54761,0.0263703
9.54873,0.026324
9.54874,0.0262835
9.54998,0.026248
9.54999,0.026217
9.5511,0.0263149
9.55111,0.0264005
9.55223,0.0264755
9.55224,0.026541
9.55335,0.0265984
9.55336,0.0266486
9.55448,0.0265675
9.55449,0.0264966
9.5556,0.0264345
9.55561,0.0263802
9.55673,0.0263327
9.55674,0.0262911
9.55798,0.0262547
9.55799,0.0262229
9.5591,0.02632
9.55911,0.026405
9.56023,0.0264794
9.56024,0.0265445
9.56135,0.0264764
9.56136,0.0264168
9.56248,0.0263647
9.56249,0.0263191
9.5636,0.0262793
9.56361,0.0262443
9.56498,0.0262138
9.56499,0.0261871
9.56598,0.0261637
9.56599,0.0261432
9.5671,0.0262503
9.56711,0.026344
9.56823,0.026426
9.56824,0.0264978
9.56935,0.0264356
9.56936,0.0263811
9.57048,0.0263335
9.57049,0.0262918
9.5716,0.0262553
9.57161,0.0262234
9.57285,0.0261955
9.57286,0.026171
9.57398,0.0261497
9.57399,0.026131
9.5751,0.0262396
9.57511,0.0263346
9.57623,0.0264178
9.57624,0.0264906
9.57735,0.0264293
9.57736,0.0263756
9.57848,0.0263286
9.57849,0.0262876
9.57973,0.0262516
9.57974,0.0262202
9.58085,0.0261926
9.58086,0.0261686
9.58198,0.0261475
9.58199,0.0261291
9.5831,0.0262379
9.58311,0.0263332
9.58423,0.0264165
9.58424,0.0264895
9.58535,0.0264283
9.58536,0.0263747
9.58648,0.0263279
9.58649,0.0262869
9.58773,0.0262511
9.58774,0.0262197
9.58885,0.0261922
9.58886,0.0261682
9.58998,0.0261472
9.58999,0.0261288
9.5911,0.0262377
9.59111,0.026333
9.59223,0.0264163
9.59224,0.0264893
9.59335,0.0264281
9.59336,0.0263746
9.5946,0.0263278
9.59461,0.0262868
9.59573,0.026251
9.59574,0.0262196
9.59685,0.0261921
9.59686,0.0261681
9.59798,0.0261471
9.59799,0.0261287
9.5991,0.0262376
9.59911,0.0263329
9.60023,0.0264163
9.60024,0.0264893
9.60148,0.0264281
9.60149,0.0263746
9.6026,0.0263278
9.60261,0.0262868
9.60373,0.0262509
9.60374,0.0262196
9.60498,0.0261921
9.60499,0.0261681
9.60598,0.0261471
9.60599,0.0261287
9.6071,0.0262376
9.60711,0.0263329
9.60823,0.0264163
9.60824,0.0264893
9.60948,0.0264281
9.60949,0.0263746
9.6106,0.0263278
9.61061,0.0262868
9.61173,0.0262509
9.61174,0.0262196
9.61285,0.0261921
9.61286,0.0261681
9.61398,0.0261471
9.61399,0.0261287
9.6151,0.0262376
9.61511,0.0263329
9.61635,0.0264163
9.61636,0.0264893
9.61748,0.0264281
9.61749,0.0263746
9.6186,0.0263278
9.61861,0.0262868
9.61973,0.0262509
9.61974,0.0262196
9.62085,0.0261921
9.62086,0.0261681
9.62198,0.0261471
9.62199,0.0261287
9.6231,0.0262376
9.62311,0.0263329
9.62435,0.0264163
9.62436,0.0264893
9.6256,0.0264281
9.62561,0.0263746
9.6266,0.0263278
9.62661,0.0262868
9.62773,0.0262509
9.62774,0.0262196
9.62885,0.0263171
9.62886,0.0262775
9.62998,0.0263678
9.62999,0.0263218
9.63123,0.0265316
9.63124,0.0265901
9.63235,0.0267664
9.63236,0.0267956
9.63348,0.0269461
9.63349,0.0268279
9.6346,0.0268494
9.63461,0.0267432
9.63573,0.0267753
9.63574,0.0266784
9.63685,0.0267186
9.63686,0.0266288
9.63798,0.0266752
9.63799,0.0265908
9.63923,0.0267669
9.63924,0.0267961
9.64035,0.0269466
9.64036,0.0269532
9.64148,0.0270841
9.64149,0.0269486
9.6426,0.026955
9.64261,0.0268356
9.64373,0.0268562
9.64374,0.0267491
9.64498,0.0267805
9.64499,0.0266829
9.6461,0.0268476
9.64611,0.0268666
9.64723,0.0270083
9.64724,0.0270073
9.64835,0.0271314
9.64836,0.0271149
9.64948,0.0272256
9.64949,0.0270724
9.6506,0.0270633
9.65061,0.0269304
9.65173,0.0269391
9.65174,0.0268217
9.65285,0.026844
9.65286,0.0267385
9.6541,0.0268962
9.65411,0.0269092
9.65523,0.0270455
9.65524,0.0270398
9.65635,0.0271598
9.65636,0.0271399
9.65748,0.0272474
9.65749,0.0270915
9.6586,0.02708
9.65861,0.026945
9.65973,0.0269519
9.65974,0.0268329
9.66098,0.0268538
9.66099,0.0267471
9.6621,0.0269037
9.66211,0.0269157
9.66323,0.0270513
9.66324,0.0270448
9.66435,0.0271642
9.66436,0.0271437
9.6656,0.0272507
9.66561,0.0270944
9.6666,0.0270826
9.66661,0.0269473
9.66785,0.0269539
9.66786,0.0268346
9.66898,0.0268553
9.66899,0.0267484
9.6701,0.0269048
9.67011,0.0269167
9.67123,0.0270521
9.67124,0.0270456
9.67235,0.0271649
9.67236,0.0270193
9.67348,0.0270169
9.67349,0.0268898
9.6746,0.0269036
9.67461,0.0267906
9.67585,0.0268168
9.67586,0.0267147
9.67698,0.0267503
9.67699,0.0266566
9.6781,0.0268245
9.67811,0.0268464
9.67923,0.0269906
9.67924,0.0269918
9.68035,0.0271178
9.68036,0.0269781
9.68148,0.0269808
9.68149,0.0268582
9.68273,0.0268759
9.68274,0.0267665
9.68385,0.0267956
9.68386,0.0266962
9.68498,0.0267342
9.68499,0.0266424
9.6861,0.0268121
9.68611,0.0268356
9.68723,0.0269811
9.68724,0.0269835
9.68835,0.0271106
9.68836,0.0269717
9.68948,0.0269753
9.68949,0.0268534
9.69073,0.0268717
9.69074,0.0267627
9.69185,0.0267924
9.69186,0.0266933
9.69298,0.0267317
9.69299,0.0266402
9.6941,0.0268102
9.69411,0.0268339
9.69523,0.0269797
9.69524,0.0269822
9.69635,0.0271094
9.69636,0.0269708
9.6976,0.0269744
9.69761,0.0268526
9.69873,0.026871
9.69874,0.0267622
9.69985,0.0267919
9.69986,0.0266929
9.70098,0.0267313
9.70099,0.0266399
9.7021,0.0268099
9.70211,0.0268337
9.70323,0.0269794
9.70324,0.026982
9.70435,0.0271093
9.70436,0.0269706
9.7056,0.0269743
9.70561,0.0268525
9.70673,0.0268709
9.70674,0.0267621
9.70785,0.0267918
9.70786,0.0266928
9.70898,0.0267312
9.70899,0.0266398
9.7101,0.0268098
9.71011,0.0268336
9.71123,0.0269794
9.71124,0.026982
9.71248,0.0271092
9.71249,0.0269706
9.7136,0.0269743
9.71361,0.0268525
9.71473,0.0268709
9.71474,0.026762
9.71585,0.0267918
9.71586,0.0266928
9.71698,0.0267312
9.71699,0.0266398
9.7181,0.0268098
9.71811,0.0268336
9.71923,0.0269794
9.71924,0.026982
9.72048,0.0271092
9.72049,0.0269706
9.7216,0.0269743
9.72161,0.0268525
9.72273,0.0268709
9.72274,0.026762
9.72385,0.0267918
9.72386,0.0266928
9.72498,0.0267312
9.72499,0.0266398
9.7261,0.0268098
9.72611,0.0268336
9.72735,0.0269794
9.72736,0.026982
9.72848,0.0271092
9.72849,0.0269706
9.7296,0.0269743
9.72961,0.0269775
9.73073,0.0269803
9.73074,0.0269828
9.73185,0.0269849
9.73186,0.0269868
9.73298,0.0269884
9.73299,0.0269899
9.7341,0.0271162
9.73411,0.0272266
9.73535,0.0273233
9.73536,0.0274079
9.73648,0.0274819
9.73649,0.0275467
9.7376,0.0274783
9.73761,0.0274185
9.73873,0.0273662
9.73874,0.0273204
9.73985,0.0272804
9.73986,0.0272453
9.74098,0.0272147
9.74099,0.0271878
9.74223,0.0272894
9.74224,0.0273782
9.74335,0.0274559
9.74336,0.0275239
9.74448,0.0275834
9.74449,0.0276355
9.7456,0.0275561
9.74561,0.0274866
9.74673,0.0274257
9.74674,0.0273725
9.74785,0.027326
9.74786,0.0272852
9.7491,0.0273746
9.74911,0.0274527
9.75023,0.0275211
9.75024,0.027581
9.75135,0.0276334
9.75136,0.0276792
9.75248,0.0277193
9.75249,0.0277544
9.7536,0.0276601
9.75361,0.0275776
9.75473,0.0275054
9.75474,0.0274422
9.75585,0.0273869
9.75586,0.0273386
9.7571,0.0274212
9.75711,0.0274936
9.75823,0.0275569
9.75824,0.0276123
9.75935,0.0276607
9.75936,0.0277031
9.76048,0.0277403
9.76049,0.0277727
9.7616,0.0276761
9.76161,0.0275916
9.76273,0.0275177
9.76274,0.027453
9.76398,0.0273963
9.76399,0.0273468
9.7651,0.0274284
9.76511,0.0274999
9.76623,0.0275624
9.76624,0.0276171
9.76735,0.027665
9.76736,0.0277068
9.76848,0.0277435
9.76849,0.0277755
9.7696,0.0276786
9.76961,0.0275938
9.77073,0.0275196
9.77074,0.0274546
9.77198,0.0273978
9.77199,0.0273481
9.7731,0.0274296
9.77311,0.0275009
9.77423,0.0275633
9.77424,0.0276178
9.77535,0.0276656
9.77536,0.0277074
9.77648,0.027619
9.77649,0.0275416
9.7776,0.0274739
9.77761,0.0274147
9.77885,0.0273628
9.77886,0.0273175
9.77998,0.0272778
9.77999,0.0272431
9.7811,0.0273377
9.78111,0.0274205
9.78223,0.0274929
9.78224,0.0275563
9.78335,0.0276118
9.78336,0.0276603
9.78448,0.0275778
9.78449,0.0275055
9.7856,0.0274423
9.78561,0.027387
9.78685,0.0273387
9.78686,0.0272963
9.78798,0.0272593
9.78799,0.0272269
9.7891,0.0273235
9.78911,0.0274081
9.79023,0.0274821
9.79024,0.0275468
9.79135,0.0276035
9.79136,0.027653
9.79248,0.0275714
9.79249,0.0275
9.79373,0.0274375
9.79374,0.0273828
9.79498,0.0273349
9.79499,0.0272931
9.79598,0.0272564
9.79599,0.0272244
9.7971,0.0273213
9.79711,0.0274062
9.79823,0.0274804
9.79824,0.0275453
9.79935,0.0276022
9.79936,0.0276519
9.80048,0.0275704
9.80049,0.0274991
9.80173,0.0274367
9.80174,0.0273821
9.80285,0.0273344
9.80286,0.0272926
9.80398,0.027256
9.80399,0.027224
9.8051,0.027321
9.80511,0.0274059
9.80623,0.0274801
9.80624,0.0275451
9.80735,0.027602
9.80736,0.0276517
9.8086,0.0275703
9.80861,0.027499
9.80973,0.0274366
9.80974,0.027382
9.81085,0.0273343
9.81086,0.0272925
9.81198,0.0272559
9.81199,0.0272239
9.8131,0.0273209
9.81311,0.0274058
9.81423,0.0274801
9.81424,0.0275451
9.8156,0.0276019
9.81561,0.0276517
9.8166,0.0275702
9.81661,0.027499
9.81773,0.0274366
9.81774,0.027382
9.81885,0.0273343
9.81886,0.0272925
9.81998,0.0272559
9.81999,0.0272239
9.8211,0.0273209
9.82111,0.0274058
9.82223,0.0274801
9.82224,0.0275451
9.82348,0.0276019
9.82349,0.0276517
9.8246,0.0275702
9.82461,0.027499
9.82573,0.0274366
9.82574,0.027382
9.82685,0.0273343
9.82686,0.0272925
9.82798,0.0272559
9.82799,0.0272239
9.8291,0.0273209
9.82911,0.0274058
9.83035,0.0274801
9.83036,0.0275451
9.83148,0.0276019
9.83149,0.0276517
9.8326,0.0278202
9.83261,0.0277177
9.83373,0.027753
9.83374,0.0276589
9.83498,0.0277015
9.83499,0.0276138
9.83598,0.0276621
9.83599,0.0275793
9.8371,0.0277569
9.83711,0.0277873
9.83835,0.0279389
9.83836,0.0279465
9.83948,0.0280782
9.83949,0.0280684
9.8406,0.0281849
9.84061,0.0280368
9.84173,0.0280322
9.84174,0.0279032
9.84285,0.0279153
9.84286,0.0278008
9.84398,0.0278257
9.84399,0.0277225
9.84523,0.0278822
9.84524,0.0278969
9.84635,0.0280348
9.84636,0.0280305
9.84748,0.0281517
9.84749,0.0281327
9.8486,0.0282411
9.84861,0.028086
9.84973,0.0280752
9.84974,0.0279408
9.85085,0.0279482
9.85086,0.0278297
9.85198,0.027851
9.85199,0.0277446
9.85323,0.0279015
9.85324,0.0279138
9.85435,0.0280496
9.85436,0.0280434
9.8556,0.028163
9.85561,0.0281426
9.8566,0.0282498
9.85661,0.0280936
9.85773,0.0280819
9.85774,0.0279466
9.85885,0.0279533
9.85886,0.0278341
9.8601,0.0279799
9.86011,0.0279824
9.86123,0.0281096
9.86124,0.0280959
9.86235,0.0282089
9.86236,0.0281828
9.86348,0.0282849
9.86349,0.0282493
9.8646,0.0283432
9.86461,0.0281753
9.86573,0.0281534
9.86574,0.0280092
9.86685,0.028008
9.86686,0.027882
9.8681,0.0280218
9.86811,0.0280191
9.86923,0.0281417
9.86924,0.028124
9.87035,0.0282335
9.87036,0.0282043
9.87148,0.0283037
9.87149,0.0282658
9.8726,0.0283576
9.87261,0.0281879
9.87373,0.0281644
9.87374,0.0280188
9.87498,0.0280165
9.87499,0.0278894
9.8761,0.0280282
9.87611,0.0280247
9.87723,0.0281466
9.87724,0.0281283
9.87835,0.0282373
9.87836,0.0282076
9.87948,0.0283066
9.87949,0.0282683
9.8806,0.0283598
9.88061,0.0281898
9.88173,0.0281661
9.88174,0.0280203
9.88298,0.0280178
9.88299,0.0278906
9.8841,0.0280292
9.88411,0.0280256
9.88523,0.0281474
9.88524,0.028129
9.88635,0.0282378
9.88636,0.0282081
9.88748,0.0283071
9.88749,0.0281437
9.8886,0.0281257
9.88861,0.027985
9.88985,0.0279869
9.88986,0.0278635
9.89098,0.0278806
9.89099,0.0277705
9.8921,0.0279242
9.89211,0.0279337
9.89323,0.028067
9.89324,0.0280586
9.89435,0.0281763
9.89436,0.0281542
9.8956,0.02826
9.89561,0.0281025
9.89673,0.0280897
9.89674,0.0279534
9.89785,0.0279593
9.89786,0.0278394
9.89898,0.0278594
9.89899,0.027752
9.9001,0.027908
9.90011,0.0279195
9.90123,0.0280546
9.90124,0.0280477
9.90235,0.0281668
9.90236,0.0281459
9.90348,0.0282527
9.90349,0.0280961
9.90473,0.0280841
9.90474,0.0279486
9.90585,0.027955
9.90586,0.0278356
9.90698,0.0278562
9.90699,0.0277492
9.9081,0.0279055
9.90811,0.0279173
9.90923,0.0280527
9.90924,0.0280461
9.91035,0.0281653
9.91036,0.0281446
9.9116,0.0282516
9.91161,0.0280951
9.91273,0.0280832
9.91274,0.0279478
9.91385,0.0279543
9.91386,0.0278351
9.91498,0.0278557
9.91499,0.0277487
9.9161,0.0279051
9.91611,0.027917
9.91723,0.0280524
9.91724,0.0280458
9.91835,0.0281651
9.91836,0.0281445
9.9196,0.0282514
9.91961,0.028095
9.92073,0.0280831
9.92074,0.0279477
9.92185,0.0279542
9.92186,0.027835
9.92298,0.0278556
9.92299,0.0277486
9.9241,0.0279051
9.92411,0.0279169
9.92523,0.0280523
9.92524,0.0280458
9.92648,0.0281651
9.92649,0.0281444
9.9276,0.0282514
9.92761,0.0280949
9.92873,0.0280831
9.92874,0.0279477
9.92985,0.0279542
9.92986,0.027835
9.93098,0.0278556
9.93099,0.0277486
9.9321,0.0279051
9.93211,0.0279169
9.93323,0.0280523
9.93324,0.0280458
9.93448,0.028165
9.93449,0.0281444
9.9356,0.0282514
9.93561,0.0280949
9.93673,0.0280831
9.93674,0.0280727
9.93785,0.0280636
9.93786,0.0280557
9.93898,0.0280487
9.93899,0.0280426
9.9401,0.0281623
9.94011,0.028267
9.94135,0.0283586
9.94136,0.0284388
9.94248,0.0285089
9.94249,0.0285703
9.9436,0.028624
9.94361,0.028671
9.94473,0.0285871
9.94474,0.0285138
9.94585,0.0284495
9.94586,0.0283933
9.94698,0.0283442
9.94699,0.0283012
9.9481,0.0283885
9.94811,0.0284649
9.94935,0.0285318
9.94936,0.0285903
9.95048,0.0286416
9.95049,0.0286864
9.9516,0.0287256
9.95161,0.0287599
9.95273,0.0286649
9.95274,0.0285818
9.95385,0.0285091
9.95386,0.0284454
9.95498,0.0283897
9.95499,0.028341
9.95623,0.0284234
9.95624,0.0284955
9.95735,0.0285585
9.95736,0.0286137
9.95848,0.028662
9.95849,0.0287043
9.9596,0.0287412
9.95961,0.0287736
9.96073,0.0286769
9.96074,0.0285923
9.96185,0.0285182
9.96186,0.0284535
9.9631,0.0285218
9.96311,0.0285815
9.96423,0.0286339
9.96424,0.0286796
9.96535,0.0287197
9.96536,0.0287547
9.96648,0.0287854
9.96649,0.0288122
9.9676,0.0288357
9.96761,0.0288562
9.96873,0.0287492
9.96874,0.0286555
9.96985,0.0285736
9.96986,0.0285019
9.9711,0.0285642
9.97111,0.0286186
9.97223,0.0286663
9.97224,0.028708
9.97335,0.0287445
9.97336,0.0287764
9.97448,0.0288044
9.97449,0.0288288
9.9756,0.0288502
9.97561,0.028869
9.97673,0.0287603
9.97674,0.0286653
9.97798,0.0285821
9.97799,0.0285094
9.9791,0.0285707
9.97911,0.0286244
9.98023,0.0286713
9.98024,0.0287124
9.98135,0.0287483
9.98136,0.0287798
9.98248,0.0288073
9.98249,0.0288314
9.9836,0.0288525
9.98361,0.0288709
9.98473,0.0287621
9.98474,0.0286668
9.98598,0.0285834
9.98599,0.0285105
9.9871,0.0285717
9.98711,0.0286252
9.98823,0.0286721
9.98824,0.0287131
9.98935,0.0287489
9.98936,0.0287803
9.99048,0.0288078
9.99049,0.0288318
9.9916,0.0287278
9.99161,0.0286369
9.99285,0.0285572
9.99286,0.0284876
9.99398,0.0284266
9.99399,0.0283733
9.9951,0.0284516
9.99511,0.0285202
9.99623,0.0285802
9.99624,0.0286326
9.99735,0.0286786
9.99736,0.0287187
9.99848,0.0287539
9.99849,0.0287847
9.9996,0.0286866
9.99961,0.0286008
10.0009,0.0285257
10.0009,0.02846
10.002,0.0284025
10.002,0.0283521
10.0031,0.0284331
10.0031,0.028504
10.0042,0.028566
10.0042,0.0286202
10.0054,0.0286677
10.0054,0.0287092
10.0065,0.0287456
10.0065,0.0287774
10.0077,0.0286802
10.0077,0.0285952
10.0089,0.0285208
10.0089,0.0284557
10.01,0.0283987
10.01,0.0283489
10.0111,0.0284303
10.0111,0.0285015
10.0122,0.0285638
10.0122,0.0286183
10.0134,0.028666
10.0134,0.0287078
10.0145,0.0287443
10.0145,0.0287763
10.0164,0.0288042
10.0164,0.0288287
10.0169,0.0287251
10.0169,0.0286345
10.018,0.0285552
10.018,0.0284858
10.0191,0.02855
10.0191,0.0286063
10.0202,0.0286555
10.0202,0.0286986
10.022,0.0287362
10.022,0.0287692
10.0226,0.0287981
10.0226,0.0288233
10.0237,0.0287204
10.0237,0.0286303
10.025,0.0285515
10.025,0.0284826
10.026,0.0284223
10.026,0.0283695
10.0271,0.0284483
10.0271,0.0285173
10.0282,0.0285776
10.0282,0.0286304
10.0294,0.0286766
10.0294,0.028717
10.0306,0.0287524
10.0306,0.0287833
10.0317,0.0286854
10.0317,0.0285998
10.0329,0.0285248
10.0329,0.0284592
10.034,0.0284018
10.034,0.0283516
10.0351,0.0284326
10.0351,0.0285035
10.0362,0.0285656
10.0362,0.0286199
10.0375,0.0286674
10.0375,0.028709
10.0386,0.0287454
10.0386,0.0287772
10.0397,0.02868
10.0397,0.028595
10.0409,0.0285207
10.0409,0.0284556
10.042,0.0283986
10.042,0.0283488
10.0431,0.0284302
10.0431,0.0285014
10.0444,0.0286887
10.0444,0.0286027
10.0456,0.0286523
10.0456,0.0286958
10.0466,0.0288588
10.0466,0.0288765
10.0477,0.0290169
10.0477,0.0288898
10.0489,0.0289036
10.0489,0.0287906
10.05,0.0288168
10.05,0.0287147
10.0511,0.0288754
10.0511,0.0288909
10.0524,0.0290296
10.0524,0.0290259
10.0535,0.0291476
10.0535,0.0291292
10.0546,0.029238
10.0546,0.0292083
10.0557,0.0293072
10.0557,0.0291438
10.0569,0.0291259
10.0569,0.0289851
10.058,0.028987
10.058,0.0288636
10.0592,0.0290057
10.0592,0.029005
10.0604,0.0291293
10.0604,0.0291132
10.0615,0.029224
10.0615,0.029196
10.0626,0.0292965
10.0626,0.0292594
10.0637,0.029352
10.0637,0.029183
10.065,0.0291601
10.065,0.0290151
10.066,0.0290132
10.066,0.0288866
10.0672,0.0290258
10.0672,0.0290225
10.0684,0.0291447
10.0684,0.0291266
10.0695,0.0292358
10.0695,0.0292063
10.0706,0.0293055
10.0706,0.0292673
10.0717,0.0293589
10.0717,0.0291891
10.0729,0.0291654
10.0729,0.0290197
10.0741,0.0291423
10.0741,0.0291245
10.0752,0.0292339
10.0752,0.0292047
10.0764,0.0293041
10.0764,0.0292661
10.0775,0.0293578
10.0775,0.0293131
10.0786,0.029399
10.0786,0.0293491
10.0797,0.0294305
10.0797,0.0292516
10.0809,0.0292202
10.0809,0.0290677
10.0821,0.0291842
10.0821,0.0291612
10.0832,0.029266
10.0832,0.0292328
10.0844,0.0293287
10.0844,0.0292876
10.0856,0.0293766
10.0856,0.0293296
10.0866,0.0294134
10.0866,0.0293617
10.0877,0.0294415
10.0877,0.0292613
10.089,0.0292286
10.089,0.0290751
10.0901,0.0291907
10.0901,0.0291668
10.0912,0.029271
10.0912,0.0292371
10.0924,0.0293325
10.0924,0.0292909
10.0935,0.0293795
10.0935,0.0293321
10.0946,0.0294156
10.0946,0.0293636
10.0964,0.0295682
10.0964,0.0294972
10.097,0.029435
10.097,0.0292556
10.0981,0.0293487
10.0981,0.0293051
10.0992,0.029392
10.0992,0.029343
10.1004,0.0294251
10.1004,0.029372
10.1015,0.0294505
10.1015,0.0293942
10.1026,0.0294699
10.1026,0.0292861
10.1039,0.0292504
10.1039,0.0290941
10.105,0.0290823
10.105,0.028947
10.1061,0.0290787
10.1061,0.0290688
10.1072,0.0291852
10.1072,0.0291621
10.1084,0.0292668
10.1084,0.0292335
10.1095,0.0293293
10.1095,0.0292881
10.1107,0.0293771
10.1107,0.029205
10.1119,0.0291793
10.1119,0.0290319
10.113,0.0290279
10.113,0.0288994
10.1141,0.029037
10.1141,0.0290324
10.1152,0.0291533
10.1152,0.0291342
10.1164,0.0292424
10.1164,0.0292121
10.1175,0.0293106
10.1175,0.0292718
10.1187,0.0293628
10.1187,0.0291924
10.1199,0.0291684
10.1199,0.0290223
10.121,0.0290195
10.121,0.0288921
10.1221,0.0290306
10.1221,0.0290268
10.1232,0.0291484
10.1232,0.0291299
10.1244,0.0292386
10.1244,0.0290838
10.1256,0.0290733
10.1256,0.0290642
10.1267,0.0291811
10.1267,0.0290335
10.1279,0.0290293
10.1279,0.0289006
10.129,0.0289131
10.129,0.0287989
10.1301,0.0289491
10.1301,0.0289554
10.1312,0.029086
10.1312,0.0290753
10.1324,0.0291908
10.1324,0.029167
10.1336,0.0292711
10.1336,0.0292372
10.1347,0.0293326
10.1347,0.029166
10.1359,0.0291452
10.1359,0.0290021
10.137,0.0290018
10.137,0.0288766
10.1381,0.029017
10.1381,0.0290149
10.1392,0.029138
10.1392,0.0291208
10.1405,0.0292307
10.1405,0.0292018
10.1416,0.0293016
10.1416,0.0292639
10.1427,0.0293559
10.1427,0.0291864
10.1439,0.0291631
10.1439,0.0290177
10.145,0.0290155
10.145,0.0288886
10.1461,0.0290275
10.1461,0.0290241
10.1472,0.0291461
10.1472,0.0291278
10.1485,0.0292368
10.1485,0.0292072
10.1496,0.0293063
10.1496,0.029268
10.1507,0.0293595
10.1507,0.0291896
10.1519,0.0291659
10.1519,0.0290201
10.153,0.0290176
10.153,0.0290154
10.1541,0.0291385
10.1541,0.0292462
10.1554,0.0293404
10.1554,0.0294229
10.1565,0.029495
10.1565,0.0295581
10.1576,0.0296134
10.1576,0.0296617
10.1587,0.029704
10.1587,0.029741
10.1599,0.0296484
10.1599,0.0295673
10.161,0.0294964
10.161,0.0294343
10.1621,0.0295051
10.1621,0.0295669
10.1634,0.0296211
10.1634,0.0296684
10.1645,0.0297099
10.1645,0.0297461
10.1656,0.0297779
10.1656,0.0298056
10.1667,0.0298299
10.1667,0.0298512
10.1679,0.0297448
10.1679,0.0296517
10.169,0.0295702
10.169,0.0294989
10.1702,0.0295616
10.1702,0.0296164
10.1714,0.0296643
10.1714,0.0297063
10.1725,0.029743
10.1725,0.0297751
10.1736,0.0298032
10.1736,0.0298278
10.1747,0.0298494
10.1747,0.0298682
10.1759,0.0297597
10.1759,0.0296647
10.177,0.0295816
10.177,0.0295089
10.1782,0.0295703
10.1782,0.029624
10.1794,0.029671
10.1794,0.0297121
10.1805,0.0297481
10.1805,0.0297796
10.1816,0.0298072
10.1816,0.0298313
10.1827,0.0298523
10.1827,0.0298708
10.1839,0.029762
10.1839,0.0296667
10.1851,0.0297084
10.1851,0.0297448
10.1862,0.0297767
10.1862,0.0298046
10.1874,0.0298291
10.1874,0.0298504
10.1885,0.0298691
10.1885,0.0298855
10.1896,0.0298998
10.1896,0.0299123
10.1907,0.0299233
10.1907,0.0299329
10.192,0.0298163
10.192,0.0297142
10.1931,0.0297499
10.1931,0.0297812
10.1942,0.0298086
10.1942,0.0298325
10.1954,0.0298534
10.1954,0.0298717
10.1965,0.0298878
10.1965,0.0299018
10.1976,0.0299141
10.1976,0.0299248
10.1987,0.0299342
10.1987,0.0299424
10.2,0.0298246
10.2,0.0297216
10.2011,0.0297564
10.2011,0.0297868
10.2022,0.0298135
10.2022,0.0298368
10.2034,0.0298572
10.2034,0.029875
10.2045,0.0298907
10.2045,0.0299043
10.2056,0.0299163
10.2056,0.0299267
10.2069,0.0299359
10.2069,0.0299439
10.208,0.0298259
10.208,0.0297227
10.2091,0.0297573
10.2091,0.0297877
10.2102,0.0298142
10.2102,0.0298374
10.2114,0.0298578
10.2114,0.0298755
10.2125,0.0298911
10.2125,0.0299047
10.2136,0.0299166
10.2136,0.029927
10.215,0.0298112
10.215,0.0297098
10.216,0.029621
10.216,0.0295434
10.2177,0.0296005
10.2177,0.0296504
10.2182,0.0296941
10.2182,0.0297324
10.2194,0.0297658
10.2194,0.0297951
10.2205,0.0298207
10.2205,0.0298431
10.2217,0.0298627
10.2217,0.0298799
10.2229,0.0297699
10.2229,0.0296737
10.224,0.0295894
10.224,0.0295158
10.2251,0.0295763
10.2251,0.0296293
10.2262,0.0296756
10.2262,0.0297162
10.2274,0.0297516
10.2274,0.0297827
10.2285,0.0298098
10.2285,0.0298336
10.2297,0.0298544
10.2297,0.0298726
10.2309,0.0297635
10.2309,0.0296681
10.232,0.0295846
10.232,0.0295115
10.2331,0.0295726
10.2331,0.029626
10.2342,0.0296727
10.2342,0.0297137
10.2354,0.0297494
10.2354,0.0297808
10.2366,0.0298082
10.2366,0.0298321
10.2377,0.0298531
10.2377,0.0298715
10.2389,0.0297625
10.2389,0.0296672
10.24,0.0295838
10.24,0.0295108
10.2411,0.029572
10.2411,0.0296255
10.2422,0.0296723
10.2422,0.0297133
10.2434,0.0297491
10.2434,0.0297805
10.2446,0.0298079
10.2446,0.0298319
10.2457,0.0298529
10.2457,0.0298713
10.2469,0.0297624
10.2469,0.0296671
10.248,0.0295837
10.248,0.0295107
10.2491,0.0295719
10.2491,0.0296254
10.2502,0.0296722
10.2502,0.0297132
10.2515,0.0297491
10.2515,0.0297804
10.2526,0.0298079
10.2526,0.0298319
10.2537,0.0298529
10.2537,0.0298713
10.255,0.0297624
10.255,0.0296671
10.256,0.0295837
10.256,0.0295107
10.2571,0.0295719
10.2571,0.0296254
10.2584,0.0296722
10.2584,0.0297132
10.2595,0.029749
10.2595,0.0297804
10.2606,0.0298079
10.2606,0.0298319
10.2617,0.0298529
10.2617,0.0298713
10.2629,0.0297624
10.2629,0.0296671
10.264,0.0295837
10.264,0.0295107
10.2651,0.0296969
10.2651,0.0297348
10.2664,0.0298929
10.2664,0.0299063
10.2675,0.030043
10.2675,0.0300376
10.2686,0.0301579
10.2686,0.0301382
10.2697,0.0302459
10.2697,0.0302152
10.2709,0.0303133
10.2709,0.0301491
10.272,0.0301305
10.272,0.0299892
10.2732,0.0301155
10.2732,0.0301011
10.2744,0.0302134
10.2744,0.0301868
10.2756,0.0302884
10.2756,0.0302524
10.2766,0.0303458
10.2766,0.0303026
10.2777,0.0303898
10.2777,0.030341
10.2789,0.0304234
10.2789,0.0302455
10.28,0.0302148
10.28,0.030063
10.2812,0.0301801
10.2812,0.0301576
10.283,0.0302629
10.283,0.03023
10.2835,0.0303263
10.2835,0.0302855
10.2846,0.0303748
10.2846,0.0303279
10.2857,0.030412
10.2857,0.0303605
10.2869,0.0304404
10.2869,0.0302603
10.2881,0.0303528
10.2881,0.0303087
10.2892,0.0303951
10.2892,0.0303457
10.2904,0.0304275
10.2904,0.0303741
10.2915,0.0304523
10.2915,0.0303958
10.2926,0.0304713
10.2926,0.0304124
10.2937,0.0304858
10.2937,0.0304251
10.295,0.030497
10.295,0.0303098
10.2961,0.0303961
10.2961,0.0303466
10.2972,0.0304283
10.2972,0.0303747
10.2984,0.0304529
10.2984,0.0303963
10.2995,0.0304717
10.2995,0.0304128
10.3006,0.0304862
10.3006,0.0304254
10.3017,0.0304972
10.3017,0.0304351
10.303,0.0305057
10.303,0.0303175
10.3041,0.0304028
10.3041,0.0303524
10.3052,0.0304334
10.3052,0.0303792
10.3064,0.0304568
10.3064,0.0303997
10.3075,0.0304747
10.3075,0.0304154
10.3086,0.0304885
10.3086,0.0304274
10.3097,0.030499
10.3097,0.0304366
10.311,0.030507
10.311,0.0303187
10.3121,0.0304038
10.3121,0.0303533
10.3132,0.0304342
10.3132,0.0303799
10.3144,0.0304574
10.3144,0.0304002
10.3156,0.0304752
10.3156,0.0304158
10.3166,0.0304888
10.3166,0.0304277
10.3179,0.0304993
10.3179,0.0303119
10.319,0.0302729
10.319,0.0301138
10.3201,0.0302245
10.3201,0.0301965
10.3212,0.0302969
10.3212,0.0302598
10.3224,0.0303523
10.3224,0.0303083
10.3235,0.0303947
10.3235,0.0303454
10.3246,0.0304272
10.3246,0.0303738
10.3259,0.0304521
10.3259,0.0302706
10.327,0.0302368
10.327,0.0300822
10.3281,0.0301969
10.3281,0.0301723
10.3292,0.0302757
10.3292,0.0302413
10.3304,0.0303361
10.3304,0.0302941
10.3315,0.0303823
10.3315,0.0303345
10.3327,0.0304177
10.3327,0.0303655
10.3339,0.0304448
10.3339,0.0302642
10.335,0.0302312
10.335,0.0300773
10.3361,0.0301926
10.3361,0.0301685
10.3372,0.0302725
10.3372,0.0302384
10.3384,0.0303336
10.3384,0.0302919
10.3396,0.0303804
10.3396,0.0303329
10.3407,0.0304163
10.3407,0.0303642
10.3419,0.0304437
10.3419,0.0302632
10.343,0.0302303
10.343,0.0300765
10.3441,0.030192
10.3441,0.030168
10.3452,0.030272
10.3452,0.030238
10.3464,0.0303332
10.3464,0.0302916
10.3482,0.0305051
10.3482,0.030567
10.3487,0.0306211
10.3487,0.0305435
10.3499,0.0306005
10.3499,0.0304005
10.351,0.0303504
10.351,0.0301816
10.3521,0.0302839
10.3521,0.0302484
10.3532,0.0303424
10.3532,0.0302996
10.3545,0.0303871
10.3545,0.0303387
10.3556,0.0304214
10.3556,0.0303687
10.3567,0.0304476
10.3567,0.0303917
10.3579,0.0304677
10.3579,0.0302842
10.359,0.0302487
10.359,0.0300926
10.3601,0.030206
10.3601,0.0301803
10.3619,0.0302828
10.3619,0.0302474
10.3625,0.0303415
10.3625,0.0302988
10.3642,0.0305114
10.3642,0.0305725
10.3647,0.030626
10.3647,0.0305477
10.3659,0.0306042
10.3659,0.0304037
10.367,0.0303532
10.367,0.0301841
10.3681,0.0302861
10.3681,0.0302503
10.3694,0.030344
10.3694,0.030301
10.3705,0.0303884
10.3705,0.0303398
10.3716,0.0304224
10.3716,0.0303696
10.3727,0.0304484
10.3727,0.0303923
10.3739,0.0304683
10.3739,0.0302847
10.375,0.0302492
10.375,0.030093
10.3761,0.0302064
10.3761,0.0301806
10.3774,0.030283
10.3774,0.0301226
10.3785,0.0301073
10.3785,0.0300939
10.3796,0.0302072
10.3796,0.0303063
10.3814,0.030518
10.3814,0.0307032
10.3819,0.0307403
10.3819,0.0307728
10.383,0.0306762
10.383,0.0305917
10.3842,0.0306427
10.3842,0.0306874
10.3854,0.0307264
10.3854,0.0307606
10.3865,0.0307906
10.3865,0.0308167
10.3876,0.0308396
10.3876,0.0308597
10.3887,0.0308772
10.3887,0.0308926
10.3899,0.030906
10.3899,0.0309178
10.391,0.030803
10.391,0.0307027
10.3922,0.0307398
10.3922,0.0307723
10.3934,0.0308008
10.3934,0.0308257
10.3945,0.0307225
10.3945,0.0306322
10.3956,0.0306782
10.3956,0.0307184
10.3967,0.0307536
10.3967,0.0307844
10.3979,0.0308113
10.3979,0.0308349
10.3991,0.0308556
10.3991,0.0308736
10.4002,0.0308894
10.4002,0.0309032
10.4014,0.0309153
10.4014,0.0309259
10.4025,0.0309352
10.4025,0.0309433
10.4036,0.0309504
10.4036,0.0309566
10.4047,0.030962
10.4047,0.0309667
10.406,0.0309709
10.406,0.0309745
10.4071,0.0309777
10.4071,0.0309805
10.4082,0.0309829
10.4082,0.0309851
10.4094,0.0309869
10.4094,0.0309886
10.4105,0.03099
10.4105,0.0309913
10.4116,0.0308673
10.4116,0.0307589
10.4127,0.0307891
10.4127,0.0308154
10.414,0.0308385
10.414,0.0308587
10.4151,0.0308763
10.4151,0.0308918
10.4162,0.0309053
10.4162,0.0309172
10.4174,0.0309275
10.4174,0.0309366
10.4185,0.0309445
10.4185,0.0309514
10.4196,0.0309575
10.4196,0.0309628
10.4209,0.0309675
10.4209,0.0309715
10.422,0.0309751
10.422,0.0309782
10.4231,0.0309809
10.4231,0.0309833
10.4242,0.0309854
10.4242,0.0309872
10.4254,0.0309888
10.4254,0.0309902
10.4265,0.0309914
10.4265,0.0309925
10.4276,0.0309934
10.4276,0.0309943
10.4289,0.030995
10.4289,0.0309956
10.43,0.0308712
10.43,0.0307623
10.4311,0.030792
10.4311,0.030818
10.4322,0.0308407
10.4322,0.0308606
10.4334,0.0308781
10.4334,0.0308933
10.4345,0.0309066
10.4345,0.0309183
10.4357,0.0309285
10.4357,0.0309375
10.4369,0.0309453
10.4369,0.0309521
10.438,0.0308331
10.438,0.030729
10.4391,0.0307628
10.4391,0.0307925
10.4402,0.0308184
10.4402,0.0308411
10.4414,0.030861
10.4414,0.0308784
10.4425,0.0308936
10.4425,0.0309069
10.4437,0.0309185
10.4437,0.0309287
10.445,0.0309376
10.445,0.0309454
10.446,0.0308272
10.446,0.0307238
10.4471,0.0307583
10.4471,0.0307886
10.4482,0.030815
10.4482,0.0308381
10.4494,0.0308583
10.4494,0.0308761
10.4506,0.0308915
10.4506,0.0309051
10.4517,0.030917
10.4517,0.0309273
10.4529,0.0309364
10.4529,0.0309444
10.454,0.0308263
10.454,0.030723
10.4551,0.0307577
10.4551,0.0307879
10.4562,0.0308145
10.4562,0.0308376
10.4574,0.0308579
10.4574,0.0308757
10.4586,0.0308912
10.4586,0.0309048
10.4597,0.0309167
10.4597,0.0309271
10.4609,0.0309362
10.4609,0.0309442
10.462,0.0308262
10.462,0.0307229
10.4631,0.0307575
10.4631,0.0307879
10.4642,0.0308144
10.4642,0.0308376
10.4656,0.0308579
10.4656,0.0308756
10.4672,0.0310162
10.4672,0.0311392
10.4684,0.0312468
10.4684,0.0313409
10.4689,0.0312983
10.4689,0.031261
10.47,0.0311034
10.47,0.0309655
10.4711,0.0309698
10.4711,0.0309736
10.4722,0.0309769
10.4722,0.0309798
10.4735,0.0309823
10.4735,0.0309845
10.4746,0.0309864
10.4746,0.0309881
10.4757,0.0309896
10.4757,0.0309909
10.4769,0.030992
10.4769,0.030993
10.478,0.0308689
10.478,0.0307603
10.4791,0.0307903
10.4791,0.0308165
10.4804,0.0308394
10.4804,0.0308595
10.4815,0.0308771
10.4815,0.0308924
10.4826,0.0309059
10.4826,0.0309176
10.4837,0.0309279
10.4837,0.0309369
10.485,0.0309448
10.485,0.0309517
10.486,0.0308328
10.486,0.0307287
10.4872,0.0307626
10.4872,0.0307923
10.4884,0.0308182
10.4884,0.0308409
10.4895,0.0308608
10.4895,0.0308782
10.4906,0.0308934
10.4906,0.0309068
10.4917,0.0309184
10.4917,0.0309286
10.4929,0.0309375
10.4929,0.0309453
10.494,0.0310772
10.494,0.0309425
10.4952,0.0310747
10.4952,0.0310654
10.4964,0.0311822
10.4964,0.0311594
10.4975,0.0312645
10.4975,0.0311064
10.4986,0.0310931
10.4986,0.0309565
10.4997,0.0309619
10.4997,0.0309667
10.5009,0.0310958
10.5009,0.0310839
10.5021,0.0313234
10.5021,0.031283
10.5032,0.0313726
10.5032,0.031326
10.5044,0.0314103
10.5044,0.031359
10.5056,0.0314391
10.5056,0.0313842
10.5072,0.0315862
10.5072,0.0316379
10.5077,0.0316832
10.5077,0.0315978
10.5089,0.0316481
10.5089,0.031567
10.5101,0.0317462
10.5101,0.0316529
10.5112,0.0316963
10.5112,0.0316092
10.5124,0.0316581
10.5124,0.0315758
10.5141,0.0317539
10.5141,0.0317846
10.5146,0.0318115
10.5146,0.0317101
10.5157,0.0317463
10.5157,0.031653
10.517,0.0316964
10.517,0.0316094
10.5181,0.0317832
10.5181,0.0316853
10.5192,0.0317246
10.5192,0.031634
10.5204,0.0316798
10.5204,0.0315948
10.5215,0.0316455
10.5215,0.0315648
10.5226,0.0316192
10.5226,0.0315418
10.5237,0.0315991
10.5237,0.0315242
10.525,0.0315837
10.525,0.0315107
10.5261,0.0316969
10.5261,0.0316098
10.5272,0.0316585
10.5272,0.0315762
10.5284,0.0316292
10.5284,0.0315505
10.5295,0.0316067
10.5295,0.0315309
10.5306,0.0315895
10.5306,0.0315158
10.5319,0.0315764
10.5319,0.0315043
10.533,0.0315663
10.533,0.0313705
10.5341,0.0314492
10.5341,0.031393
10.5352,0.0314689
10.5352,0.0314103
10.5364,0.031484
10.5364,0.0314235
10.5375,0.0314956
10.5375,0.0313086
10.5386,0.03127
10.5386,0.0312363
10.5399,0.0313317
10.5399,0.0312903
10.541,0.031379
10.541,0.0312066
10.5427,0.0313058
10.5427,0.0312676
10.5432,0.0313591
10.5432,0.0313142
10.5444,0.0314
10.5444,0.031225
10.545,0.0310718
10.5456,0.0310629
10.5461,0.03118
10.5467,0.0311575
10.5472,0.0312628
10.5479,0.03123
10.5484,0.0313262
10.549,0.0311604
10.5495,0.0311404
10.5501,0.0311228
10.5507,0.0311075
10.5512,0.031094
10.5519,0.0310823
10.5524,0.031072
10.553,0.031063
10.5536,0.0310551
10.5541,0.0311732
10.5547,0.0311516
10.5552,0.0312576
10.5559,0.0312254
10.5564,0.0313222
10.557,0.031157
10.5576,0.0311373
10.5581,0.0311202
10.5594,0.0312302
10.5594,0.0312014
10.5599,0.0311762
10.5604,0.0311542
10.561,0.0311349
10.5616,0.031118
10.5621,0.0312283
10.5627,0.0311998
10.5632,0.0312998
10.5639,0.0312623
10.5644,0.0313545
10.565,0.0311852
10.5656,0.0311621
10.5661,0.0311418
10.5667,0.0311241
10.5672,0.0311086
10.5679,0.031095
10.5685,0.0310831
10.569,0.0310727
10.5696,0.0310636
10.5701,0.0311807
10.5707,0.0311581
10.5712,0.0312633
10.5719,0.0312304
10.5725,0.0313266
10.573,0.0311608
10.5736,0.0311407
10.5741,0.0311231
10.5747,0.0311077
10.5752,0.0310942
10.5759,0.0310825
10.5765,0.0311972
10.577,0.0311725
10.5776,0.0311509
10.5781,0.0312571
10.5787,0.0312249
10.5792,0.0313218
10.5799,0.0312816
10.5805,0.0313714
10.5816,0.03145
10.5817,0.0313937
10.5821,0.0314695
10.5827,0.0314108
10.5834,0.0314845
10.5839,0.0314239
10.5845,0.0314959
10.585,0.0314339
10.5856,0.0313797
10.5861,0.0314572
10.5867,0.0314001
10.5874,0.0314751
10.5879,0.0314157
10.5885,0.0314887
10.589,0.0314276
10.5896,0.0313742
10.5901,0.0313274
10.5907,0.0312865
10.5914,0.0313757
10.5919,0.0313287
10.5925,0.0314126
10.593,0.031361
10.5936,0.0313159
10.5942,0.0314014
10.5947,0.0313512
10.5954,0.0314323
10.5959,0.0313783
10.5965,0.031456
10.597,0.031399
10.5976,0.0313491
10.5982,0.0314305
10.5987,0.0313767
10.5994,0.0314546
10.5999,0.0313978
10.6005,0.031473
10.601,0.0314139
10.6016,0.0313622
10.6022,0.0314419
10.6027,0.0313867
10.6034,0.0314633
10.6039,0.0314054
10.6045,0.0314797
10.605,0.0314198
10.6056,0.0313673
10.6062,0.0314464
10.6067,0.0313906
10.6074,0.0314668
10.6079,0.0314084
10.6085,0.0314824
10.6091,0.0315471
10.6096,0.0314787
10.6102,0.0315438
10.6107,0.0314759
10.6114,0.0315414
10.6119,0.0315987
10.6125,0.0316489
10.6131,0.0316928
10.6136,0.0317312
10.6142,0.0317648
10.6147,0.0317942
10.6154,0.0318199
10.6159,0.0318424
10.6165,0.0318621
10.6171,0.0320043
10.6176,0.0320038
10.6182,0.0320033
10.6187,0.0320029
10.6194,0.0320025
10.62,0.0320022
10.6205,0.0320019
10.6211,0.0321267
10.6216,0.0321109
10.6222,0.032097
10.6227,0.0320849
10.6234,0.0320743
10.624,0.032065
10.6245,0.0320569
10.6251,0.0321748
10.6256,0.0321529
10.6262,0.0321338
10.6274,0.0322421
10.6275,0.0322118
10.628,0.0321853
10.6285,0.0321622
10.6291,0.0322669
10.6296,0.0322335
10.6302,0.0322043
10.6307,0.0321788
10.6314,0.0321564
10.632,0.0321369
10.6325,0.0321198
10.6331,0.0322298
10.6336,0.0322011
10.6342,0.0321759
10.6354,0.032279
10.6354,0.0322441
10.6365,0.0323386
10.6365,0.0322962
10.6376,0.0323842
10.6376,0.0323362
10.6389,0.0322942
10.6389,0.0322574
10.64,0.0322252
10.64,0.0321971
10.6417,0.0322974
10.6417,0.0322603
10.6422,0.0323527
10.6422,0.0323086
10.644,0.0323951
10.644,0.0323457
10.6445,0.0324275
10.6445,0.032374
10.6456,0.0323273
10.6456,0.0322864
10.6469,0.0322506
10.6469,0.0322192
10.648,0.0321918
10.648,0.0321679
10.6491,0.0322719
10.6491,0.0322379
10.6502,0.0323332
10.6502,0.0322915
10.6514,0.0323801
10.6514,0.0323326
10.6525,0.032416
10.6525,0.032364
10.6537,0.0323185
10.6537,0.0322787
10.655,0.0322438
10.655,0.0322134
10.656,0.0321867
10.656,0.0321634
10.6571,0.0322679
10.6571,0.0322344
10.6582,0.0323301
10.6582,0.0322889
10.6594,0.0322528
10.6594,0.0322212
10.6606,0.0323185
10.6606,0.0322787
10.6617,0.0322439
10.6617,0.0322134
10.6629,0.0321867
10.6629,0.0321634
10.664,0.0321429
10.664,0.0321251
10.6651,0.0322344
10.6651,0.0322051
10.6662,0.0323045
10.6662,0.0322664
10.6674,0.0322331
10.6674,0.032204
10.6686,0.0321785
10.6686,0.0321562
10.6697,0.0321367
10.6697,0.0321196
10.6709,0.0321046
10.6709,0.0320915
10.672,0.0320801
10.672,0.0320701
10.6731,0.0320613
10.6731,0.0320537
10.6742,0.032047
10.6742,0.0320411
10.6756,0.0320359
10.6756,0.0320315
10.6766,0.0320275
10.6766,0.0320241
10.6777,0.0320211
10.6777,0.0320184
10.6789,0.0320161
10.6789,0.0320141
10.68,0.0320123
10.68,0.0320108
10.6811,0.0320095
10.6811,0.0320083
10.6822,0.0320072
10.6822,0.0320063
10.6835,0.0320055
10.6835,0.0320048
10.6846,0.0320042
10.6846,0.0320037
10.6857,0.0320032
10.6857,0.0320028
10.6869,0.0320025
10.6869,0.0320022
10.688,0.0320019
10.688,0.0320017
10.6891,0.0320015
10.6891,0.0320013
10.6904,0.0320011
10.6904,0.032001
10.6915,0.0320009
10.6915,0.0320007
10.6926,0.0320007
10.6926,0.0320006
10.6937,0.0320005
10.6937,0.0320004
10.6956,0.0321254
10.6956,0.0322347
10.696,0.0322054
10.696,0.0321797
10.6971,0.0321572
10.6971,0.0321376
10.6984,0.0321204
10.6984,0.0321053
10.6995,0.0320922
10.6995,0.0320806
10.7006,0.0320706
10.7006,0.0320617
10.7017,0.032054
10.7017,0.0320473
10.7029,0.0320414
10.7029,0.0320362
10.704,0.0320317
10.704,0.0320277
10.7052,0.0320242
10.7052,0.0320212
10.7064,0.0320186
10.7064,0.0320162
10.7075,0.0320142
10.7075,0.0320124
10.7086,0.0320109
10.7086,0.0320095
10.7097,0.0320083
10.7097,0.0320073
10.7109,0.0320064
10.7109,0.0320056
10.712,0.0320049
10.712,0.0320043
10.7132,0.0320037
10.7132,0.0320033
10.7144,0.0320029
10.7144,0.0320025
10.7156,0.0320022
10.7156,0.0320019
10.7166,0.0320017
10.7166,0.0320015
10.7177,0.0320013
10.7177,0.0320011
10.7189,0.032001
10.7189,0.0320009
10.7201,0.0321257
10.7201,0.032235
10.7212,0.0322057
10.7212,0.0321799
10.7224,0.0321575
10.7224,0.0321378
10.7235,0.0321205
10.7235,0.0321055
10.7246,0.0320923
10.7246,0.0320808
10.7257,0.0320707
10.7257,0.0320618
10.7275,0.0320541
10.7275,0.0320473
10.7281,0.0321664
10.7281,0.0322706
10.7292,0.0322368
10.7292,0.0322072
10.7304,0.0321813
10.7304,0.0321586
10.7315,0.0321388
10.7315,0.0321215
10.7326,0.0322313
10.7326,0.0322024
10.7337,0.0323021
10.7337,0.0322643
10.735,0.0323563
10.735,0.0323117
10.7361,0.0325228
10.7361,0.0325824
10.7372,0.0327596
10.7372,0.0326647
10.739,0.0327066
10.739,0.0326183
10.7395,0.032666
10.7395,0.0325827
10.7406,0.0326349
10.7406,0.0325555
10.7419,0.0326111
10.7419,0.0325347
10.743,0.0325929
10.743,0.0325188
10.7441,0.0327039
10.7441,0.0327409
10.7452,0.0328983
10.7452,0.032786
10.747,0.0328128
10.747,0.0327112
10.7475,0.0327473
10.7475,0.0326539
10.7486,0.0326971
10.7486,0.03261
10.7499,0.0326587
10.7499,0.0325764
10.751,0.0326293
10.751,0.0325507
10.7521,0.0327318
10.7521,0.0326404
10.7532,0.0326853
10.7532,0.0325997
10.7544,0.0326497
10.7544,0.0325685
10.7556,0.0326224
10.7556,0.0325446
10.7567,0.0326015
10.7567,0.0325263
10.7579,0.0325856
10.7579,0.0325124
10.759,0.0325733
10.759,0.0323766
10.7601,0.0324546
10.7601,0.0323977
10.7612,0.032473
10.7612,0.0324139
10.7624,0.0324872
10.7624,0.0324263
10.7635,0.032498
10.7635,0.0324357
10.7647,0.0325063
10.7647,0.032443
10.7659,0.0325126
10.7659,0.0324485
10.767,0.0325175
10.767,0.0324528
10.7681,0.0326462
10.7681,0.0325654
10.7692,0.0326197
10.7692,0.0325423
10.7704,0.0325995
10.7704,0.0325245
10.7716,0.032584
10.7716,0.032511
10.7727,0.0325721
10.7727,0.0325006
10.7739,0.032563
10.7739,0.0324926
10.775,0.0325561
10.775,0.0324866
10.7761,0.0326757
10.7761,0.0325913
10.7772,0.0326424
10.7772,0.0325621
10.7784,0.0326168
10.7784,0.0325397
10.7796,0.0325972
10.7796,0.0325226
10.7807,0.0325823
10.7807,0.0325095
10.7819,0.0325708
10.7819,0.0324994
10.783,0.032562
10.783,0.0324918
10.7841,0.0326803
10.7841,0.0325953
10.7852,0.0326458
10.7852,0.0325651
10.7865,0.0326195
10.7865,0.032542
10.7876,0.0325993
10.7876,0.0325244
10.7887,0.0325838
10.7887,0.0325108
10.7899,0.032572
10.7899,0.0325005
10.791,0.0325629
10.791,0.0324926
10.7921,0.032681
10.7921,0.0325959
10.7932,0.0326464
10.7932,0.0325656
10.7945,0.0326199
10.7945,0.0325424
10.7956,0.0325996
10.7956,0.0325247
10.7967,0.0325841
10.7967,0.0325111
10.7979,0.0325722
10.7979,0.0325007
10.799,0.0325631
10.799,0.0324927
10.8001,0.0326811
10.8001,0.032596
10.8014,0.0326465
10.8014,0.0325657
10.8025,0.03262
10.8025,0.0325425
10.8036,0.0325996
10.8036,0.0325247
10.8047,0.0325841
10.8047,0.0325111
10.8059,0.0325722
10.8059,0.0325007
10.807,0.0325631
10.807,0.0324927
10.8082,0.0326811
10.8082,0.032596
10.8094,0.0326465
10.8094,0.0325657
10.8111,0.032745
10.8111,0.0327768
10.8116,0.0328047
10.8116,0.0327041
10.8127,0.0327411
10.8127,0.0326485
10.8139,0.0326924
10.8139,0.0326059
10.815,0.0326551
10.815,0.0325732
10.8162,0.0327516
10.8162,0.0326576
10.8174,0.0327004
10.8174,0.0326129
10.8185,0.0326613
10.8185,0.0325786
10.8196,0.0326313
10.8196,0.0325524
10.8207,0.0326083
10.8207,0.0325323
10.8219,0.0325907
10.8219,0.0325169
10.8237,0.0327023
10.8237,0.0327395
10.8242,0.0328971
10.8242,0.0327849
10.8254,0.0328118
10.8254,0.0327103
10.8265,0.0327465
10.8265,0.0326532
10.8276,0.0326966
10.8276,0.0326095
10.8287,0.0326583
10.8287,0.032576
10.8299,0.032629
10.8299,0.0325504
10.8311,0.0327316
10.8311,0.0327651
10.8322,0.0329195
10.8322,0.0328046
10.8334,0.032829
10.8334,0.0327254
10.8345,0.0327597
10.8345,0.0326647
10.8356,0.0327066
10.8356,0.0326183
10.8367,0.032666
10.8367,0.0325828
10.838,0.0326349
10.838,0.0325556
10.8391,0.0327361
10.8391,0.0327691
10.8402,0.032923
10.8402,0.0328076
10.8414,0.0328316
10.8414,0.0327277
10.8425,0.0327617
10.8425,0.0325415
10.8436,0.0324738
10.8436,0.0324146
10.8454,0.0326128
10.8454,0.0326612
10.846,0.0327035
10.846,0.0326156
10.8471,0.0327886
10.8471,0.0328151
10.8482,0.0329632
10.8482,0.0328428
10.8494,0.0328624
10.8494,0.0327546
10.8505,0.0327853
10.8505,0.0326871
10.8516,0.0327262
10.8516,0.0326355
10.8529,0.032681
10.8529,0.0325959
10.854,0.0326464
10.854,0.0326906
10.8551,0.0328543
10.8551,0.0329975
10.8569,0.0329978
10.8569,0.0329981
10.8574,0.0329983
10.8574,0.0329985
10.8585,0.0329987
10.8585,0.0329989
10.8596,0.032999
10.8596,0.0329991
10.8609,0.0329992
10.8609,0.0329993
10.862,0.0329994
10.862,0.0329995
10.8631,0.0331246
10.8631,0.033234
10.8642,0.0332047
10.8642,0.0331791
10.8654,0.0331568
10.8654,0.0331372
10.8665,0.03312
10.8665,0.033105
10.8677,0.0330919
10.8677,0.0330804
10.8689,0.0330703
10.8689,0.0330616
10.87,0.0330539
10.87,0.0330471
10.8711,0.0331662
10.8711,0.0332705
10.8722,0.0332366
10.8722,0.0332071
10.8734,0.0331812
10.8734,0.0331585
10.8745,0.0331387
10.8745,0.0331214
10.8757,0.0331062
10.8757,0.0330929
10.8769,0.0330813
10.8769,0.0330711
10.878,0.0329373
10.878,0.0328201
10.8791,0.0329676
10.8791,0.0330966
10.8802,0.0330846
10.8802,0.033074
10.8814,0.0330647
10.8814,0.0330566
10.8826,0.0330496
10.8826,0.0330434
10.8837,0.0330379
10.8837,0.0330332
10.885,0.0330291
10.885,0.0330254
10.886,0.0330222
10.886,0.0330195
10.8871,0.033142
10.8871,0.0332493
10.8882,0.0332181
10.8882,0.0331908
10.8895,0.033167
10.8895,0.0331461
10.8906,0.0331279
10.8906,0.0331119
10.8917,0.0330979
10.8917,0.0330857
10.8929,0.0330749
10.8929,0.0330656
10.894,0.0330574
10.894,0.0330502
10.8951,0.0331689
10.8951,0.0332728
10.8962,0.0332387
10.8962,0.0332089
10.8975,0.0331828
10.8975,0.0331599
10.8986,0.0331399
10.8986,0.0331224
10.8997,0.0331071
10.8997,0.0330937
10.9009,0.033082
10.9009,0.0330718
10.902,0.0330628
10.902,0.0330549
10.9031,0.0331731
10.9031,0.0332764
10.9044,0.0332419
10.9044,0.0332117
10.9056,0.0331852
10.9056,0.033162
10.9066,0.0331418
10.9066,0.0331241
10.9077,0.0331086
10.9077,0.033095
10.9095,0.0332081
10.9095,0.0333071
10.91,0.0332687
10.91,0.0332351
10.9111,0.0333307
10.9111,0.0334144
10.9124,0.0333626
10.9124,0.0333173
10.9135,0.0332776
10.9135,0.0332429
10.9146,0.0332125
10.9146,0.033186
10.9157,0.0331627
10.9157,0.0331424
10.9169,0.0331246
10.9169,0.033109
10.918,0.0330954
10.918,0.0330835
10.9192,0.033198
10.9192,0.0332983
10.9204,0.033261
10.9204,0.0332284
10.9215,0.0331998
10.9215,0.0331748
10.9226,0.033153
10.9226,0.0331339
10.9237,0.0331171
10.9237,0.0331025
10.925,0.0330897
10.925,0.0330785
10.926,0.0330687
10.926,0.0330601
10.9272,0.0331776
10.9272,0.0332804
10.9284,0.0332453
10.9284,0.0332147
10.9295,0.0331878
10.9295,0.0331643
10.9306,0.0331438
10.9306,0.0331258
10.9317,0.0331101
10.9317,0.0330963
10.9329,0.0330843
10.9329,0.0330738
10.9341,0.0331895
10.9341,0.0332908
10.9352,0.0333795
10.9352,0.0334571
10.9364,0.0333999
10.9364,0.0333499
10.9375,0.0333062
10.9375,0.0332679
10.9386,0.0332344
10.9386,0.0332051
10.9397,0.0331795
10.9397,0.033157
10.9409,0.0331374
10.9409,0.0331202
10.9421,0.0331052
10.9421,0.0330921
10.9432,0.0332055
10.9432,0.0333049
10.9444,0.0332667
10.9444,0.0332334
10.9456,0.0332042
10.9456,0.0331787
10.9466,0.0331564
10.9466,0.0331368
10.9477,0.0331197
10.9477,0.0331047
10.949,0.0330917
10.949,0.0330802
10.9501,0.0331952
10.9501,0.0332958
10.9512,0.0333838
10.9512,0.0334608
10.9524,0.0334032
10.9524,0.0333528
10.9535,0.0333087
10.9535,0.0332701
10.9546,0.0332364
10.9546,0.0332068
10.9565,0.033306
10.9565,0.0333927
10.957,0.0333436
10.957,0.0333007
10.9581,0.0333881
10.9581,0.0334646
10.9592,0.0335315
10.9592,0.0335901
10.9604,0.0335163
10.9604,0.0334518
10.9615,0.0333953
10.9615,0.0333459
10.9626,0.0333026
10.9626,0.0332648
10.9639,0.0332317
10.9639,0.0332027
10.965,0.0331774
10.965,0.0331552
10.9661,0.0332608
10.9661,0.0333532
10.9672,0.0333091
10.9672,0.0332704
10.9684,0.0332366
10.9684,0.0332071
10.9695,0.0331812
10.9695,0.0331585
10.9707,0.0331387
10.9707,0.0331214
10.9719,0.0331062
10.9719,0.0330929
10.973,0.0330813
10.973,0.0330711
10.9741,0.0331872
10.9741,0.0332888
10.9752,0.0332527
10.9752,0.0332211
10.9764,0.0331935
10.9764,0.0331693
10.9775,0.0331481
10.9775,0.0331296
10.9787,0.0332384
10.9787,0.0332086
10.9799,0.0333075
10.9799,0.0332691
10.981,0.0333605
10.981,0.0333154
10.9821,0.033526
10.9821,0.0335852
10.9832,0.0337621
10.9832,0.0336668
10.9844,0.0337085
10.9844,0.0336199
10.9856,0.0336674
10.9856,0.033584
10.9867,0.033636
10.9867,0.0335565
10.9879,0.0336119
10.9879,0.0335354
10.989,0.0335935
10.989,0.0333943
10.9901,0.03347
10.9901,0.0335363
10.9912,0.0337192
10.9912,0.0336293
10.9924,0.0336757
10.9924,0.0335912
10.9936,0.0336423
10.9936,0.033562
10.9947,0.0336168
10.9947,0.0335397
10.9959,0.0335972
10.9959,0.0335226
10.997,0.0335822
10.997,0.0335095
10.9981,0.0336958
10.9981,0.0337338
10.9992,0.0338921
10.9992,0.0337806
11.0005,0.033808
11.0005,0.033707
11.0016,0.0337436
11.0016,0.0336507
11.0027,0.0336943
11.0027,0.0336075
11.0039,0.0336566
11.0039,0.0335745
11.005,0.0336277
11.005,0.0335492
11.0061,0.0337306
11.0061,0.0337643
11.0072,0.0339187
11.0072,0.0338039
11.0085,0.0338284
11.0085,0.0337249
11.0096,0.0337592
11.0096,0.0336643
11.0107,0.0337063
11.0107,0.033618
11.0119,0.0336658
11.0119,0.0335825
11.013,0.0336347
11.013,0.0335554
11.0141,0.033736
11.0141,0.033769
11.0154,0.0339228
11.0154,0.0338075
11.0165,0.0338315
11.0165,0.0337276
11.0176,0.0337617
11.0176,0.0336664
11.0187,0.0337081
11.0187,0.0336196
11.0199,0.0336672
11.0199,0.0335838
11.021,0.0336358
11.021,0.0335563
11.0221,0.0337368
11.0221,0.0337697
11.0234,0.0339235
11.0234,0.033808
11.0245,0.033832
11.0245,0.033728
11.0256,0.033762
11.0256,0.0336668
11.0267,0.0337084
11.0267,0.0336199
11.0279,0.0336674
11.0279,0.033584
11.029,0.033636
11.029,0.0335565
11.0302,0.0337369
11.0302,0.0337698
11.0314,0.0339236
11.0314,0.0338081
11.0325,0.0338321
11.0325,0.0337281
11.0336,0.0337621
11.0336,0.0336668
11.0347,0.0337085
11.0347,0.0336199
11.0359,0.0336674
11.0359,0.033584
11.0371,0.033761
11.0371,0.0337909
11.0382,0.033942
11.0382,0.0339493
11.0394,0.0340806
11.0394,0.0339455
11.0405,0.0339523
11.0405,0.0338333
11.0416,0.0338541
11.0416,0.0337474
11.0427,0.0337789
11.0427,0.0336816
11.0439,0.0337214
11.0439,0.0336312
11.0451,0.0338023
11.0451,0.033827
11.0462,0.0339736
11.0462,0.0339769
11.0474,0.0341048
11.0474,0.0339667
11.0485,0.0339709
11.0485,0.0338495
11.0496,0.0338683
11.0496,0.0337598
11.0507,0.0337898
11.0507,0.0336911
11.052,0.0337297
11.052,0.0336385
11.0531,0.0338087
11.0531,0.0338326
11.0542,0.0339785
11.0542,0.0339812
11.0554,0.0341085
11.0554,0.03397
11.0565,0.0339737
11.0565,0.033852
11.0576,0.0338705
11.0576,0.0337617
11.0587,0.0337915
11.0587,0.0336925
11.06,0.033731
11.06,0.0336396
11.0611,0.0338097
11.0611,0.0338334
11.0622,0.0339793
11.0622,0.0339819
11.0634,0.0341091
11.0634,0.0339705
11.0645,0.0339742
11.0645,0.0338524
11.0656,0.0338709
11.0656,0.033762
11.0669,0.0337917
11.0669,0.0336928
11.068,0.0337312
11.068,0.0336398
11.0691,0.0338098
11.0691,0.0338336
11.0702,0.0339794
11.0702,0.033857
11.0714,0.0338748
11.0714,0.0337655
11.0725,0.0337948
11.0725,0.0336954
11.0736,0.0337335
11.0736,0.0336418
11.075,0.0336866
11.075,0.0336008
11.076,0.0336507
11.076,0.0335693
11.0771,0.0337482
11.0771,0.0337797
11.0782,0.0339322
11.0782,0.0338157
11.0794,0.0338387
11.0794,0.0337339
11.0805,0.0337671
11.0805,0.0336712
11.0817,0.0337123
11.0817,0.0336233
11.0829,0.0336704
11.0829,0.0335866
11.084,0.0336383
11.084,0.0335585
11.0851,0.0337387
11.0851,0.0337713
11.0862,0.0339249
11.0862,0.0338093
11.0874,0.0338331
11.0874,0.033729
11.0885,0.0337629
11.0885,0.0336675
11.0897,0.0337091
11.0897,0.0336204
11.0909,0.0336679
11.0909,0.0335844
11.092,0.0336363
11.092,0.0335568
11.0931,0.0337372
11.0931,0.0337701
11.0942,0.0339238
11.0942,0.0338083
11.0954,0.0338323
11.0954,0.0337282
11.0966,0.0337622
11.0966,0.0336669
11.0984,0.0338336
11.0984,0.0338544
11.0989,0.0338726
11.0989,0.0337635
11.1,0.0337931
11.1,0.0336939
11.1011,0.0338572
11.1011,0.033875
11.1022,0.0340157
11.1022,0.0338887
11.1035,0.0339026
11.1035,0.0337898
11.1046,0.0338161
11.1046,0.0338391
11.1057,0.0338592
11.1057,0.0338768
11.1069,0.0338922
11.1069,0.0339057
11.108,0.0339174
11.108,0.0339278
11.1091,0.0340618
11.1091,0.0341791
11.1102,0.0342817
11.1102,0.0343715
11.1115,0.034325
11.1115,0.0342844
11.1126,0.0342489
11.1126,0.0342177
11.1137,0.0341905
11.1137,0.0341667
11.115,0.0341459
11.115,0.0341276
11.116,0.0341117
11.116,0.0340977
11.1171,0.0342105
11.1171,0.0343092
11.1184,0.0343955
11.1184,0.0344711
11.1195,0.0344122
11.1195,0.0343607
11.1206,0.0343156
11.1206,0.0342761
11.1217,0.0342416
11.1217,0.0342114
11.1229,0.034185
11.1229,0.0341619
11.124,0.0341416
11.124,0.0341239
11.1251,0.0342334
11.1251,0.0343293
11.1264,0.0344131
11.1264,0.0344865
11.1275,0.0344257
11.1275,0.0343724
11.1286,0.0343259
11.1286,0.0342852
11.1297,0.0342495
11.1297,0.0342183
11.1309,0.034191
11.1309,0.0341672
11.132,0.0340213
11.132,0.0338936
11.1332,0.0340319
11.1332,0.0341529
11.1344,0.0342588
11.1344,0.0343514
11.1356,0.0343075
11.1356,0.0342691
11.1366,0.0342354
11.1366,0.034206
11.1377,0.0341803
11.1377,0.0341577
11.1389,0.034138
11.1389,0.0341208
11.14,0.0341057
11.14,0.0340925
11.1412,0.0342059
11.1412,0.0343052
11.1424,0.034392
11.1424,0.034468
11.1435,0.0344095
11.1435,0.0343583
11.1446,0.0343135
11.1446,0.0342743
11.1457,0.03424
11.1457,0.03421
11.1469,0.0341838
11.1469,0.0341608
11.1481,0.0342657
11.1481,0.0343575
11.1492,0.0344378
11.1492,0.0345081
11.1504,0.0345696
11.1504,0.0346234
11.1515,0.0345455
11.1515,0.0344773
11.1526,0.0344176
11.1526,0.0343654
11.1537,0.0343197
11.1537,0.0342798
11.155,0.0342448
11.155,0.0342142
11.1561,0.0343124
11.1561,0.0343984
11.1572,0.0344736
11.1572,0.0345394
11.1584,0.034597
11.1584,0.0346473
11.1595,0.0345664
11.1595,0.0344956
11.1606,0.0344337
11.1606,0.0343795
11.1617,0.034332
11.1617,0.0342905
11.163,0.0342542
11.163,0.0342224
11.1641,0.0343196
11.1641,0.0344047
11.1652,0.0344791
11.1652,0.0345442
11.1664,0.0346012
11.1664,0.034651
11.1675,0.0345696
11.1675,0.0344984
11.1686,0.0344361
11.1686,0.0343816
11.1697,0.0343339
11.1697,0.0342922
11.171,0.0342557
11.171,0.0342237
11.1721,0.0343207
11.1721,0.0344056
11.1732,0.0344799
11.1732,0.0345449
11.1744,0.0346018
11.1744,0.0346516
11.1756,0.0345701
11.1756,0.0344989
11.1766,0.0344365
11.1766,0.034382
11.1779,0.0343342
11.1779,0.0342924
11.179,0.0342559
11.179,0.0342239
11.1801,0.0343209
11.1801,0.0344058
11.1812,0.0344801
11.1812,0.0345451
11.1824,0.0344769
11.1824,0.0344173
11.1835,0.0343651
11.1835,0.0343195
11.1847,0.0342796
11.1847,0.0342446
11.1859,0.034214
11.1859,0.0341873
11.187,0.0341639
11.187,0.0341434
11.1881,0.0342505
11.1881,0.0343442
11.1892,0.0344261
11.1892,0.0344979
11.1904,0.0344356
11.1904,0.0343812
11.1915,0.0343335
11.1915,0.0342918
11.1927,0.0342554
11.1927,0.0342234
11.1939,0.0341955
11.1939,0.0341711
11.195,0.0341497
11.195,0.034131
11.1961,0.0342396
11.1961,0.0343347
11.1972,0.0344178
11.1972,0.0344906
11.1984,0.0344293
11.1984,0.0343756
11.1996,0.0343287
11.1996,0.0342876
11.2007,0.0342516
11.2007,0.0342202
11.2019,0.0341927
11.2019,0.0341686
11.203,0.0341475
11.203,0.0341291
11.2041,0.0342379
11.2041,0.0343332
11.2052,0.0344165
11.2052,0.0344895
11.2064,0.0344283
11.2064,0.0343747
11.2076,0.0343279
11.2076,0.0342869
11.2087,0.0342511
11.2087,0.0342197
11.2099,0.0341922
11.2099,0.0341682
11.211,0.0341472
11.211,0.0341288
11.2121,0.0342377
11.2121,0.034333
11.2132,0.0344163
11.2132,0.0344893
11.2145,0.0344281
11.2145,0.0343746
11.2156,0.0343278
11.2156,0.0342868
11.2167,0.034251
11.2167,0.0342196
11.2179,0.0341921
11.2179,0.0341681
11.219,0.0341471
11.219,0.0341287
11.2201,0.0342376
11.2201,0.0343329
11.2212,0.0344163
11.2212,0.0344893
11.2225,0.0344281
11.2225,0.0343746
11.2236,0.0343278
11.2236,0.0342868
11.2247,0.034251
11.2247,0.0342196
11.2259,0.0341921
11.2259,0.0341681
11.227,0.0341471
11.227,0.0341287
11.2281,0.0342376
11.2281,0.0343329
11.2294,0.0344163
11.2294,0.0344893
11.2305,0.0344281
11.2305,0.0343746
11.2316,0.0343278
11.2316,0.0342868
11.2327,0.0342509
11.2327,0.0342196
11.2339,0.0343171
11.2339,0.0342775
11.235,0.0343678
11.235,0.0343218
11.2361,0.0345316
11.2361,0.0345901
11.2374,0.0347664
11.2374,0.0347956
11.2385,0.0349461
11.2385,0.0348279
11.2396,0.0348494
11.2396,0.0347432
11.2407,0.0347753
11.2407,0.0346784
11.2419,0.0347186
11.2419,0.0346288
11.243,0.0346752
11.243,0.0345908
11.2442,0.0347669
11.2442,0.0347961
11.2454,0.0349466
11.2454,0.0349532
11.2465,0.0350841
11.2465,0.0349486
11.2476,0.034955
11.2476,0.0348356
11.2487,0.0348562
11.2487,0.0347491
11.2499,0.0347805
11.2499,0.0346829
11.2511,0.0348476
11.2511,0.0348666
11.2522,0.0350083
11.2522,0.0350073
11.2534,0.0351314
11.2534,0.0351149
11.2545,0.0352256
11.2545,0.0350724
11.2556,0.0350633
11.2556,0.0349304
11.2567,0.0349391
11.2567,0.0348217
11.2579,0.034844
11.2579,0.0347385
11.2591,0.0348962
11.2591,0.0349092
11.2602,0.0350455
11.2602,0.0350398
11.2614,0.0351598
11.2614,0.0351399
11.2625,0.0352474
11.2625,0.0350915
11.2636,0.03508
11.2636,0.034945
11.2647,0.0349519
11.2647,0.0348329
11.266,0.0348538
11.266,0.0347471
11.2671,0.0349037
11.2671,0.0349157
11.2682,0.0350513
11.2682,0.0350449
11.2694,0.0351642
11.2694,0.0351437
11.2705,0.0352507
11.2705,0.0350944
11.2716,0.0350826
11.2716,0.0349473
11.2727,0.0349539
11.2727,0.0348346
11.274,0.0348553
11.274,0.0347484
11.2751,0.0349048
11.2751,0.0349167
11.2762,0.0350521
11.2762,0.0350456
11.2774,0.0351649
11.2774,0.0351443
11.2785,0.0352513
11.2785,0.0350949
11.2796,0.035083
11.2796,0.0349476
11.2809,0.0349542
11.2809,0.0348349
11.282,0.0348555
11.282,0.0347486
11.2831,0.034905
11.2831,0.0349169
11.2842,0.0350523
11.2842,0.0350457
11.2854,0.035165
11.2854,0.0350194
11.2865,0.035017
11.2865,0.0348899
11.2876,0.0349036
11.2876,0.0347907
11.2889,0.0348168
11.2889,0.0347147
11.29,0.0347504
11.29,0.0346566
11.2911,0.0348245
11.2911,0.0348464
11.2922,0.0349906
11.2922,0.0349918
11.2934,0.0351178
11.2934,0.0349781
11.2945,0.0349808
11.2945,0.0348582
11.2957,0.034876
11.2957,0.0347665
11.2969,0.0347957
11.2969,0.0346962
11.298,0.0347342
11.298,0.0346424
11.2991,0.0348121
11.2991,0.0348356
11.3002,0.0349811
11.3002,0.0349835
11.3014,0.0351106
11.3014,0.0349717
11.3025,0.0349753
11.3025,0.0348534
11.3037,0.0348717
11.3037,0.0347627
11.305,0.0347924
11.305,0.0346933
11.306,0.0347317
11.306,0.0346402
11.3071,0.0348102
11.3071,0.0348339
11.3082,0.0349797
11.3082,0.0349822
11.3094,0.0351094
11.3094,0.0349708
11.3106,0.0349744
11.3106,0.0348526
11.3117,0.034871
11.3117,0.0347622
11.3129,0.0347919
11.3129,0.0346929
11.314,0.0347313
11.314,0.0346399
11.3151,0.0348099
11.3151,0.0348337
11.3162,0.0349794
11.3162,0.034982
11.3174,0.0351093
11.3174,0.0349706
11.3186,0.0349743
11.3186,0.0348525
11.3197,0.0348709
11.3197,0.0347621
11.3209,0.0347918
11.3209,0.0346928
11.322,0.0347312
11.322,0.0346398
11.3231,0.0348098
11.3231,0.0348336
11.3242,0.0349794
11.3242,0.034982
11.3256,0.0351092
11.3256,0.0349706
11.3266,0.0349743
11.3266,0.0348525
11.3277,0.0348709
11.3277,0.0347621
11.3289,0.0347918
11.3289,0.0346928
11.33,0.0347312
11.33,0.0346398
11.3311,0.0348098
11.3311,0.0348336
11.3324,0.0349794
11.3324,0.034982
11.3335,0.0351092
11.3335,0.0349706
11.3346,0.0349743
11.3346,0.0348525
11.3357,0.0348709
11.3357,0.034762
11.3369,0.0347918
11.3369,0.0346928
11.338,0.0347312
11.338,0.0346398
11.3391,0.0348098
11.3391,0.0348336
11.3404,0.0349794
11.3404,0.034982
11.3415,0.0351092
11.3415,0.0349706
11.3426,0.0349743
11.3426,0.0348525
11.3437,0.0348709
11.3437,0.034762
11.345,0.0347918
11.345,0.0346928
11.346,0.0347312
11.346,0.0346398
11.3472,0.0348098
11.3472,0.0348336
11.3484,0.0349794
11.3484,0.034982
11.3495,0.0351092
11.3495,0.0349706
11.3506,0.0349743
11.3506,0.0348525
11.3517,0.0348709
11.3517,0.034762
11.3529,0.0347918
11.3529,0.0346928
11.354,0.0347312
11.354,0.0346398
11.3552,0.0348098
11.3552,0.0348336
11.3564,0.0349794
11.3564,0.034982
11.3575,0.0351092
11.3575,0.0349706
11.3586,0.0349743
11.3586,0.0348525
11.3597,0.0348709
11.3597,0.034762
11.3609,0.0347918
11.3609,0.0346928
11.3621,0.0348562
11.3621,0.0348742
11.3632,0.0350149
11.3632,0.035138
11.3644,0.0352458
11.3644,0.0353401
11.3656,0.0354226
11.3656,0.0354947
11.3666,0.0354329
11.3666,0.0353788
11.3677,0.0353314
11.3677,0.03529
11.3689,0.0352538
11.3689,0.035222
11.3701,0.0353193
11.3701,0.0354044
11.3712,0.0354788
11.3712,0.035544
11.3724,0.035601
11.3724,0.0356509
11.3735,0.0356945
11.3735,0.0357327
11.3746,0.0356411
11.3746,0.035561
11.3757,0.0354908
11.3757,0.0354295
11.377,0.0353758
11.377,0.0353288
11.3781,0.0354127
11.3781,0.0354861
11.3792,0.0355504
11.3792,0.0356066
11.3804,0.0356557
11.3804,0.0356988
11.3815,0.0357364
11.3815,0.0357694
11.3826,0.0356732
11.3826,0.0355891
11.3837,0.0355154
11.3837,0.035451
11.385,0.0353946
11.385,0.0353453
11.3861,0.0354271
11.3861,0.0354987
11.3872,0.0355614
11.3872,0.0356162
11.3884,0.0356642
11.3884,0.0357062
11.3895,0.0357429
11.3895,0.035775
11.3906,0.0356782
11.3906,0.0355934
11.3919,0.0355192
11.3919,0.0354543
11.393,0.0353975
11.393,0.0353478
11.3941,0.0354294
11.3941,0.0355007
11.3952,0.0355631
11.3952,0.0356177
11.3964,0.0356655
11.3964,0.0357073
11.3975,0.0356189
11.3975,0.0355415
11.3987,0.0354738
11.3987,0.0354146
11.3999,0.0353628
11.3999,0.0353174
11.401,0.0352778
11.401,0.035243
11.4021,0.0353377
11.4021,0.0354204
11.4032,0.0354929
11.4032,0.0355563
11.4044,0.0356117
11.4044,0.0356603
11.4056,0.0355777
11.4056,0.0355055
11.4067,0.0354423
11.4067,0.035387
11.4079,0.0353387
11.4079,0.0352963
11.409,0.0352593
11.409,0.0352269
11.4101,0.0353235
11.4101,0.0354081
11.4119,0.0354821
11.4119,0.0355468
11.4124,0.0356035
11.4124,0.035653
11.4136,0.0355714
11.4136,0.0355
11.4147,0.0354375
11.4147,0.0353828
11.4159,0.0353349
11.4159,0.0352931
11.417,0.0352564
11.417,0.0352244
11.4181,0.0353213
11.4181,0.0354062
11.4192,0.0354804
11.4192,0.0355453
11.4204,0.0356022
11.4204,0.0356519
11.4216,0.0355704
11.4216,0.0354991
11.4227,0.0354367
11.4227,0.0353821
11.4239,0.0353344
11.4239,0.0352926
11.425,0.035256
11.425,0.035224
11.4261,0.035321
11.4261,0.0354059
11.4272,0.0354801
11.4272,0.0355451
11.4285,0.035602
11.4285,0.0356517
11.4296,0.0355703
11.4296,0.035499
11.4307,0.0354366
11.4307,0.035382
11.4319,0.0353343
11.4319,0.0352925
11.433,0.0352559
11.433,0.0352239
11.4341,0.0353209
11.4341,0.0354058
11.4352,0.0354801
11.4352,0.0355451
11.4365,0.0356019
11.4365,0.0356517
11.4376,0.0355702
11.4376,0.035499
11.4387,0.0354366
11.4387,0.035382
11.4399,0.0353343
11.4399,0.0352925
11.441,0.0352559
11.441,0.0352239
11.4421,0.0353209
11.4421,0.0354058
11.4434,0.0354801
11.4434,0.0355451
11.4445,0.0356019
11.4445,0.0356517
11.4456,0.0355702
11.4456,0.035499
11.4467,0.0354366
11.4467,0.035382
11.4479,0.0353343
11.4479,0.0352925
11.449,0.0352559
11.449,0.0352239
11.4501,0.0353209
11.4501,0.0354058
11.4514,0.0354801
11.4514,0.0355451
11.4525,0.0356019
11.4525,0.0356517
11.4536,0.0355702
11.4536,0.035499
11.4547,0.0354366
11.4547,0.035382
11.4559,0.0353343
11.4559,0.0352925
11.457,0.0352559
11.457,0.0352239
11.4582,0.0353209
11.4582,0.0354058
11.4594,0.0354801
11.4594,0.0355451
11.4605,0.0356019
11.4605,0.0356517
11.4616,0.0355702
11.4616,0.035499
11.4627,0.0354366
11.4627,0.035382
11.4639,0.0353343
11.4639,0.0352925
11.465,0.0352559
11.465,0.0352239
11.4662,0.0353209
11.4662,0.0354058
11.4674,0.0354801
11.4674,0.0355451
11.4685,0.0356019
11.4685,0.0356517
11.4696,0.0355702
11.4696,0.035499
11.4707,0.0354366
11.4707,0.035382
11.4719,0.0353343
11.4719,0.0352925
11.4731,0.0353809
11.4731,0.0354583
11.4742,0.035526
11.4742,0.0355853
11.4754,0.0356371
11.4754,0.0356825
11.4765,0.0357222
11.4765,0.0357569
11.4776,0.0356623
11.4776,0.0355795
11.4787,0.0355071
11.4787,0.0354437
11.48,0.0353882
11.48,0.0353397
11.4811,0.0354222
11.4811,0.0354944
11.4822,0.0355576
11.4822,0.0356129
11.4834,0.0356613
11.4834,0.0357037
11.4845,0.0357407
11.4845,0.0357731
11.4856,0.0356765
11.4856,0.0355919
11.4867,0.0355179
11.4867,0.0354532
11.488,0.0353965
11.488,0.035347
11.4891,0.0354286
11.4891,0.0355
11.4902,0.0355625
11.4902,0.0356172
11.4914,0.0356651
11.4914,0.0357069
11.4925,0.0357436
11.4925,0.0357756
11.4936,0.0356787
11.4936,0.0355938
11.495,0.0355196
11.495,0.0354546
11.496,0.0353978
11.496,0.0353481
11.4971,0.0355546
11.4971,0.0356103
11.4982,0.035784
11.4982,0.035811
11.4994,0.0359596
11.4994,0.0359647
11.5005,0.0360941
11.5005,0.0360823
11.5016,0.036197
11.5016,0.0360474
11.5029,0.0360415
11.5029,0.0359113
11.504,0.0359224
11.504,0.0358071
11.5051,0.0359562
11.5051,0.0359617
11.5062,0.0360915
11.5062,0.03608
11.5074,0.036195
11.5074,0.0361706
11.5085,0.0362743
11.5085,0.036115
11.5097,0.0361006
11.5097,0.0359631
11.5109,0.0359677
11.5109,0.0358467
11.512,0.0358659
11.512,0.0357576
11.5131,0.0359129
11.5131,0.0359238
11.5142,0.0360583
11.5142,0.0360511
11.5154,0.0361697
11.5154,0.0361485
11.5165,0.0362549
11.5165,0.036098
11.5177,0.0360858
11.5177,0.0359501
11.5189,0.0359563
11.5189,0.0358368
11.52,0.0358572
11.52,0.03575
11.5211,0.0359063
11.5211,0.035918
11.5222,0.0360532
11.5222,0.0360466
11.5234,0.0361658
11.5234,0.036145
11.5246,0.0362519
11.5246,0.0360954
11.5257,0.0360835
11.5257,0.0359481
11.5269,0.0359545
11.5269,0.0358352
11.528,0.0358558
11.528,0.0357488
11.5291,0.0359052
11.5291,0.0359171
11.5302,0.0360524
11.5302,0.0360459
11.5314,0.0361652
11.5314,0.0361445
11.5326,0.0362514
11.5326,0.036095
11.5337,0.0360831
11.5337,0.0359477
11.535,0.0359543
11.535,0.035835
11.536,0.0358556
11.536,0.0357487
11.5371,0.0359051
11.5371,0.0359169
11.5382,0.0360523
11.5382,0.0360458
11.5395,0.0361651
11.5395,0.0361444
11.5406,0.0362514
11.5406,0.036095
11.5417,0.0360831
11.5417,0.0359477
11.5429,0.0359542
11.5429,0.035835
11.544,0.0358556
11.544,0.0357486
11.5451,0.0359051
11.5451,0.0359169
11.5464,0.0360523
11.5464,0.0360458
11.5475,0.036165
11.5475,0.0361444
11.5492,0.0363764
11.5492,0.0363293
11.5497,0.0362882
11.5497,0.0361271
11.5509,0.0361112
11.5509,0.0359723
11.552,0.0359758
11.552,0.0358538
11.5531,0.0359971
11.5531,0.0359975
11.5544,0.0361228
11.5544,0.0361074
11.5556,0.036219
11.5556,0.0361916
11.5566,0.0362927
11.5566,0.0361311
11.5577,0.0361147
11.5577,0.0359754
11.5589,0.0359784
11.5589,0.0358561
11.56,0.0358741
11.56,0.0357649
11.5612,0.0359192
11.5612,0.0359293
11.5624,0.0360632
11.5624,0.0360553
11.5635,0.0361734
11.5635,0.0361517
11.5646,0.0362577
11.5646,0.0361005
11.5657,0.036088
11.5657,0.035952
11.5669,0.035958
11.5669,0.0358382
11.568,0.0358584
11.568,0.0357511
11.5692,0.0359072
11.5692,0.0359188
11.5704,0.036054
11.5704,0.0360472
11.5715,0.0361663
11.5715,0.0361455
11.5726,0.0362523
11.5726,0.0360958
11.5737,0.0360838
11.5737,0.0359483
11.575,0.0359548
11.575,0.0358355
11.5761,0.035981
11.5761,0.0359834
11.5772,0.0361105
11.5772,0.0360967
11.5784,0.0362096
11.5784,0.0361834
11.5795,0.0362855
11.5795,0.0362498
11.5806,0.0363436
11.5806,0.0361756
11.5817,0.0361537
11.5817,0.0360094
11.5829,0.0360083
11.5829,0.0358822
11.5841,0.036022
11.5841,0.0358942
11.5852,0.0359074
11.5852,0.035919
11.5864,0.0360541
11.5864,0.0360474
11.5875,0.0361664
11.5875,0.0361456
11.5886,0.0362524
11.5886,0.0360959
11.5897,0.0360839
11.5897,0.0359484
11.591,0.0359549
11.591,0.0358355
11.5921,0.0359811
11.5921,0.0359834
11.5932,0.0361105
11.5932,0.0360967
11.5944,0.0362096
11.5944,0.0361834
11.5956,0.0362855
11.5956,0.0362498
11.5966,0.0363436
11.5966,0.0361756
11.5977,0.0361537
11.5977,0.0360095
11.599,0.0360083
11.599,0.0358822
11.6001,0.036022
11.6001,0.0360192
11.6019,0.0361418
11.6019,0.0361241
11.6024,0.0362336
11.6024,0.0362044
11.6035,0.0363038
11.6035,0.0362659
11.6046,0.0363576
11.6046,0.0361879
11.6059,0.0361644
11.6059,0.0360189
11.607,0.0360165
11.607,0.0358894
11.6081,0.0360283
11.6081,0.0360247
11.6092,0.0361466
11.6092,0.0361283
11.6104,0.0362373
11.6104,0.0362076
11.6115,0.0363067
11.6115,0.0361433
11.6126,0.0361254
11.6126,0.0359847
11.6139,0.0359866
11.6139,0.0358633
11.615,0.0358804
11.615,0.0357703
11.6161,0.0359241
11.6161,0.0359335
11.6172,0.0360669
11.6172,0.0360585
11.6184,0.0361762
11.6184,0.0361542
11.6195,0.0362599
11.6195,0.0361024
11.6207,0.0360896
11.6207,0.0359534
11.6219,0.0359592
11.6219,0.0358393
11.623,0.0358594
11.623,0.035752
11.6241,0.035908
11.6241,0.0359195
11.6252,0.0360545
11.6252,0.0360477
11.6264,0.0361668
11.6264,0.0361459
11.6276,0.0362527
11.6276,0.0360961
11.6287,0.0360841
11.6287,0.0359486
11.6299,0.035955
11.6299,0.0358356
11.631,0.0358562
11.631,0.0358741
11.6321,0.0360149
11.6321,0.036138
11.6332,0.0362458
11.6332,0.03634
11.6344,0.0364225
11.6344,0.0364947
11.6356,0.0365579
11.6356,0.0366131
11.6367,0.0365365
11.6367,0.0364694
11.6379,0.0364108
11.6379,0.0363594
11.639,0.0363145
11.639,0.0362752
11.6401,0.0363658
11.6401,0.0364451
11.6412,0.0365144
11.6412,0.0365751
11.6425,0.0366282
11.6425,0.0366747
11.6436,0.0367154
11.6436,0.0367509
11.6447,0.0366571
11.6447,0.0365749
11.6459,0.0365031
11.6459,0.0364402
11.647,0.0363852
11.647,0.036337
11.6481,0.0364199
11.6481,0.0364924
11.6492,0.0365559
11.6492,0.0366114
11.6505,0.0366599
11.6505,0.0367025
11.6516,0.0367396
11.6516,0.0367722
11.6527,0.0366757
11.6527,0.0365912
11.6539,0.0365173
11.6539,0.0364526
11.655,0.0363961
11.655,0.0363466
11.6561,0.0364282
11.6561,0.0364997
11.6574,0.0365622
11.6574,0.036617
11.6585,0.0366648
11.6585,0.0367067
11.6596,0.0367434
11.6596,0.0367755
11.6607,0.0366785
11.6607,0.0365937
11.6619,0.0365195
11.6619,0.0364546
11.663,0.0363977
11.663,0.036348
11.6641,0.0364295
11.6641,0.0365008
11.6654,0.0365632
11.6654,0.0366178
11.6665,0.0366656
11.6665,0.0367074
11.6676,0.036744
11.6676,0.036776
11.6687,0.036679
11.6687,0.0365941
11.6699,0.0365198
11.6699,0.0364549
11.671,0.036398
11.671,0.0363483
11.6722,0.0364297
11.6722,0.036501
11.6734,0.0365634
11.6734,0.036618
11.6745,0.0366657
11.6745,0.0367075
11.6756,0.0367441
11.6756,0.0367761
11.6767,0.036679
11.6767,0.0365942
11.6779,0.0365199
11.6779,0.0364549
11.679,0.036398
11.679,0.0363483
11.6802,0.0364297
11.6802,0.036501
11.6814,0.0365634
11.6814,0.036618
11.6825,0.0366657
11.6825,0.0367075
11.6836,0.0367441
11.6836,0.0367761
11.6847,0.0366791
11.6847,0.0365942
11.6859,0.0365199
11.6859,0.0364549
11.6871,0.036523
11.6871,0.0365827
11.6882,0.0366348
11.6882,0.0366805
11.6894,0.0367204
11.6894,0.0367554
11.6905,0.0367859
11.6905,0.0368127
11.6916,0.0368361
11.6916,0.0368566
11.6927,0.0367495
11.6927,0.0366558
11.694,0.0365739
11.694,0.0365021
11.6957,0.0365644
11.6957,0.0366188
11.6962,0.0366665
11.6962,0.0367082
11.6974,0.0367446
11.6974,0.0367766
11.6985,0.0368045
11.6985,0.0368289
11.6996,0.0368503
11.6996,0.036869
11.7007,0.0367604
11.7007,0.0366653
11.702,0.0365822
11.702,0.0365094
11.7031,0.0365707
11.7031,0.0366244
11.7042,0.0366713
11.7042,0.0367124
11.7054,0.0367484
11.7054,0.0367798
11.7065,0.0368073
11.7065,0.0368314
11.7076,0.0368525
11.7076,0.0368709
11.7089,0.0367621
11.7089,0.0366668
11.71,0.0365835
11.71,0.0365105
11.7111,0.0365717
11.7111,0.0366252
11.7122,0.0366721
11.7122,0.0367131
11.714,0.0367489
11.714,0.0367803
11.7145,0.0368078
11.7145,0.0368318
11.7162,0.0369778
11.7162,0.0371056
11.7169,0.0369674
11.7169,0.0368465
11.718,0.0367407
11.718,0.0366481
11.7191,0.0366921
11.7191,0.0367306
11.7202,0.0367642
11.7202,0.0367937
11.7214,0.0368195
11.7214,0.0368421
11.7231,0.0369868
11.7231,0.0371134
11.7237,0.0369743
11.7237,0.0368525
11.725,0.0367459
11.725,0.0366527
11.726,0.0365711
11.726,0.0364997
11.7271,0.0365622
11.7271,0.036617
11.7282,0.0366648
11.7282,0.0367067
11.7294,0.0367434
11.7294,0.0367755
11.7305,0.0368035
11.7305,0.0368281
11.7317,0.0367246
11.7317,0.036634
11.7329,0.0365548
11.7329,0.0364854
11.734,0.0364247
11.734,0.0363716
11.7351,0.0364502
11.7351,0.0365189
11.7362,0.036579
11.7362,0.0366317
11.7374,0.0366777
11.7744,0.036593
11.7756,0.0366439
11.7756,0.0366884
11.7766,0.0367273
11.7766,0.0367614
11.7777,0.0369162
11.7777,0.0369267
11.7789,0.0370609
11.7789,0.0356783
11.78,0.0344685
11.78,0.0332849
11.7812,0.0324993
11.7812,0.0316869
11.7824,0.031101
11.7824,0.0304634
11.7835,0.0299055
11.7835,0.0294173
11.7846,0.0289901
11.7846,0.0284914
11.7857,0.0281799
11.7857,0.0279074
11.7869,0.027669
11.7869,0.0274604
11.7881,0.0274028
11.7881,0.0272275
11.7892,0.027199
11.7892,0.0270492
11.7904,0.026918
11.7904,0.0268033
11.7915,0.0267029
11.7915,0.026615
11.7926,0.0265381
11.7926,0.0264709
11.7937,0.026287
11.7937,0.0261261
11.795,0.0261104
11.795,0.0259716
11.7961,0.0261001
11.7961,0.0262126
11.7972,0.026311
11.7972,0.0262721
11.7984,0.0263631
11.7984,0.0263177
11.7995,0.026403
11.7995,0.0263526
11.8006,0.0263086
11.8006,0.02627
11.8017,0.0262362
11.8017,0.0262067
11.803,0.0261809
11.803,0.0261583
11.8041,0.0262635
11.8041,0.0263555
11.8052,0.0264361
11.8052,0.0265066
11.8064,0.0265683
11.8064,0.0266222
11.8075,0.0265445
11.8075,0.0264764
11.8086,0.0264168
11.8086,0.0263647
11.8097,0.0263191
11.8097,0.0262793
11.811,0.0262443
11.811,0.0262138
11.8121,0.0263121
11.8121,0.0263981
11.8132,0.0264733
11.8132,0.0265391
11.8144,0.0264717
11.8144,0.0264128
11.8156,0.0263612
11.8156,0.026316
11.8166,0.0262765
11.8166,0.026242
11.8179,0.0262117
11.8179,0.0261853
11.819,0.0261621
11.819,0.0261418
11.8201,0.0262491
11.8201,0.026343
11.8212,0.0264251
11.8212,0.026497
11.8224,0.0264348
11.8224,0.0263805
11.8235,0.0263329
11.8235,0.0262913
11.8246,0.0262549
11.8246,0.026223
11.8259,0.0261952
11.8259,0.0261708
11.827,0.0261494
11.827,0.0261307
11.8281,0.0262394
11.8281,0.0263345
11.8292,0.0264177
11.8292,0.0264905
11.8304,0.0264291
11.8304,0.0263755
11.8315,0.0263286
11.8315,0.0262875
11.8327,0.0262516
11.8327,0.0262201
11.8339,0.0261926
11.8339,0.0261685
11.835,0.0261475
11.835,0.026129
11.8361,0.0262379
11.8361,0.0263332
11.8372,0.0264165
11.8372,0.0264894
11.8384,0.0264283
11.8384,0.0263747
11.8395,0.0263279
11.8395,0.0262869
11.8407,0.026251
11.8407,0.0262197
11.8419,0.0261922
11.8419,0.0261682
11.843,0.0261472
11.843,0.0261288
11.8441,0.0262377
11.8441,0.026333
11.8452,0.0264163
11.8452,0.0264893
11.8464,0.0264281
11.8464,0.0263746
11.8476,0.0263278
11.8476,0.0262868
11.8487,0.026251
11.8487,0.0262196
11.8499,0.0261921
11.8499,0.0261681
11.851,0.0261471
11.851,0.0261287
11.8527,0.0262376
11.8527,0.0263329
11.8532,0.0264163
11.8532,0.0264893
11.8544,0.0264281
11.8544,0.0263746
11.8556,0.0263278
11.8556,0.0262868
11.8567,0.0262509
11.8567,0.0262196
11.8579,0.0261921
11.8579,0.0261681
11.859,0.0261471
11.859,0.0261287
11.8601,0.0262376
11.8601,0.0263329
11.8612,0.0264163
11.8612,0.0264893
11.8625,0.0264281
11.8625,0.0263746
11.8636,0.0263278
11.8636,0.0262868
11.8647,0.0262509
11.8647,0.0262196
11.8659,0.0261921
11.8659,0.0261681
11.867,0.0261471
11.867,0.0261287
11.8681,0.0262376
11.8681,0.0263329
11.8694,0.0264163
11.8694,0.0264893
11.8705,0.0264281
11.8705,0.0263746
11.8722,0.0264528
11.8722,0.0265212
11.8727,0.026456
11.8727,0.026399
11.8739,0.0263491
11.8739,0.0263055
11.875,0.0262673
11.875,0.0262339
11.8761,0.0263297
11.8761,0.0264135
11.8774,0.0264868
11.8774,0.0265509
11.8785,0.0264821
11.8785,0.0264218
11.8796,0.0264941
11.8796,0.0264323
11.8807,0.0265033
11.8807,0.0264404
11.8819,0.0265103
11.8819,0.0264465
11.883,0.0265157
11.883,0.0264512
11.8842,0.0266448
11.8842,0.0266892
11.8854,0.0268531
11.8854,0.0268714
11.8865,0.0270125
11.8865,0.0268859
11.8876,0.0269002
11.8876,0.0267877
11.8887,0.0268142
11.8887,0.0267124
11.8899,0.0267484
11.8899,0.0266548
11.891,0.026698
11.891,0.0266107
11.8922,0.0267844
11.8922,0.0268113
11.8934,0.0269599
11.8934,0.0269649
11.8945,0.0270943
11.8945,0.0269575
11.8956,0.0269628
11.8956,0.0268425
11.8967,0.0268622
11.8967,0.0267544
11.8979,0.0267851
11.8979,0.026562
11.8991,0.0266167
11.8991,0.0266646
11.9002,0.0268315
11.9002,0.0268526
11.9014,0.026996
11.9014,0.0269965
11.9025,0.027122
11.9025,0.0269817
11.9036,0.026984
11.9036,0.026861
11.9047,0.0268784
11.9047,0.0267686
11.9059,0.0267975
11.9059,0.0266978
11.9071,0.0268606
11.9071,0.026878
11.9082,0.0270183
11.9082,0.027016
11.9094,0.027139
11.9094,0.0271216
11.9105,0.0272314
11.9105,0.0270775
11.9116,0.0270678
11.9116,0.0269343
11.9127,0.0269425
11.9127,0.0268247
11.914,0.0268466
11.914,0.0267408
11.9151,0.0268982
11.9151,0.0269109
11.9162,0.0270471
11.9162,0.0270412
11.9174,0.027161
11.9174,0.0271409
11.9185,0.0272483
11.9185,0.0270922
11.9196,0.0270807
11.9196,0.0269456
11.9207,0.0269524
11.9207,0.0268334
11.922,0.0268542
11.922,0.0267474
11.9231,0.026904
11.9231,0.026916
11.9242,0.0270515
11.9242,0.0270451
11.9254,0.0271644
11.9254,0.0270189
11.9265,0.0270165
11.9265,0.0268894
11.9276,0.0269033
11.9276,0.0267904
11.9289,0.0268166
11.9289,0.0267145
11.93,0.0267502
11.93,0.0266564
11.9311,0.0268244
11.9311,0.0268463
11.9322,0.0269905
11.9322,0.0269917
11.9334,0.0271177
11.9334,0.026978
11.9345,0.0269808
11.9345,0.0268582
11.9357,0.0268759
11.9357,0.0267664
11.9369,0.0267956
11.9369,0.0266962
11.938,0.0267341
11.938,0.0266424
11.9391,0.0268121
11.9391,0.0268356
11.9402,0.0269811
11.9402,0.0269835
11.942,0.0271105
11.942,0.0269717
11.9425,0.0269753
11.9425,0.0268534
11.9437,0.0268717
11.9437,0.0267627
11.945,0.0267924
11.945,0.0266933
11.946,0.0267317
11.946,0.0266402
11.9471,0.0268102
11.9471,0.0268339
11.9482,0.0269797
11.9482,0.0269822
11.9494,0.0271094
11.9494,0.0269708
11.9506,0.0269744
11.9506,0.0268526
11.9517,0.026871
11.9517,0.0267622
11.9529,0.0267919
11.9529,0.0266929
11.954,0.0267313
11.954,0.0266399
11.9551,0.0268099
11.9551,0.0268337
11.9562,0.0269794
11.9562,0.026982
11.9574,0.0271093
11.9574,0.0269706
11.9586,0.0269743
11.9586,0.0268525
11.9604,0.0269959
11.9604,0.0269964
11.9609,0.0269969
11.9609,0.0268723
11.962,0.0268882
11.962,0.0267772
11.9631,0.0269301
11.9631,0.0270638
11.9642,0.0271808
11.9642,0.0272832
11.9656,0.0273728
11.9656,0.0274512
11.9666,0.0273948
11.9666,0.0273455
11.9677,0.0273023
11.9677,0.0272645
11.9689,0.0272314
11.9689,0.0272025
11.97,0.0271772
11.97,0.027155
11.9711,0.0272607
11.9711,0.0273531
11.9722,0.0274339
11.9722,0.0275047
11.9735,0.0275666
11.9735,0.0276208
11.9746,0.0275432
11.9746,0.0274753
11.9757,0.0274159
11.9757,0.0273639
11.9769,0.0273184
11.9769,0.0272786
11.978,0.0272438
11.978,0.0272133
11.9791,0.0273116
11.9791,0.0273977
11.9804,0.027473
11.9804,0.0275389
11.9815,0.0275965
11.9815,0.0276469
11.9826,0.0275661
11.9826,0.0274953
11.9837,0.0274334
11.9837,0.0273792
11.985,0.0273318
11.985,0.0272903
11.986,0.027254
11.986,0.0272223
11.9871,0.0271945
11.9871,0.0271702
11.9884,0.0272739
11.9884,0.0273647
11.9895,0.0274441
11.9895,0.0275136
11.9906,0.0274494
11.9906,0.0273932
11.9917,0.0273441
11.9917,0.027301
11.9929,0.0272634
11.9929,0.0272305
11.994,0.0272017
11.994,0.0271765
11.9952,0.0272794
11.9952,0.0273695
11.9964,0.0274483
11.9964,0.0275173
11.9975,0.0275776
11.9975,0.0276304
11.9986,0.0275516
11.9986,0.0274827
11.9997,0.0274223
11.9997,0.0273695
12.0009,0.0273233
12.0009,0.0272829
12.002,0.0272476
12.002,0.0272166
12.0032,0.0273145
12.0032,0.0274002
12.0044,0.0274752
12.0044,0.0275408
12.0056,0.0275982
12.0056,0.0276484
12.0066,0.0275674
12.0066,0.0274964
12.0077,0.0274344
12.0077,0.0273801
12.0089,0.0273326
12.0089,0.027291
12.0101,0.0273796
12.0101,0.0274572
12.0112,0.027525
12.0112,0.0275844
12.0124,0.0276363
12.0124,0.0276818
12.0135,0.0277216
12.0135,0.0277564
12.0146,0.0276618
12.0146,0.0275791
12.0157,0.0275067
12.0157,0.0274434
12.017,0.027388
12.017,0.0273395
12.0181,0.027422
12.0181,0.0274943
12.0192,0.0275575
12.0192,0.0276128
12.0204,0.0276612
12.0204,0.0277036
12.0215,0.0277406
12.0215,0.027773
12.0226,0.0276764
12.0226,0.0275919
12.0237,0.0275179
12.0237,0.0274531
12.0256,0.0275215
12.0256,0.0275813
12.0261,0.0276336
12.0261,0.0276794
12.0272,0.0277195
12.0272,0.0277546
12.0284,0.0277852
12.0284,0.0278121
12.0295,0.0278356
12.0295,0.0278561
12.0306,0.0277491
12.0306,0.0276555
12.0319,0.0275735
12.0319,0.0275018
12.033,0.0274391
12.033,0.0273842
12.0341,0.0274612
12.0341,0.0275285
12.0352,0.0275875
12.0352,0.027639
12.0364,0.0276842
12.0364,0.0277236
12.0375,0.0276332
12.0375,0.027554
12.0386,0.0274848
12.0386,0.0274242
12.0399,0.0273712
12.0399,0.0273248
12.041,0.0272842
12.041,0.0272486
12.0421,0.0273426
12.0421,0.0274247
12.0432,0.0274967
12.0432,0.0275596
12.0444,0.0276146
12.0444,0.0276628
12.0456,0.0275799
12.0456,0.0275075
12.0467,0.027444
12.0467,0.0273885
12.0479,0.02734
12.0479,0.0272975
12.049,0.0272603
12.049,0.0272277
12.0501,0.0273243
12.0501,0.0274087
12.0512,0.0276076
12.0512,0.0276567
12.0524,0.0278246
12.0524,0.0277215
12.0535,0.0277563
12.0535,0.0276618
12.0547,0.0277041
12.0547,0.0276161
12.0559,0.0276641
12.0559,0.027581
12.057,0.0276334
12.057,0.0275542
12.0581,0.027735
12.0581,0.0277681
12.0592,0.0279221
12.0592,0.0279318
12.0604,0.0280653
12.0604,0.0280572
12.0616,0.028175
12.0616,0.0280281
12.0627,0.0280246
12.0627,0.0278965
12.0639,0.0279095
12.0639,0.0277958
12.065,0.0278213
12.065,0.0277187
12.0661,0.0278788
12.0661,0.027894
12.0672,0.0280322
12.0672,0.0280282
12.0684,0.0281497
12.0684,0.028131
12.0696,0.0282396
12.0696,0.0280846
12.0707,0.0280741
12.0707,0.0279398
12.0719,0.0279473
12.0719,0.0278289
12.073,0.0278503
12.073,0.027744
12.0741,0.027901
12.0741,0.0279134
12.0752,0.0280492
12.0752,0.0280431
12.0765,0.0281627
12.0765,0.0281423
12.0776,0.0282495
12.0776,0.0280934
12.0787,0.0280817
12.0787,0.0279465
12.0799,0.0279532
12.0799,0.027834
12.081,0.0278548
12.081,0.0277479
12.0821,0.0279044
12.0821,0.0279164
12.0834,0.0280518
12.0834,0.0280453
12.0845,0.0281647
12.0845,0.0281441
12.0856,0.0282511
12.0856,0.0280947
12.0867,0.0280829
12.0867,0.0279475
12.0879,0.0279541
12.0879,0.0278348
12.089,0.0278555
12.089,0.0277485
12.0901,0.027905
12.0901,0.0279168
12.0914,0.0280522
12.0914,0.0280457
12.0925,0.028165
12.0925,0.0281444
12.0936,0.0282513
12.0936,0.0280949
12.0947,0.028083
12.0947,0.0279477
12.0959,0.0279542
12.0959,0.0278349
12.097,0.0278556
12.097,0.0277486
12.0982,0.027905
12.0982,0.0279169
12.0994,0.0280523
12.0994,0.0280458
12.1005,0.028165
12.1005,0.0281444
12.1016,0.0282514
12.1016,0.0280949
12.1027,0.0280831
12.1027,0.0279477
12.1039,0.0279542
12.1039,0.0278349
12.105,0.0278556
12.105,0.0277486
12.1062,0.0279051
12.1062,0.0279169
12.1074,0.0280523
12.1074,0.0280458
12.1085,0.028165
12.1085,0.0281444
12.1096,0.0282514
12.1096,0.0280949
12.1107,0.0280831
12.1107,0.0279477
12.1119,0.0279542
12.1119,0.0278349
12.1137,0.0279806
12.1137,0.027983
12.1142,0.0281101
12.1142,0.0280964
12.1154,0.0282093
12.1154,0.0281832
12.1165,0.0282853
12.1165,0.0282496
12.1176,0.0283434
12.1176,0.0281755
12.1187,0.0281535
12.1187,0.0280093
12.1199,0.0280082
12.1199,0.0278822
12.1211,0.0280219
12.1211,0.0280191
12.1222,0.0281418
12.1222,0.028124
12.1234,0.0282335
12.1234,0.0282043
12.1245,0.0283038
12.1245,0.0282658
12.1256,0.0283576
12.1256,0.0281879
12.1267,0.0281644
12.1267,0.0280189
12.1286,0.0281415
12.1286,0.0281238
12.1291,0.0282333
12.1291,0.0282042
12.1302,0.0283036
12.1302,0.0282657
12.1314,0.0283575
12.1314,0.0283128
12.1325,0.0283987
12.1325,0.0283489
12.1336,0.0284302
12.1336,0.0282515
12.1354,0.028345
12.1354,0.0283019
12.136,0.0282642
12.136,0.0281061
12.1371,0.0282179
12.1371,0.0281906
12.1382,0.0282918
12.1382,0.0282553
12.1394,0.0283484
12.1394,0.0283049
12.1405,0.0283918
12.1405,0.0284678
12.1416,0.0284093
12.1416,0.0283581
12.1429,0.0283134
12.1429,0.0282742
12.144,0.0282399
12.144,0.0282099
12.1451,0.0283087
12.1451,0.0283951
12.1462,0.0284707
12.1462,0.0285369
12.1474,0.0285948
12.1474,0.0286454
12.1485,0.0286897
12.1485,0.0287285
12.1496,0.0286375
12.1496,0.0285578
12.1509,0.0284881
12.1509,0.028427
12.152,0.0283737
12.152,0.028327
12.1531,0.0284111
12.1531,0.0284847
12.1542,0.0285491
12.1542,0.0286055
12.1554,0.0286548
12.1554,0.0286979
12.1565,0.0286107
12.1565,0.0285344
12.1577,0.0284676
12.1577,0.0284091
12.1589,0.028358
12.1589,0.0283132
12.16,0.0282741
12.16,0.0282398
12.1611,0.0283348
12.1611,0.028418
12.1622,0.0284907
12.1622,0.0285544
12.1634,0.0284851
12.1634,0.0284245
12.1646,0.0284964
12.1646,0.0285593
12.1657,0.0284894
12.1657,0.0284283
12.1669,0.0283747
12.1669,0.0283279
12.168,0.0282869
12.168,0.028251
12.1691,0.0283447
12.1691,0.0284266
12.1702,0.0284982
12.1702,0.028561
12.1714,0.0286158
12.1714,0.0286639
12.1732,0.0288309
12.1732,0.028977
12.1737,0.0288549
12.1737,0.028748
12.175,0.0286545
12.175,0.0285727
12.1754,0.0285011
12.176,0.0284385
12.1766,0.0283837
12.1771,0.0284607
12.1777,0.0284031
12.1782,0.0284777
12.1789,0.028418
12.1795,0.0284908
12.18,0.0284294
12.1806,0.0285007
12.1811,0.0284381
12.1817,0.0283834
12.1822,0.0283355
12.1829,0.0282935
12.1835,0.0282568
12.184,0.0282247
12.1846,0.0281966
12.1851,0.0282971
12.1857,0.0282599
12.1862,0.0283524
12.1869,0.0283084
12.1875,0.0283948
12.188,0.0283455
12.1886,0.0284273
12.1891,0.0283739
12.1897,0.0283271
12.1904,0.0282863
12.1909,0.0282505
12.1915,0.0282192
12.192,0.0281918
12.1926,0.0281678
12.1931,0.0282718
12.1937,0.0282378
12.1944,0.0283331
12.195,0.0282915
12.1956,0.02838
12.196,0.0283325
12.1966,0.028416
12.1971,0.028364
12.1977,0.0283185
12.1984,0.0282787
12.1989,0.0282438
12.1995,0.0282134
12.2,0.0281867
12.2006,0.0280383
12.2011,0.0280336
12.2017,0.0280294
12.2024,0.0281507
12.2029,0.0281319
12.2035,0.0282404
12.204,0.0282103
12.2046,0.028309
12.2052,0.0283954
12.2057,0.028346
12.2064,0.0284277
12.2069,0.0283743
12.2075,0.0284525
12.208,0.0283959
12.2086,0.0284714
12.2092,0.0285375
12.2097,0.0284703
12.2104,0.0285365
12.2109,0.0284695
12.2115,0.0285358
12.212,0.0284688
12.2126,0.0285352
12.2132,0.0285933
12.2137,0.0285191
12.2144,0.0285792
12.215,0.0285068
12.2156,0.0285685
12.216,0.0284974
12.2166,0.0285602
12.2172,0.0286152
12.2177,0.0285383
12.2184,0.028596
12.2189,0.0285215
12.2195,0.0285813
12.2201,0.0286337
12.2206,0.0286795
12.2212,0.0287195
12.2217,0.0286296
12.2224,0.0286759
12.2229,0.0285914
12.2235,0.0286425
12.2241,0.0286872
12.2246,0.0287263
12.2252,0.0287605
12.2257,0.0286654
12.2264,0.0287072
12.2269,0.0286188
12.2275,0.0286665
12.2281,0.0287082
12.2286,0.0287447
12.2292,0.0287766
12.2297,0.0286795
12.2304,0.0287196
12.231,0.0286296
12.2315,0.0286759
12.2321,0.0287164
12.2326,0.0287519
12.2332,0.0287829
12.2337,0.028685
12.2344,0.0287244
12.235,0.0287588
12.2356,0.028789
12.2361,0.0289404
12.2366,0.0289478
12.2372,0.0290793
12.2377,0.0290694
12.2384,0.0290607
12.239,0.0290532
12.2395,0.0290465
12.2401,0.0291657
12.2406,0.029145
12.2419,0.0292519
12.2419,0.0292204
12.2424,0.0291928
12.243,0.0291687
12.2435,0.0291476
12.2441,0.0292542
12.2446,0.0292224
12.2452,0.0293196
12.2459,0.0292797
12.2464,0.0292447
12.247,0.0292141
12.2475,0.0291873
12.2481,0.0292889
12.2486,0.0292528
12.2492,0.0292212
12.2499,0.0291936
12.2504,0.0291694
12.251,0.0291482
12.2515,0.0291297
12.2521,0.0292385
12.2526,0.0292086
12.2532,0.0291826
12.2539,0.0291597
12.2544,0.0291398
12.255,0.0291223
12.2556,0.029107
12.2561,0.0292186
12.2566,0.0291913
12.2572,0.0291674
12.2579,0.0291465
12.2584,0.0291282
12.259,0.0291121
12.2595,0.0290981
12.2601,0.0292109
12.2607,0.0291845
12.2612,0.0291614
12.2619,0.0291413
12.2624,0.0291236
12.263,0.0291081
12.2635,0.0290946
12.2641,0.0292078
12.2647,0.0291818
12.2652,0.0291591
12.2659,0.0291392
12.2664,0.0291218
12.267,0.0291066
12.2675,0.0290933
12.2681,0.0292066
12.2687,0.0291808
12.2692,0.0291582
12.2699,0.0291384
12.2704,0.0291211
12.271,0.029106
12.2716,0.0290927
12.2721,0.0292061
12.2727,0.0291804
12.2732,0.0291578
12.2739,0.0291381
12.2744,0.0291208
12.275,0.0291057
12.2756,0.0290925
12.2761,0.0292059
12.2767,0.0291802
12.2772,0.0291577
12.2779,0.029138
12.2784,0.0291207
12.279,0.0291056
12.2796,0.0290924
12.2801,0.0292059
12.2807,0.0291801
12.2812,0.0291576
12.2819,0.0291379
12.2824,0.0291207
12.283,0.0291056
12.2836,0.0290924
12.2841,0.0292058
12.2847,0.0291801
12.2852,0.0291576
12.2859,0.0291379
12.2865,0.0291207
12.287,0.0291056
12.2876,0.0290924
12.2881,0.0292058
12.2887,0.0291801
12.2892,0.0291576
12.2899,0.0291379
12.2905,0.0291207
12.291,0.0291056
12.2916,0.0290924
12.2921,0.0292058
12.2927,0.0291801
12.2932,0.0291576
12.2939,0.0291379
12.2945,0.0291207
12.295,0.0291056
12.2956,0.0290924
12.2961,0.0292058
12.2967,0.0291801
12.2974,0.0291576
12.2979,0.0291379
12.2985,0.0291207
12.299,0.0291056
12.2996,0.0290924
12.3001,0.0292058
12.3007,0.0291801
12.3014,0.0291576
12.3019,0.0291379
12.3025,0.0291207
12.303,0.0291056
12.3036,0.0290924
12.3041,0.0292058
12.3047,0.0291801
12.3054,0.0291576
12.3059,0.0291379
12.3065,0.0291207
12.307,0.0291056
12.3076,0.0290924
12.3081,0.0292058
12.3087,0.0291801
12.3094,0.0291576
12.3099,0.0291379
12.3105,0.0291207
12.311,0.0291056
12.3116,0.0290924
12.3122,0.0292058
12.3127,0.0291801
12.3134,0.0291576
12.3139,0.0291379
12.3145,0.0291207
12.315,0.0291056
12.3156,0.0290924
12.3162,0.0292058
12.3167,0.0291801
12.3174,0.0291576
12.3179,0.0291379
12.3185,0.0291207
12.319,0.0291056
12.3196,0.0290924
12.3202,0.0292058
12.3207,0.0291801
12.3214,0.0291576
12.3219,0.0291379
12.3225,0.0291207
12.323,0.0291056
12.3236,0.0290924
12.3242,0.0292058
12.3247,0.0291801
12.3254,0.0291576
12.3259,0.0291379
12.3265,0.0291207
12.3271,0.0292306
12.3276,0.0292017
12.3289,0.0293015
12.3289,0.0292638
12.3294,0.0292309
12.3299,0.029202
12.3305,0.0291767
12.3311,0.0292797
12.3316,0.0292447
12.3322,0.0293391
12.3327,0.0292967
12.3334,0.0293846
12.3339,0.0293366
12.3345,0.0294195
12.3351,0.029492
12.3356,0.0295555
12.3362,0.0296111
12.3367,0.0296597
12.3374,0.0297022
12.338,0.0296145
12.3385,0.0296627
12.3391,0.0297048
12.3396,0.0297417
12.3402,0.029774
12.3407,0.0298023
12.3414,0.029827
12.342,0.0297236
12.3425,0.0297582
12.3431,0.0297884
12.3436,0.0298148
12.3442,0.029838
12.3447,0.0298582
12.3454,0.029876
12.346,0.0297665
12.3465,0.0297956
12.3471,0.0298212
12.3476,0.0298435
12.3482,0.0298631
12.3487,0.0298802
12.3494,0.0298952
12.35,0.0297833
12.3505,0.0298104
12.3511,0.0298341
12.3516,0.0298548
12.3522,0.029873
12.3529,0.0298888
12.3534,0.0299027
12.354,0.0297899
12.3545,0.0298162
12.3551,0.0298391
12.3556,0.0298592
12.3562,0.0298768
12.3569,0.0297672
12.3574,0.0297963
12.358,0.0296968
12.3585,0.0297347
12.3591,0.0297679
12.3596,0.0297969
12.3602,0.0298223
12.3609,0.0297195
12.3614,0.0297545
12.362,0.0296602
12.3625,0.0297027
12.3631,0.0297399
12.3636,0.0297724
12.3642,0.0298008
12.3654,0.0298257
12.3654,0.0298475
12.3665,0.0298666
12.3665,0.0298832
12.3677,0.0298978
12.3677,0.0299106
12.3689,0.0299218
12.3689,0.0298066
12.37,0.0298307
12.37,0.0297269
12.3717,0.029886
12.3717,0.0299003
12.3722,0.0300377
12.3722,0.030033
12.3734,0.0300289
12.3734,0.0300253
12.3745,0.0300221
12.3745,0.0300194
12.3757,0.0300169
12.3757,0.0300148
12.3769,0.030013
12.3769,0.0298863
12.378,0.0299006
12.378,0.029788
12.3791,0.0299395
12.3791,0.029947
12.3809,0.0300787
12.3809,0.0300688
12.3814,0.0300602
12.3814,0.0300527
12.3826,0.0300461
12.3826,0.0300403
12.3837,0.0300353
12.3837,0.0300309
12.385,0.030027
12.385,0.0298986
12.386,0.0299113
12.386,0.0297974
12.3871,0.0299477
12.3871,0.0299543
12.3882,0.030085
12.3882,0.0300744
12.3894,0.0300651
12.3894,0.0300569
12.3906,0.0300498
12.3906,0.0300436
12.3917,0.0300381
12.3917,0.0300334
12.3929,0.0300292
12.3929,0.0299005
12.394,0.029913
12.394,0.0297989
12.3951,0.029824
12.3951,0.029846
12.3962,0.0298652
12.3962,0.0298821
12.3975,0.0298968
12.3975,0.0299097
12.3986,0.029921
12.3986,0.0299309
12.3997,0.0299395
12.3997,0.0299471
12.4009,0.0298287
12.4009,0.0297251
12.402,0.0296345
12.402,0.0295552
12.4031,0.0296108
12.4031,0.0296594
12.4042,0.029702
12.4042,0.0297392
12.4056,0.0297718
12.4056,0.0298004
12.4066,0.0298253
12.4066,0.0298471
12.4077,0.0298663
12.4077,0.029883
12.4089,0.0297726
12.4089,0.029676
12.41,0.0295915
12.41,0.0295176
12.4111,0.0295779
12.4111,0.0296306
12.4124,0.0296768
12.4124,0.0297172
12.4135,0.0297526
12.4135,0.0297835
12.4146,0.0298106
12.4146,0.0298342
12.4157,0.029855
12.4157,0.0298731
12.4169,0.0297639
12.4169,0.0296685
12.418,0.0295849
12.418,0.0295118
12.4192,0.0295728
12.4192,0.0296262
12.4204,0.0296729
12.4204,0.0297138
12.4215,0.0297496
12.4215,0.0297809
12.4226,0.0298083
12.4226,0.0298322
12.4237,0.0298532
12.4237,0.0298716
12.425,0.0297626
12.425,0.0296673
12.426,0.0295839
12.426,0.0295109
12.4272,0.029572
12.4272,0.0296255
12.4284,0.0296723
12.4284,0.0297133
12.4295,0.0297491
12.4295,0.0297805
12.4306,0.0298079
12.4306,0.0298319
12.4317,0.0298529
12.4317,0.0298713
12.4329,0.0297624
12.4329,0.0296671
12.4341,0.0297087
12.4341,0.0297451
12.4352,0.029777
12.4352,0.0298049
12.4364,0.0298293
12.4364,0.0298506
12.4375,0.0299943
12.4375,0.029995
12.4386,0.0301206
12.4386,0.0301055
12.4397,0.0302173
12.4397,0.0301902
12.4409,0.0302914
12.4409,0.03013
12.4421,0.0302387
12.4421,0.0302089
12.4432,0.0303078
12.4432,0.0302693
12.4444,0.0303606
12.4444,0.0303156
12.4456,0.0304011
12.4456,0.030351
12.4466,0.0304321
12.4466,0.0303781
12.4477,0.0304558
12.4477,0.0303988
12.449,0.030474
12.449,0.0302897
12.4501,0.0303785
12.4501,0.0303312
12.4512,0.0304148
12.4512,0.030363
12.4524,0.0304426
12.4524,0.0303873
12.4535,0.0304639
12.4535,0.0304059
12.4546,0.0304801
12.4546,0.0304201
12.4557,0.0304926
12.4557,0.030431
12.457,0.0305021
12.457,0.0303144
12.4581,0.0304001
12.4581,0.0303501
12.4592,0.0304313
12.4592,0.0303774
12.4604,0.0304552
12.4604,0.0303983
12.4615,0.0304735
12.4615,0.0304143
12.4626,0.0304875
12.4626,0.0304266
12.4639,0.0304983
12.4639,0.030311
12.465,0.0302721
12.465,0.0301131
12.4661,0.030224
12.4661,0.030196
12.4672,0.0302965
12.4672,0.0302594
12.4684,0.030352
12.4684,0.030308
12.4695,0.0303945
12.4695,0.0303452
12.4706,0.030427
12.4706,0.0303736
12.4719,0.0304519
12.4719,0.0302705
12.4736,0.0303616
12.4736,0.0303164
12.4741,0.0304019
12.4741,0.0303516
12.4752,0.0304327
12.4752,0.0303786
12.4764,0.0304563
12.4764,0.0303992
12.4775,0.0304743
12.4775,0.030415
12.4787,0.0304882
12.4787,0.0304271
12.4799,0.0304987
12.4799,0.0303114
12.481,0.0302725
12.481,0.0301134
12.4821,0.0302242
12.4821,0.0301962
12.4832,0.0302967
12.4832,0.0302596
12.485,0.0303521
12.485,0.0303081
12.4856,0.0303946
12.4856,0.0303453
12.4867,0.0304271
12.4867,0.0303737
12.4879,0.030452
12.4879,0.0302705
12.489,0.0302367
12.489,0.0300821
12.4901,0.0301968
12.4901,0.0301722
12.4912,0.0302757
12.4912,0.0302412
12.4924,0.0303361
12.4924,0.0302941
12.4936,0.0303823
12.4936,0.0303345
12.4947,0.0304177
12.4947,0.0303655
12.4959,0.0304448
12.4959,0.0302642
12.497,0.0302312
12.497,0.0300773
12.4981,0.0301926
12.4981,0.0301685
12.4992,0.0302725
12.4992,0.0302384
12.5005,0.0303336
12.5005,0.0302919
12.5016,0.0303804
12.5016,0.0303329
12.5027,0.0304163
12.5027,0.0302392
12.5039,0.0302093
12.5039,0.0300582
12.505,0.0300509
12.505,0.0299195
12.5061,0.0300546
12.5061,0.0300478
12.5072,0.0301668
12.5072,0.0301459
12.5085,0.0302527
12.5085,0.0302211
12.5096,0.0303185
12.5096,0.0302787
12.5107,0.0303688
12.5107,0.0303227
12.5119,0.0304074
12.5119,0.0302315
12.513,0.0302025
12.513,0.0300522
12.5141,0.0301707
12.5141,0.0301493
12.5154,0.0302557
12.5154,0.0302237
12.5165,0.0303208
12.5165,0.0302807
12.5176,0.0303706
12.5176,0.0303243
12.5187,0.0304087
12.5187,0.0303576
12.5199,0.0304379
12.5199,0.0302582
12.521,0.0302259
12.521,0.0300727
12.5221,0.0301886
12.5221,0.030165
12.5234,0.0302694
12.5234,0.0302357
12.5245,0.0303312
12.5245,0.0302898
12.5256,0.0303786
12.5256,0.0303313
12.5267,0.0304149
12.5267,0.030363
12.5279,0.0304426
12.5279,0.0302623
12.529,0.0302295
12.529,0.0300758
12.5302,0.0301913
12.5302,0.0301674
12.5314,0.0302715
12.5314,0.0302376
12.5325,0.0303329
12.5325,0.0302913
12.5336,0.0303798
12.5336,0.0303324
12.5347,0.0304158
12.5347,0.0303638
12.5359,0.0304434
12.5359,0.0302629
12.537,0.0302301
12.537,0.0300763
12.5382,0.0301918
12.5382,0.0301678
12.5394,0.0302718
12.5394,0.0302378
12.5405,0.0303331
12.5405,0.0302915
12.5416,0.03038
12.5416,0.0303325
12.5427,0.030416
12.5427,0.030364
12.5439,0.0304435
12.5439,0.030263
12.5451,0.0303552
12.5451,0.0303108
12.5462,0.0303969
12.5462,0.0304723
12.5474,0.0305383
12.5474,0.030596
12.5485,0.0306465
12.5485,0.0306907
12.5496,0.0307293
12.5496,0.0307632
12.5507,0.0307928
12.5507,0.0308187
12.5519,0.0308413
12.5519,0.0308612
12.5531,0.0308785
12.5531,0.0308937
12.5542,0.030907
12.5542,0.0309186
12.5554,0.0309288
12.5554,0.0309377
12.5565,0.0309455
12.5565,0.0309523
12.5576,0.0309583
12.5576,0.0309635
12.5587,0.030968
12.5587,0.030972
12.56,0.0309755
12.56,0.0309786
12.5611,0.0309813
12.5611,0.0309836
12.5622,0.0309857
12.5622,0.0309874
12.5634,0.030989
12.5634,0.0309904
12.5645,0.0309916
12.5645,0.0309926
12.5656,0.0309936
12.5656,0.0309944
12.5669,0.0309951
12.5669,0.0309957
12.568,0.0309962
12.568,0.0309967
12.5691,0.0309971
12.5691,0.0309975
12.5702,0.0309978
12.5702,0.0309981
12.5714,0.0309983
12.5714,0.0309985
12.5725,0.0309987
12.5725,0.0309989
12.5736,0.030999
12.5736,0.0309991
12.575,0.0309992
12.575,0.0309993
12.576,0.0308744
12.576,0.0307651
12.5771,0.0307945
12.5771,0.0308202
12.5782,0.0308426
12.5782,0.0308623
12.5794,0.0308795
12.5794,0.0308946
12.5805,0.0309078
12.5805,0.0309193
12.5817,0.0309294
12.5817,0.0309382
12.5829,0.0309459
12.5829,0.0309527
12.584,0.0308336
12.584,0.0307294
12.5851,0.0307632
12.5851,0.0307928
12.5862,0.0308187
12.5862,0.0308414
12.5874,0.0308612
12.5874,0.0308786
12.5885,0.0308937
12.5885,0.030907
12.5897,0.0309186
12.5897,0.0309288
12.5909,0.0309377
12.5909,0.0309455
12.592,0.0308273
12.592,0.0307239
12.5931,0.0307584
12.5931,0.0307886
12.5942,0.030815
12.5942,0.0308381
12.5954,0.0308584
12.5954,0.0308761
12.5966,0.0308916
12.5966,0.0309051
12.5977,0.030917
12.5977,0.0309274
12.5989,0.0309364
12.5989,0.0309444
12.6,0.0308263
12.6,0.030723
12.6011,0.0307577
12.6011,0.030788
12.6029,0.0308145
12.6029,0.0308377
12.6034,0.0308579
12.6034,0.0308757
12.6046,0.0308912
12.6046,0.0309048
12.6057,0.0309167
12.6057,0.0309271
12.6069,0.0309362
12.6069,0.0309442
12.608,0.0308262
12.608,0.0307229
12.6091,0.0307575
12.6091,0.0307879
12.6102,0.0308144
12.6102,0.0308376
12.6115,0.0308579
12.6115,0.0308756
12.6126,0.0308912
12.6126,0.0309048
12.6137,0.0309167
12.6137,0.0309271
12.615,0.0309362
12.615,0.0309442
12.616,0.0308262
12.616,0.0307229
12.6171,0.0307575
12.6171,0.0307878
12.6182,0.0308144
12.6182,0.0308376
12.6195,0.0308579
12.6195,0.0308756
12.6206,0.0308912
12.6206,0.0309048
12.6217,0.0309167
12.6217,0.0309271
12.6229,0.0309362
12.6229,0.0309442
12.624,0.0308262
12.624,0.0307229
12.6251,0.0307575
12.6251,0.0307878
12.6264,0.0308144
12.6264,0.0308376
12.6275,0.0308579
12.6275,0.0308756
12.6286,0.0308912
12.6286,0.0309048
12.6297,0.0309167
12.6297,0.0309271
12.6309,0.0309362
12.6309,0.0309442
12.632,0.0308262
12.632,0.0307229
12.6332,0.0307575
12.6332,0.0307878
12.6344,0.0308144
12.6344,0.0308376
12.6356,0.0308579
12.6356,0.0308756
12.6366,0.0308912
12.6366,0.0309048
12.6377,0.0309167
12.6377,0.0309271
12.6389,0.0309362
12.6389,0.0309442
12.64,0.0308262
12.64,0.0307229
12.6412,0.0307575
12.6412,0.0307878
12.6424,0.0308144
12.6424,0.0308376
12.6435,0.0308579
12.6435,0.0308756
12.6446,0.0308912
12.6446,0.0309048
12.6457,0.0309167
12.6457,0.0309271
12.6469,0.0309362
12.6469,0.0309442
12.6481,0.0309512
12.6481,0.0309573
12.6492,0.0309626
12.6492,0.0309673
12.6504,0.0309714
12.6504,0.0309749
12.6515,0.0309781
12.6515,0.0309808
12.6526,0.0309832
12.6526,0.0309853
12.6537,0.0309871
12.6537,0.0309888
12.655,0.0309902
12.655,0.0309914
12.6561,0.0309925
12.6561,0.0309934
12.6572,0.0309942
12.6572,0.030995
12.6584,0.0309956
12.6584,0.0309961
12.6595,0.0309966
12.6595,0.030997
12.6606,0.0309974
12.6606,0.0309977
12.6617,0.030998
12.6617,0.0309983
12.663,0.0311235
12.663,0.031108
12.6641,0.0313445
12.6641,0.0313015
12.6652,0.0313888
12.6652,0.0313402
12.6664,0.0314227
12.6664,0.0313698
12.6675,0.0314486
12.6675,0.0313925
12.6686,0.0314685
12.6686,0.0314099
12.6697,0.0314837
12.6697,0.0314232
12.671,0.0314953
12.671,0.0314334
12.6721,0.0316292
12.6721,0.0315506
12.6732,0.0316067
12.6732,0.0315309
12.6744,0.0315895
12.6744,0.0315158
12.6756,0.0315764
12.6756,0.0315043
12.6766,0.0315663
12.6766,0.0314955
12.6779,0.0315586
12.6779,0.0314887
12.679,0.0315526
12.679,0.0313586
12.6801,0.0314387
12.6801,0.0313839
12.6812,0.0314609
12.6812,0.0314033
12.6824,0.0314779
12.6824,0.0314181
12.6835,0.0314909
12.6835,0.0314295
12.6846,0.0315008
12.6846,0.0314382
12.6859,0.0315084
12.6859,0.0314449
12.687,0.0315143
12.687,0.031325
12.6881,0.0314094
12.6881,0.0313582
12.6892,0.0314384
12.6892,0.0313836
12.6904,0.0314607
12.6904,0.0314031
12.6915,0.0314777
12.6915,0.031418
12.6927,0.0314907
12.6927,0.0314294
12.6939,0.0315007
12.6939,0.0314381
12.695,0.0315084
12.695,0.0313198
12.6961,0.0314048
12.6961,0.0313542
12.6972,0.031435
12.6972,0.0313806
12.6984,0.031458
12.6984,0.0314008
12.6995,0.0314757
12.6995,0.0314162
12.7007,0.0314892
12.7007,0.031428
12.7019,0.0314995
12.7019,0.0314371
12.703,0.0315075
12.703,0.031319
12.7041,0.0314041
12.7041,0.0313536
12.7052,0.0314344
12.7052,0.0313801
12.7064,0.0314576
12.7064,0.0314004
12.7076,0.0314753
12.7076,0.0314159
12.7087,0.0314889
12.7087,0.0314278
12.7099,0.0314993
12.7099,0.0314369
12.711,0.0315073
12.711,0.0313189
12.7121,0.031404
12.7121,0.0313535
12.7132,0.0314343
12.7132,0.03138
12.7145,0.0314575
12.7145,0.0314003
12.7156,0.0314753
12.7156,0.0314159
12.7167,0.0314889
12.7167,0.0314278
12.7179,0.0314993
12.7179,0.0314369
12.719,0.0315073
12.719,0.0313189
12.7201,0.031404
12.7201,0.0313535
12.7212,0.0314343
12.7212,0.03138
12.7225,0.0314575
12.7225,0.0314003
12.7236,0.0314753
12.7236,0.0314159
12.7247,0.0314889
12.7247,0.0314278
12.7259,0.0314993
12.7259,0.0314369
12.727,0.0315073
12.727,0.0313189
12.7281,0.031404
12.7281,0.0313535
12.7294,0.0314343
12.7294,0.03138
12.7305,0.0314575
12.7305,0.0314003
12.7316,0.0314753
12.7316,0.0314159
12.7327,0.0314889
12.7327,0.0314278
12.7339,0.0314993
12.7339,0.0314369
12.735,0.0315073
12.735,0.0313189
12.7361,0.031404
12.7361,0.0313535
12.7374,0.0314343
12.7374,0.03138
12.7385,0.0314575
12.7385,0.0314003
12.7396,0.0314753
12.7396,0.0314159
12.7407,0.0314889
12.7407,0.0314278
12.7419,0.0314993
12.7419,0.0314369
12.743,0.0315073
12.743,0.0313189
12.7442,0.031404
12.7442,0.0313535
12.7454,0.0314343
12.7454,0.03138
12.7465,0.0314575
12.7465,0.0314003
12.7476,0.0314753
12.7476,0.0314159
12.7487,0.0314889
12.7487,0.0314278
12.7499,0.0314993
12.7499,0.0314369
12.751,0.0315073
12.751,0.0313189
12.7522,0.031404
12.7522,0.0313535
12.7534,0.0314343
12.7534,0.03138
12.7545,0.0314575
12.7545,0.0314003
12.7556,0.0314753
12.7556,0.0314159
12.7567,0.0314889
12.7567,0.0314278
12.7579,0.0314993
12.7579,0.0314369
12.7591,0.0316323
12.7591,0.0315532
12.7602,0.0316091
12.7602,0.031533
12.7614,0.0315913
12.7614,0.0315174
12.7625,0.0315777
12.7625,0.0315055
12.7636,0.0315673
12.7636,0.0314964
12.7647,0.0315594
12.7647,0.0314894
12.7659,0.0315533
12.7659,0.0314841
12.7671,0.0316736
12.7671,0.0315894
12.7682,0.0316407
12.7682,0.0315606
12.7694,0.0316155
12.7694,0.0315386
12.7705,0.0315963
12.7705,0.0315217
12.7716,0.0315815
12.7716,0.0315088
12.7727,0.0315702
12.7727,0.0314989
12.774,0.0315616
12.774,0.0314914
12.7751,0.03168
12.7751,0.031595
12.7762,0.0316456
12.7762,0.0315649
12.7774,0.0316193
12.7774,0.0315419
12.7785,0.0315991
12.7785,0.0315242
12.7796,0.0315837
12.7796,0.0315107
12.7809,0.0315719
12.7809,0.0315004
12.782,0.0315629
12.782,0.0314925
12.7831,0.0316809
12.7831,0.0315958
12.7842,0.0316463
12.7842,0.0315656
12.7854,0.0316199
12.7854,0.0315424
12.7865,0.0315996
12.7865,0.0316496
12.7876,0.0316934
12.7876,0.0317317
12.7889,0.0317653
12.7889,0.0317946
12.79,0.0318203
12.79,0.0318428
12.7911,0.0318624
12.7911,0.0318796
12.7922,0.0318947
12.7922,0.0319078
12.7934,0.0319193
12.7934,0.0319294
12.7945,0.0319382
12.7945,0.031946
12.7957,0.0319527
12.7957,0.0319586
12.7969,0.0319638
12.7969,0.0319683
12.798,0.0319723
12.798,0.0319757
12.7991,0.0319788
12.7991,0.0319814
12.8002,0.0319838
12.8002,0.0319858
12.8014,0.0319876
12.8014,0.0319891
12.8025,0.0319905
12.8025,0.0319917
12.8037,0.0319927
12.8037,0.0319936
12.805,0.0319944
12.805,0.0319951
12.806,0.0319957
12.806,0.0319963
12.8071,0.0319967
12.8071,0.0319971
12.8082,0.0319975
12.8082,0.0319978
12.8094,0.0319981
12.8094,0.0319983
12.8106,0.0319985
12.8106,0.0319987
12.8117,0.0319989
12.8117,0.031999
12.8129,0.0319991
12.8129,0.0319992
12.814,0.0319993
12.814,0.0319994
12.8151,0.0319995
12.8151,0.0319996
12.8162,0.0319996
12.8162,0.0319997
12.8174,0.0319997
12.8174,0.0319997
12.8186,0.0319998
12.8186,0.0319998
12.8197,0.0319998
12.8197,0.0319998
12.8209,0.0319999
12.8209,0.0319999
12.822,0.0319999
12.822,0.0319999
12.8231,0.0319999
12.8231,0.0319999
12.8242,0.0319999
12.8242,0.0319999
12.8256,0.032
12.8256,0.032
12.8266,0.032
12.8266,0.032
12.8277,0.032
12.8277,0.032
12.8289,0.032
12.8289,0.032
12.83,0.032
12.83,0.032
12.8311,0.032
12.8311,0.032
12.8322,0.032
12.8322,0.032
12.8335,0.032
12.8335,0.032
12.8346,0.032
12.8346,0.032
12.8357,0.032
12.8466,0.032125
12.8466,0.0322344
12.8477,0.0322051
12.8477,0.0321794
12.8484,0.032157
12.8484,0.0321374
12.8495,0.0321202
12.8495,0.0321052
12.8506,0.032092
12.8506,0.0320805
12.8517,0.0320705
12.8517,0.0320617
12.8529,0.0320539
12.8529,0.0320472
12.854,0.0320413
12.854,0.0320361
12.8552,0.0320316
12.8552,0.0320277
12.8564,0.0320242
12.8564,0.0320212
12.8575,0.0320185
12.8575,0.0320162
12.8592,0.0321392
12.8592,0.0322468
12.8597,0.0322159
12.8597,0.0321889
12.8609,0.0321653
12.8609,0.0321447
12.8621,0.0322516
12.8621,0.0323451
12.8632,0.032302
12.8632,0.0322642
12.8644,0.0322312
12.8644,0.0322023
12.8656,0.032177
12.8656,0.0321549
12.8666,0.0321355
12.8666,0.0321186
12.8677,0.0321038
12.8677,0.0320908
12.8689,0.0320794
12.8689,0.0320695
12.8707,0.0321858
12.8707,0.0322876
12.8712,0.0322516
12.8712,0.0322202
12.8724,0.0321927
12.8724,0.0321686
12.8735,0.0321475
12.8735,0.0321291
12.8746,0.0321129
12.8746,0.0320988
12.8757,0.0320865
12.8757,0.0320757
12.8776,0.0321912
12.8776,0.0322923
12.8781,0.0322558
12.8781,0.0322238
12.8792,0.0321958
12.8792,0.0321713
12.8804,0.0321499
12.8804,0.0321312
12.8815,0.0321148
12.8815,0.0321004
12.8826,0.0320879
12.8826,0.0320769
12.8837,0.0320673
12.8837,0.0320589
12.885,0.0320515
12.885,0.0320451
12.8861,0.0321644
12.8861,0.0322689
12.8872,0.0322353
12.8872,0.0322059
12.8884,0.0321801
12.8884,0.0321576
12.8895,0.0321379
12.8895,0.0321207
12.8906,0.0319806
12.8906,0.031858
12.8919,0.0318758
12.8919,0.0318913
12.893,0.0319049
12.893,0.0319168
12.8941,0.0319272
12.8941,0.0319363
12.8952,0.0319442
12.8952,0.0319512
12.8964,0.0319573
12.8964,0.0319626
12.8975,0.0319673
12.8975,0.0319714
12.8986,0.031975
12.8986,0.0319781
12.8999,0.0319808
12.8999,0.0319832
12.901,0.0319853
12.901,0.0319872
12.9021,0.0319888
12.9021,0.0319902
12.9032,0.0319914
12.9032,0.0319925
12.9044,0.0319934
12.9044,0.0319942
12.9056,0.031995
12.9056,0.0319956
12.9067,0.0319961
12.9067,0.0319966
12.9079,0.031997
12.9079,0.0319974
12.909,0.0318727
12.909,0.0317636
12.9101,0.0317932
12.9101,0.031819
12.9112,0.0318417
12.9112,0.0318614
12.9124,0.0318788
12.9124,0.0318939
12.9135,0.0319072
12.9135,0.0319188
12.9147,0.0319289
12.9147,0.0319378
12.9159,0.0319456
12.9159,0.0319524
12.917,0.0319583
12.917,0.0319635
12.9181,0.0319681
12.9181,0.0319721
12.9192,0.0321006
12.9192,0.032088
12.9204,0.032202
12.9204,0.0321768
12.9216,0.0322797
12.9216,0.0322447
12.9227,0.0323391
12.9227,0.0322967
12.9239,0.0323846
12.9239,0.0323366
12.925,0.0324195
12.925,0.032367
12.9261,0.0325712
12.9261,0.0324998
12.9272,0.0325623
12.9272,0.032492
12.9285,0.0325555
12.9285,0.0324861
12.9296,0.0325503
12.9296,0.0324815
12.9307,0.0325463
12.9307,0.032478
12.9319,0.0325433
12.9319,0.0324754
12.933,0.0325409
12.933,0.0324733
12.9341,0.0326642
12.9341,0.0325811
12.9352,0.0326335
12.9352,0.0325543
12.9365,0.03261
12.9365,0.0325338
12.9376,0.032592
12.9376,0.032518
12.9387,0.0325783
12.9387,0.032506
12.9399,0.0325677
12.9399,0.0324968
12.941,0.0325597
12.941,0.0324897
12.9421,0.0326785
12.9421,0.0325937
12.9434,0.0326445
12.9434,0.0325639
12.9445,0.0326184
12.9445,0.0325411
12.9456,0.0325985
12.9456,0.0325237
12.9467,0.0325832
12.9467,0.0325103
12.9479,0.0325715
12.9479,0.0325001
12.949,0.0325626
12.949,0.0324922
12.9501,0.0326807
12.9501,0.0325956
12.9514,0.0326462
12.9514,0.0325654
12.9525,0.0326197
12.9525,0.0325423
12.9536,0.0325995
12.9536,0.0325245
12.9547,0.032584
12.9547,0.032511
12.9559,0.0325721
12.9559,0.0325006
12.957,0.032563
12.957,0.0324926
12.9582,0.0326811
12.9582,0.0325959
12.9594,0.0326464
12.9594,0.0325656
12.9605,0.0326199
12.9605,0.0325424
12.9616,0.0325996
12.9616,0.0325247
12.9627,0.0325841
12.9627,0.0325111
12.9639,0.0325722
12.9639,0.0325007
12.965,0.0325631
12.965,0.0324927
12.9662,0.0326811
12.9662,0.032596
12.9674,0.0326465
12.9674,0.0325657
12.9685,0.03262
12.9685,0.0325425
12.9696,0.0325997
12.9696,0.0325247
12.9707,0.0325841
12.9707,0.0325111
12.9719,0.0325722
12.9719,0.0325007
12.9731,0.0326881
12.9731,0.0327271
12.9742,0.0328862
12.9742,0.0327754
12.9754,0.0328035
12.9754,0.0327031
12.9765,0.0327402
12.9765,0.0326477
12.9776,0.0326917
12.9776,0.0326052
12.9787,0.0326546
12.9787,0.0325728
12.9799,0.0326262
12.9799,0.0325479
12.9811,0.0327294
12.9811,0.0327632
12.9822,0.0329178
12.9822,0.0328031
12.984,0.0328277
12.984,0.0327242
12.9845,0.0327587
12.9845,0.0326639
12.9856,0.0327059
12.9856,0.0326177
12.9867,0.0326654
12.9867,0.0325823
12.988,0.0326345
12.988,0.0325552
12.9891,0.0327358
12.9891,0.0327688
12.9902,0.0329227
12.9902,0.0328074
12.9914,0.0328314
12.9914,0.0327275
12.9925,0.0327616
12.9925,0.0326664
12.9936,0.0327081
12.9936,0.0326196
12.9947,0.0326671
12.9947,0.0325837
12.996,0.0326358
12.996,0.0325563
12.9971,0.0327368
12.9971,0.0327697
12.9982,0.0329235
12.9982,0.032808
12.9994,0.032832
12.9994,0.032728
13.0005,0.032762
13.0005,0.0326668
13.0016,0.0327084
13.0016,0.0326199
13.0029,0.0326674
13.0029,0.032584
13.004,0.032636
13.004,0.0325565
13.0051,0.0327369
13.0051,0.0326448
13.0062,0.0326892
13.0062,0.032603
13.0074,0.0326527
13.0074,0.0325711
13.0085,0.0326247
13.0085,0.0325466
13.0097,0.0326033
13.0097,0.0325279
13.0109,0.0325869
13.0109,0.0325135
13.012,0.0325743
13.012,0.0325025
13.0131,0.0326897
13.0131,0.0326035
13.0148,0.0326531
13.0149,0.0325714
13.0154,0.032625
13.0154,0.0325469
13.0165,0.0326035
13.0165,0.0325281
13.0177,0.0325871
13.0177,0.0325137
13.0195,0.0326995
13.0195,0.032737
13.02,0.0327699
13.02,0.0326737
13.0211,0.0328395
13.0211,0.0327345
13.0222,0.0327677
13.0222,0.0326717
13.0234,0.0327128
13.0234,0.0326237
13.0246,0.0326707
13.0246,0.0325869
13.0257,0.0326385
13.0257,0.0325587
13.0269,0.0326139
13.0269,0.0325371
13.028,0.032595
13.028,0.0325206
13.0291,0.0327055
13.0291,0.0326173
13.0302,0.0326652
13.0302,0.032582
13.0314,0.0326343
13.0314,0.032555
13.0326,0.0326106
13.0326,0.0325343
13.0337,0.0325925
13.0337,0.0325184
13.035,0.0325786
13.035,0.0325063
13.036,0.032568
13.036,0.032497
13.0371,0.0326849
13.0371,0.0325993
13.0382,0.0326494
13.0382,0.0325682
13.0395,0.0326222
13.0395,0.0325444
13.0406,0.0326013
13.0406,0.0325262
13.0417,0.0325854
13.0417,0.0325122
13.0435,0.0326982
13.0435,0.0327359
13.044,0.0327689
13.044,0.0326728
13.0451,0.0328387
13.0451,0.0327339
13.0462,0.0327671
13.0462,0.0326712
13.0475,0.0327123
13.0475,0.0326233
13.0492,0.0327954
13.0492,0.032821
13.0497,0.0328433
13.0497,0.0327379
13.0509,0.0327707
13.0509,0.0325493
13.052,0.0324807
13.052,0.0324206
13.0531,0.032618
13.0531,0.0325408
13.0544,0.0325982
13.0544,0.0325234
13.0556,0.032583
13.0556,0.0325101
13.0566,0.0325713
13.0566,0.0324999
13.0577,0.0325624
13.0577,0.0324921
13.0595,0.0326806
13.0595,0.0327205
13.06,0.0327555
13.06,0.032661
13.0611,0.0328284
13.0611,0.0329749
13.0624,0.032978
13.0624,0.0329807
13.0635,0.0329832
13.0635,0.0329853
13.0646,0.0329871
13.0646,0.0329887
13.0657,0.0329901
13.0657,0.0329914
13.0669,0.0329924
13.0669,0.0329934
13.0686,0.0331192
13.0686,0.0332293
13.0692,0.0333256
13.0692,0.0334099
13.0704,0.0333587
13.0704,0.0333139
13.0715,0.0332746
13.0715,0.0332403
13.0726,0.0332103
13.0726,0.033184
13.0737,0.033161
13.0737,0.0331409
13.0756,0.0332482
13.0756,0.0333422
13.0761,0.0332994
13.0761,0.033262
13.0772,0.0333543
13.0772,0.033435
13.0784,0.0333806
13.0784,0.033333
13.0795,0.0332914
13.0795,0.033255
13.0806,0.0332231
13.0806,0.0331952
13.0817,0.0330458
13.0817,0.0329151
13.0829,0.0329257
13.0829,0.032935
13.0841,0.0330681
13.0841,0.0331846
13.0852,0.0332865
13.0852,0.0333757
13.0864,0.0333287
13.0864,0.0332876
13.0875,0.0332517
13.0875,0.0332202
13.0886,0.0331927
13.0886,0.0331686
13.0897,0.0331475
13.0897,0.0331291
13.091,0.033113
13.091,0.0330988
13.0921,0.0330865
13.0921,0.0330757
13.0932,0.0331912
13.0932,0.0332923
13.0944,0.0332558
13.0944,0.0332238
13.0956,0.0331958
13.0956,0.0331713
13.0966,0.0331499
13.0966,0.0331312
13.0977,0.0331148
13.0977,0.0331004
13.099,0.0330879
13.099,0.0330769
13.1001,0.0331923
13.1001,0.0332932
13.1012,0.0332566
13.1012,0.0332245
13.1024,0.0331965
13.1024,0.0331719
13.1035,0.0331504
13.1035,0.0331316
13.1046,0.0331152
13.1046,0.0331008
13.1059,0.0330882
13.1059,0.0330771
13.107,0.0330675
13.107,0.0330591
13.1081,0.0330517
13.1081,0.0330452
13.1092,0.0330396
13.1092,0.0330346
13.1104,0.0330303
13.1104,0.0330265
13.1115,0.0330232
13.1115,0.0330203
13.1126,0.0330178
13.1126,0.0330155
13.1139,0.0330136
13.1139,0.0330119
13.115,0.0330104
13.115,0.0330091
13.1161,0.033133
13.1161,0.0332413
13.1172,0.0332112
13.1172,0.0331848
13.1184,0.0331617
13.1184,0.0331415
13.1195,0.0331238
13.1195,0.0331083
13.1207,0.0330948
13.1207,0.0330829
13.1219,0.0330726
13.1219,0.0330635
13.123,0.0330556
13.123,0.0330486
13.1241,0.0331675
13.1241,0.0332716
13.1252,0.0332376
13.1252,0.0332079
13.1264,0.0331819
13.1264,0.0331592
13.1275,0.0331393
13.1275,0.0331219
13.1287,0.0331067
13.1287,0.0330933
13.1299,0.0330817
13.1299,0.0330714
13.131,0.0330625
13.131,0.0330547
13.1321,0.0331729
13.1321,0.0332763
13.1332,0.0332417
13.1332,0.0332115
13.1344,0.0331851
13.1344,0.0331619
13.1356,0.0331417
13.1356,0.033124
13.1367,0.0331085
13.1367,0.0330949
13.1379,0.0330831
13.1379,0.0330727
13.139,0.0330636
13.139,0.0330556
13.1401,0.0331737
13.1401,0.033277
13.1412,0.0332424
13.1412,0.0332121
13.1424,0.0331855
13.1424,0.0331624
13.1436,0.0331421
13.1436,0.0331243
13.1447,0.0331088
13.1447,0.0330952
13.1459,0.0330833
13.1459,0.0330729
13.147,0.0330638
13.147,0.0330558
13.1481,0.0331738
13.1481,0.0332771
13.1492,0.0332424
13.1492,0.0332121
13.1505,0.0331856
13.1505,0.0331624
13.1516,0.0331421
13.1516,0.0331244
13.1527,0.0331088
13.1527,0.0330952
13.1539,0.0330833
13.1539,0.0330729
13.155,0.0330638
13.155,0.0330558
13.1561,0.0331738
13.1561,0.0332771
13.1574,0.0332425
13.1574,0.0332122
13.1585,0.0331856
13.1585,0.0331624
13.1596,0.0331421
13.1596,0.0331244
13.1607,0.0331088
13.1607,0.0330952
13.1619,0.0330833
13.1619,0.0330729
13.163,0.0330638
13.163,0.0330558
13.1641,0.0331738
13.1641,0.0332771
13.1654,0.0332425
13.1654,0.0332122
13.1665,0.0331856
13.1665,0.0331624
13.1676,0.0331421
13.1676,0.0331244
13.1687,0.0331088
13.1687,0.0330952
13.1699,0.0330833
13.1699,0.0330729
13.171,0.0330638
13.171,0.0330558
13.1722,0.0331738
13.1722,0.0332771
13.1734,0.0332425
13.1734,0.0332122
13.1745,0.0331856
13.1745,0.0331624
13.1756,0.0331421
13.1756,0.0331244
13.1767,0.0331088
13.1767,0.0330952
13.1779,0.0330833
13.1779,0.0330729
13.179,0.0330638
13.179,0.0330558
13.1802,0.0331738
13.1802,0.0332771
13.1814,0.0332425
13.1814,0.0332122
13.1825,0.0331856
13.1825,0.0331624
13.1836,0.0331421
13.1836,0.0331244
13.1847,0.0331088
13.1847,0.0330952
13.1859,0.0330833
13.1859,0.0330729
13.1871,0.0331888
13.1871,0.0332902
13.1882,0.0333789
13.1882,0.0334565
13.1894,0.0333995
13.1894,0.0333495
13.1905,0.0333059
13.1905,0.0332676
13.1916,0.0332342
13.1916,0.0332049
13.1927,0.0331793
13.1927,0.0331569
13.1939,0.0331373
13.1939,0.0331201
13.1951,0.0332301
13.1951,0.0333263
13.1962,0.0334105
13.1962,0.0334842
13.1974,0.0334237
13.1974,0.0333707
13.1985,0.0333244
13.1985,0.0332838
13.1996,0.0332484
13.1996,0.0332173
13.2007,0.0331901
13.2007,0.0331664
13.202,0.0331456
13.202,0.0331274
13.2031,0.0332365
13.2031,0.0333319
13.2042,0.0334154
13.2042,0.0334885
13.2054,0.0334274
13.2054,0.033374
13.2065,0.0333272
13.2065,0.0332863
13.2076,0.0332505
13.2076,0.0332192
13.2087,0.0331918
13.2087,0.0331678
13.2106,0.0332719
13.2106,0.0333629
13.2111,0.0334425
13.2111,0.0335122
13.2122,0.0335732
13.2122,0.0336265
13.214,0.0335482
13.214,0.0334797
13.2145,0.0334197
13.2145,0.0333673
13.2156,0.0333214
13.2156,0.0332812
13.2169,0.033246
13.2169,0.0332153
13.218,0.0331884
13.218,0.0331648
13.2191,0.0333942
13.2191,0.0334699
13.2202,0.0336612
13.2202,0.0335785
13.2214,0.0336312
13.2214,0.0335523
13.2225,0.0336083
13.2225,0.0335322
13.2237,0.0335907
13.2237,0.0335169
13.225,0.0335773
13.225,0.0335051
13.226,0.033567
13.226,0.0334961
13.2271,0.0336841
13.2271,0.0337236
13.2282,0.0338831
13.2282,0.0337727
13.2294,0.0338011
13.2294,0.033701
13.2305,0.0337384
13.2305,0.0336461
13.2317,0.0336903
13.2317,0.033604
13.2329,0.0336535
13.2329,0.0335718
13.234,0.0336254
13.234,0.0335472
13.2351,0.0337288
13.2351,0.0337627
13.2362,0.0339173
13.2362,0.0338027
13.2374,0.0338273
13.2374,0.0337239
13.2386,0.0337584
13.2386,0.0336636
13.2397,0.0337057
13.2397,0.0336175
13.2409,0.0336653
13.2409,0.0335821
13.242,0.0336344
13.242,0.0335551
13.2431,0.0337357
13.2431,0.0336437
13.2442,0.0336883
13.2442,0.0336022
13.2454,0.0336519
13.2454,0.0335704
13.2466,0.0336241
13.2466,0.0335461
13.2477,0.0336029
13.2477,0.0335275
13.2489,0.0335866
13.2489,0.0335132
13.25,0.0335741
13.25,0.0335023
13.2511,0.0336895
13.2511,0.0337283
13.2522,0.0338873
13.2522,0.0337764
13.2535,0.0338043
13.2535,0.0337038
13.2546,0.0337408
13.2546,0.0336482
13.2557,0.0336922
13.2557,0.0336057
13.2569,0.033655
13.2569,0.0335731
13.258,0.0336265
13.258,0.0335481
13.2591,0.0337296
13.2591,0.0337634
13.2602,0.033918
13.2602,0.0338032
13.2615,0.0338278
13.2615,0.0337244
13.2626,0.0337588
13.2626,0.033664
13.2637,0.033706
13.2637,0.0336177
13.265,0.0336655
13.265,0.0335823
13.266,0.0336345
13.266,0.0335552
13.2671,0.0337358
13.2671,0.0337688
13.2684,0.0339227
13.2684,0.0338074
13.2695,0.0338315
13.2695,0.0337275
13.2706,0.0337616
13.2706,0.0336664
13.2717,0.0337081
13.2717,0.0336196
13.2729,0.0336671
13.2729,0.0335837
13.274,0.0336358
13.274,0.0335563
13.2751,0.0337368
13.2751,0.0337697
13.2764,0.0339235
13.2764,0.033808
13.2775,0.033832
13.2775,0.033728
13.2786,0.033762
13.2786,0.0336668
13.2797,0.0337084
13.2797,0.0336199
13.2809,0.0336674
13.2809,0.033584
13.282,0.033636
13.282,0.0335565
13.2839,0.0337369
13.2839,0.0337698
13.285,0.0339236
13.285,0.0338081
13.2856,0.0338321
13.2856,0.0337281
13.2866,0.0337621
13.2866,0.0336668
13.2877,0.0337085
13.2877,0.0336199
13.2889,0.0336674
13.2889,0.033584
13.29,0.033636
13.29,0.0335565
13.2912,0.0337369
13.2912,0.0337698
13.2924,0.0339236
13.2924,0.0338081
13.2941,0.0339571
13.2941,0.0339625
13.2946,0.0339672
13.2946,0.0338463
13.2957,0.0338655
13.2957,0.0337573
13.2969,0.0337876
13.2969,0.0336892
13.2981,0.033853
13.2981,0.0338714
13.2992,0.0340125
13.2992,0.0340109
13.3004,0.0341346
13.3004,0.0339927
13.3015,0.0339936
13.3015,0.0338694
13.3026,0.0338858
13.3026,0.033775
13.3037,0.0338032
13.3037,0.0337028
13.305,0.0337399
13.305,0.0336474
13.3061,0.0338165
13.3061,0.0338394
13.3072,0.0339845
13.3072,0.0339864
13.3084,0.0341131
13.3084,0.033974
13.3095,0.0339772
13.3095,0.0338551
13.3106,0.0338732
13.3106,0.033764
13.3124,0.0339185
13.3124,0.0339287
13.313,0.0339376
13.313,0.0338204
13.3141,0.0339679
13.3141,0.0339719
13.3152,0.0341004
13.3152,0.0340879
13.3164,0.0342019
13.3164,0.0340516
13.3175,0.0340452
13.3175,0.0339145
13.3186,0.0339252
13.3186,0.0338096
13.3199,0.0338334
13.3199,0.0337292
13.321,0.033763
13.321,0.0336677
13.3221,0.0338342
13.3221,0.0338549
13.3232,0.0339981
13.3232,0.0339983
13.3244,0.0341235
13.3244,0.0339831
13.3262,0.0341102
13.3262,0.0340964
13.3266,0.0340844
13.3266,0.0338238
13.3279,0.0337208
13.3279,0.0336307
13.329,0.0336769
13.329,0.0335923
13.3307,0.0337682
13.3307,0.0337972
13.3312,0.0339476
13.3312,0.0338291
13.3324,0.0338505
13.3324,0.0337442
13.3335,0.0337761
13.3335,0.0336791
13.3347,0.0337192
13.3347,0.0336293
13.3359,0.0336757
13.3359,0.0335912
13.337,0.0336423
13.337,0.033562
13.3381,0.0337418
13.3381,0.033774
13.3392,0.0339273
13.3392,0.0338114
13.3404,0.033835
13.3404,0.0337306
13.3415,0.0337643
13.3415,0.0336687
13.3427,0.0337101
13.3427,0.0336214
13.3439,0.0336687
13.3439,0.0335851
13.345,0.033637
13.345,0.0334323
13.3461,0.0335033
13.3461,0.0335654
13.3472,0.0337447
13.3472,0.0336516
13.3484,0.0336952
13.3484,0.0336083
13.3496,0.0336572
13.3496,0.0335751
13.3507,0.0336282
13.3507,0.0335497
13.3519,0.033606
13.3519,0.0335302
13.3536,0.0337139
13.3536,0.0337497
13.3547,0.033906
13.3547,0.0339177
13.3552,0.034053
13.3552,0.0339214
13.3564,0.0339312
13.3564,0.0338148
13.3576,0.033838
13.3576,0.0337332
13.3587,0.0337666
13.3587,0.0335457
13.3605,0.0336025
13.3605,0.0336522
13.361,0.0336957
13.361,0.0336087
13.3621,0.0337826
13.3621,0.0338098
13.3632,0.0339586
13.3632,0.0338388
13.3645,0.0338589
13.3645,0.0337515
13.3656,0.0337826
13.3656,0.0336848
13.3667,0.0337242
13.3667,0.0336337
13.3679,0.0336794
13.3679,0.0335945
13.369,0.0336452
13.369,0.0335646
13.3701,0.033744
13.3701,0.033776
13.3714,0.033929
13.3714,0.0338129
13.3725,0.0338363
13.3725,0.0337317
13.3736,0.0337653
13.3736,0.0336696
13.3747,0.0337109
13.3747,0.033622
13.3759,0.0336693
13.3759,0.0335856
13.377,0.0336374
13.377,0.0335577
13.3781,0.033738
13.3781,0.0337708
13.3794,0.0339244
13.3794,0.0338089
13.3805,0.0338328
13.3805,0.0337287
13.3816,0.0337626
13.3816,0.0336673
13.3827,0.0337088
13.3827,0.0336202
13.3839,0.0336677
13.3839,0.0335842
13.385,0.0336362
13.385,0.0335567
13.3862,0.0337371
13.3862,0.033645
13.3874,0.0336893
13.3874,0.0336032
13.3885,0.0336528
13.3885,0.0335712
13.3896,0.0336248
13.3896,0.0335467
13.3907,0.0336033
13.3907,0.0335279
13.3919,0.0335869
13.3919,0.0336386
13.393,0.0336837
13.393,0.0337233
13.3942,0.0337579
13.3942,0.0337881
13.3954,0.0339396
13.3954,0.0340722
13.3965,0.0340631
13.3965,0.0340553
13.3976,0.0340483
13.3976,0.0340423
13.3987,0.034037
13.3987,0.0340324
13.3999,0.0340283
13.3999,0.0340248
13.4011,0.0341467
13.4011,0.0342534
13.4029,0.0343467
13.4029,0.0344284
13.4034,0.0344998
13.4034,0.0345623
13.4045,0.034492
13.4045,0.0344305
13.405,0.0342517
13.4056,0.0342203
13.4062,0.0341927
13.4067,0.0341686
13.4074,0.0341476
13.4079,0.0341291
13.4085,0.034113
13.4097,0.0342238
13.4097,0.0341959
13.4102,0.0342964
13.4107,0.0342593
13.4114,0.0343519
13.412,0.0341829
13.4125,0.0341601
13.4131,0.0341401
13.4136,0.0341225
13.4142,0.0341072
13.4147,0.0340938
13.4154,0.0340821
13.416,0.0340718
13.4165,0.0340629
13.4171,0.03418
13.4176,0.0341575
13.4182,0.0342628
13.4187,0.03423
13.4194,0.0343262
13.42,0.0341604
13.4205,0.0341404
13.4211,0.0341228
13.4216,0.0341075
13.4222,0.034094
13.4227,0.0340823
13.4234,0.034072
13.424,0.034063
13.4245,0.0340551
13.4251,0.0341732
13.4256,0.0341516
13.4262,0.0342576
13.4269,0.0342254
13.4274,0.0343222
13.428,0.034157
13.4285,0.0341373
13.4291,0.0341202
13.4296,0.0341052
13.4302,0.034092
13.4309,0.0340805
13.4314,0.0340704
13.432,0.0340616
13.4325,0.0340539
13.4331,0.0341722
13.4342,0.0342757
13.4344,0.0343662
13.435,0.0341954
13.4354,0.034171
13.436,0.0340246
13.4365,0.0340215
13.4371,0.0340189
13.4376,0.0340165
13.4382,0.0340144
13.4389,0.0340126
13.4394,0.0341361
13.44,0.034119
13.4405,0.0341042
13.4411,0.0342161
13.4417,0.0341891
13.4422,0.0342905
13.4429,0.0342542
13.4434,0.0342224
13.4446,0.0343196
13.4446,0.0342796
13.4451,0.0343697
13.4457,0.0343235
13.4462,0.034408
13.4469,0.034357
13.4474,0.0343124
13.448,0.0342734
13.4485,0.0342392
13.4491,0.0343343
13.4497,0.0342925
13.4509,0.0343809
13.451,0.0343333
13.4514,0.0342917
13.452,0.0342552
13.4526,0.0342233
13.4531,0.0343204
13.4537,0.0342803
13.4542,0.0343703
13.4554,0.034449
13.4554,0.0343929
13.4566,0.0344688
13.4566,0.0344102
13.4577,0.0344839
13.4577,0.0344234
13.4589,0.0344955
13.4589,0.0344336
13.46,0.0343794
13.46,0.0343319
13.4611,0.0344154
13.4611,0.0344885
13.4622,0.0345524
13.4622,0.0346084
13.4634,0.0346573
13.4634,0.0345752
13.4646,0.0346283
13.4646,0.0345497
13.4657,0.034606
13.4657,0.0345303
13.4669,0.034589
13.4669,0.0345154
13.468,0.0344509
13.468,0.0342696
13.4691,0.0343609
13.4691,0.0344408
13.4702,0.0345107
13.4702,0.0345718
13.4715,0.0346254
13.4715,0.0345472
13.4726,0.0346038
13.4726,0.0345283
13.4737,0.0345873
13.4737,0.0345139
13.475,0.0345746
13.475,0.0345028
13.476,0.03444
13.476,0.034385
13.4771,0.0344618
13.4771,0.0345291
13.4784,0.034588
13.4784,0.0345145
13.4795,0.0345752
13.4795,0.0345033
13.4806,0.0345654
13.4806,0.0344947
13.4817,0.0345579
13.4817,0.0344881
13.4829,0.0345521
13.4829,0.0344831
13.484,0.0344227
13.484,0.0343699
13.4851,0.0344486
13.4851,0.0345176
13.4864,0.0345779
13.4864,0.0346306
13.4875,0.0346768
13.4875,0.0345922
13.4886,0.0346432
13.4886,0.0345628
13.4897,0.0344924
13.4897,0.0344309
13.4909,0.034377
13.4909,0.0343299
13.492,0.0342886
13.492,0.0342526
13.4932,0.034346
13.4932,0.0344277
13.4944,0.0344993
13.4944,0.0345619
13.4956,0.0344916
13.4956,0.0344302
13.4966,0.0343764
13.4966,0.0343294
13.4977,0.0342882
13.4977,0.0342522
13.4989,0.0342206
13.4989,0.0341931
13.5,0.0341689
13.5,0.0341478
13.5012,0.0342543
13.5012,0.0343475
13.5024,0.0344291
13.5024,0.0345005
13.5035,0.0344379
13.5035,0.0343832
13.5046,0.0343353
13.5046,0.0342934
13.5057,0.0342567
13.5057,0.0342246
13.5069,0.0341965
13.5069,0.034172
13.5081,0.0342755
13.5081,0.034366
13.5092,0.0344453
13.5092,0.0345146
13.5104,0.0345753
13.5104,0.0346284
13.5115,0.0345498
13.5115,0.0344811
13.5126,0.034421
13.5126,0.0343683
13.5137,0.0343223
13.5137,0.034282
13.515,0.0342468
13.515,0.0342159
13.5161,0.0343139
13.5161,0.0343997
13.5172,0.0344747
13.5172,0.0345404
13.5184,0.0345978
13.5184,0.0346481
13.5195,0.0345671
13.5195,0.0344962
13.5206,0.0344342
13.5206,0.0343799
13.5217,0.0343324
13.5217,0.0342909
13.523,0.0342545
13.523,0.0342227
13.5241,0.0343199
13.5241,0.0344049
13.5252,0.0344793
13.5252,0.0345444
13.5264,0.0346013
13.5264,0.0346511
13.5275,0.0345698
13.5275,0.0344985
13.5286,0.0344362
13.5286,0.0343817
13.5297,0.034334
13.5297,0.0342922
13.531,0.0342557
13.531,0.0342237
13.5321,0.0343208
13.5321,0.0344057
13.5332,0.03448
13.5332,0.034545
13.5344,0.0346018
13.5344,0.0346516
13.5356,0.0345702
13.5356,0.0344989
13.5366,0.0344365
13.5366,0.034382
13.5379,0.0343342
13.5379,0.0342924
13.539,0.0342559
13.539,0.0342239
13.5401,0.0343209
13.5401,0.0344058
13.5412,0.0344801
13.5412,0.0345451
13.5424,0.0344769
13.5424,0.0344173
13.5435,0.0343651
13.5435,0.0343195
13.5446,0.0342796
13.5446,0.0342446
13.5459,0.034214
13.5459,0.0341873
13.547,0.0341639
13.547,0.0341434
13.5481,0.0343755
13.5481,0.0344535
13.5492,0.0346468
13.5492,0.034691
13.5504,0.0348546
13.5504,0.0347478
13.5515,0.0347793
13.5515,0.0346819
13.5527,0.0347217
13.5527,0.0346315
13.5539,0.0346775
13.5539,0.0345928
13.555,0.0346437
13.555,0.0345633
13.5561,0.0347429
13.5561,0.034775
13.5572,0.0349281
13.5572,0.0349371
13.5584,0.03507
13.5584,0.0349362
13.5596,0.0349442
13.5596,0.0348262
13.5607,0.0348479
13.5607,0.0347419
13.5619,0.0347742
13.5619,0.0346774
13.563,0.0347177
13.563,0.034628
13.5641,0.0347995
13.5641,0.0348246
13.5652,0.0349715
13.5652,0.0349751
13.5664,0.0351032
13.5664,0.0349653
13.5676,0.0349696
13.5676,0.0348484
13.5687,0.0348674
13.5687,0.0347589
13.5699,0.0347891
13.5699,0.0346904
13.571,0.0347291
13.571,0.034638
13.5721,0.0348082
13.5721,0.0348322
13.5732,0.0349782
13.5732,0.0349809
13.5745,0.0351083
13.5745,0.0349698
13.5756,0.0349735
13.5756,0.0348518
13.5767,0.0348704
13.5767,0.0347616
13.5779,0.0347914
13.5779,0.0346924
13.579,0.0347309
13.579,0.0346395
13.5801,0.0348096
13.5801,0.0348334
13.5812,0.0349792
13.5812,0.0349818
13.5825,0.0351091
13.5825,0.0349705
13.5836,0.0349741
13.5836,0.0348524
13.5847,0.0348708
13.5847,0.034762
13.5859,0.0347917
13.5859,0.0346928
13.587,0.0347312
13.587,0.0346398
13.5881,0.0348098
13.5881,0.0348336
13.5894,0.0349794
13.5894,0.034982
13.5905,0.0351092
13.5905,0.0349706
13.5916,0.0349742
13.5916,0.0348525
13.5927,0.0348709
13.5927,0.034762
13.5939,0.0347918
13.5939,0.0346928
13.595,0.0347312
13.595,0.0346398
13.5961,0.0348098
13.5961,0.0348336
13.5974,0.0349794
13.5974,0.034982
13.5985,0.0351092
13.5985,0.0349706
13.5996,0.0349743
13.5996,0.0348525
13.6007,0.0348709
13.6007,0.034762
13.6019,0.0347918
13.6019,0.0346928
13.603,0.0347312
13.603,0.0346398
13.6042,0.0348098
13.6042,0.0348336
13.6054,0.0349794
13.6054,0.034982
13.6065,0.0351092
13.6065,0.0349706
13.6076,0.0349743
13.6076,0.0348525
13.6087,0.0348709
13.6087,0.034762
13.6099,0.0347918
13.6099,0.0346928
13.611,0.0347312
13.611,0.0346398
13.6122,0.0348098
13.6122,0.0348336
13.6134,0.0349794
13.6134,0.034982
13.6145,0.0351092
13.6145,0.0349706
13.6156,0.0349743
13.6156,0.0348525
13.6167,0.0348709
13.6167,0.034762
13.6179,0.0347918
13.6179,0.0346928
13.6191,0.0348562
13.6191,0.0348742
13.6202,0.0350149
13.6202,0.035013
13.6214,0.0351364
13.6214,0.0351194
13.6225,0.0352294
13.6225,0.0350758
13.6236,0.0350663
13.6236,0.034933
13.6247,0.0349414
13.6247,0.0348237
13.626,0.0348457
13.626,0.03474
13.6271,0.0348975
13.6271,0.0349103
13.6282,0.0350465
13.6282,0.0350407
13.6294,0.0351606
13.6294,0.0351406
13.6305,0.035248
13.6305,0.035092
13.6316,0.0350805
13.6316,0.0349454
13.6327,0.0349522
13.6327,0.0348332
13.634,0.0348541
13.634,0.0347473
13.6351,0.0349039
13.6351,0.0349159
13.6362,0.0350514
13.6362,0.035045
13.6374,0.0351644
13.6374,0.0351438
13.6385,0.0352508
13.6385,0.0350945
13.6396,0.0350827
13.6396,0.0349473
13.6409,0.0349539
13.6409,0.0348347
13.642,0.0348553
13.642,0.0347484
13.6431,0.0349049
13.6431,0.0349168
13.6442,0.0350522
13.6442,0.0350456
13.6454,0.0351649
13.6454,0.0351443
13.6465,0.0352513
13.6465,0.0350949
13.6476,0.035083
13.6476,0.0349476
13.6489,0.0349542
13.6489,0.0348349
13.65,0.0348555
13.65,0.0347486
13.6511,0.034905
13.6511,0.0349169
13.6522,0.0350523
13.6522,0.0350457
13.6534,0.035165
13.6534,0.0350194
13.6545,0.035017
13.6545,0.0348899
13.6557,0.0349036
13.6557,0.0347907
13.6569,0.0348168
13.6569,0.0347147
13.658,0.0347504
13.658,0.0346566
13.6591,0.0348245
13.6591,0.0348464
13.6602,0.0349906
13.6602,0.0349918
13.6614,0.0351178
13.6614,0.0349781
13.6625,0.0349808
13.6625,0.0348582
13.6637,0.034876
13.6637,0.0347665
13.665,0.0347957
13.665,0.0346962
13.666,0.0347342
13.666,0.0346424
13.6671,0.0348121
13.6671,0.0348356
13.6682,0.0349811
13.6682,0.0349835
13.6694,0.0351106
13.6694,0.0349717
13.6706,0.0349753
13.6706,0.0348534
13.6717,0.0348717
13.6717,0.0347627
13.6729,0.0347924
13.6729,0.0346933
13.674,0.0347317
13.674,0.0346402
13.6751,0.0348102
13.6751,0.0348339
13.6762,0.0349797
13.6762,0.0349822
13.6774,0.0351094
13.6774,0.0349708
13.6786,0.0349744
13.6786,0.0349776
13.6797,0.0349804
13.6797,0.0349829
13.6809,0.034985
13.6809,0.0349869
13.682,0.0349885
13.682,0.0349899
13.6831,0.0351162
13.6831,0.0352267
13.6842,0.0353233
13.6842,0.0354079
13.6856,0.0354819
13.6856,0.0355467
13.6866,0.0354784
13.6866,0.0354186
13.6877,0.0353662
13.6877,0.0353205
13.6889,0.0352804
13.6889,0.0352454
13.69,0.0352147
13.69,0.0351878
13.6911,0.0352894
13.6911,0.0353782
13.6922,0.0354559
13.6922,0.0355239
13.6935,0.0355834
13.6935,0.0356355
13.6946,0.0355561
13.6946,0.0354866
13.6957,0.0354257
13.6957,0.0353725
13.6969,0.035326
13.6969,0.0352852
13.698,0.0352496
13.698,0.0352184
13.6991,0.0353161
13.6991,0.0354016
13.7004,0.0354764
13.7004,0.0355418
13.7015,0.0355991
13.7015,0.0356492
13.7026,0.0355681
13.7026,0.035497
13.7037,0.0354349
13.7037,0.0353805
13.705,0.035333
13.705,0.0352914
13.706,0.0352549
13.706,0.0352231
13.7072,0.0353202
13.7072,0.0354052
13.7084,0.0354795
13.7084,0.0355446
13.7095,0.0356015
13.7095,0.0356513
13.7106,0.0355699
13.7106,0.0354987
13.7117,0.0354363
13.7117,0.0353818
13.7129,0.0353341
13.7129,0.0352923
13.714,0.0352558
13.714,0.0352238
13.7152,0.0353208
13.7152,0.0354057
13.7164,0.03548
13.7164,0.035545
13.7181,0.0357269
13.7181,0.035886
13.7186,0.0357753
13.7186,0.0356784
13.7197,0.0355936
13.7197,0.0355194
13.7209,0.0354544
13.7209,0.0353976
13.7221,0.0354729
13.7221,0.0355388
13.7232,0.0355965
13.7232,0.0356469
13.7244,0.035691
13.7244,0.0357297
13.7256,0.0357635
13.7256,0.035793
13.7266,0.0356939
13.7266,0.0356072
13.7277,0.0355313
13.7277,0.0354649
13.7289,0.0354067
13.7289,0.0353559
13.7301,0.0354364
13.7301,0.0355069
13.7312,0.0355685
13.7312,0.0356224
13.7324,0.0356696
13.7324,0.0357109
13.7335,0.0357471
13.7335,0.0357787
13.7346,0.0356813
13.7346,0.0355962
13.7357,0.0355217
13.7357,0.0354564
13.737,0.0353994
13.737,0.0353495
13.7381,0.0354308
13.7381,0.0355019
13.7392,0.0355642
13.7392,0.0356187
13.7404,0.0356663
13.7404,0.035708
13.7415,0.0357445
13.7415,0.0357765
13.7426,0.0356794
13.7426,0.0355945
13.7437,0.0355202
13.7437,0.0354551
13.745,0.0353983
13.745,0.0353485
13.7461,0.0354299
13.7461,0.0355012
13.7472,0.0355635
13.7472,0.0356181
13.7484,0.0356658
13.7484,0.0357076
13.7495,0.0357441
13.7495,0.0357761
13.7506,0.0356791
13.7506,0.0355942
13.7519,0.0355199
13.7519,0.035455
13.753,0.0352731
13.753,0.0351139
13.7541,0.0352247
13.7541,0.0353216
13.7552,0.0354064
13.7552,0.0354806
13.7564,0.0355455
13.7564,0.0356023
13.7575,0.035527
13.7575,0.0354612
13.7586,0.0354035
13.7586,0.0353531
13.7599,0.0353089
13.7599,0.0352703
13.761,0.0352365
13.761,0.035207
13.7621,0.0353061
13.7621,0.0353928
13.7632,0.0354687
13.7632,0.0355351
13.7644,0.0355932
13.7644,0.0356441
13.7656,0.0355636
13.7656,0.0354931
13.7667,0.0354315
13.7667,0.0353776
13.7679,0.0353304
13.7679,0.0352891
13.769,0.0352529
13.769,0.0352213
13.7701,0.0353186
13.7701,0.0354038
13.7712,0.0354783
13.7712,0.0355435
13.7724,0.0356006
13.7724,0.0356505
13.7736,0.0355692
13.7736,0.0354981
13.7747,0.0354358
13.7747,0.0353813
13.7759,0.0353337
13.7759,0.035292
13.777,0.0352555
13.777,0.0352235
13.7781,0.0353206
13.7781,0.0354055
13.7792,0.0354798
13.7792,0.0355448
13.7804,0.0356017
13.7804,0.0356515
13.7816,0.0355701
13.7816,0.0354988
13.7827,0.0354365
13.7827,0.0353819
13.7839,0.0353342
13.7839,0.0352924
13.785,0.0352558
13.785,0.0352239
13.7861,0.0353209
13.7861,0.0354058
13.7872,0.03548
13.7872,0.035545
13.7885,0.0356019
13.7885,0.0356517
13.7896,0.0355702
13.7896,0.0354989
13.7907,0.0354366
13.7907,0.035382
13.7919,0.0353342
13.7919,0.0352925
13.793,0.0352559
13.793,0.0352239
13.7941,0.0353209
13.7941,0.0354058
13.7952,0.0354801
13.7952,0.0355451
13.7965,0.0356019
13.7965,0.0356517
13.7976,0.0355702
13.7976,0.035499
13.7987,0.0354366
13.7987,0.035382
13.7999,0.0353343
13.7999,0.0352925
13.801,0.0352559
13.801,0.0352239
13.8021,0.0353209
13.8021,0.0354058
13.8034,0.0354801
13.8034,0.0355451
13.8045,0.0356019
13.8045,0.0356517
13.8062,0.0356952
13.8062,0.0357333
13.8067,0.0356417
13.8067,0.0355615
13.8079,0.0354913
13.8079,0.0354299
13.8096,0.0355011
13.8096,0.0355635
13.8101,0.0356181
13.8101,0.0356658
13.8114,0.0358326
13.8114,0.0358535
13.8125,0.0359968
13.8125,0.0359972
13.8136,0.0361226
13.8136,0.0359822
13.8147,0.0359845
13.8147,0.0358614
13.8159,0.0358787
13.8159,0.0357689
13.817,0.0357978
13.817,0.0356981
13.8182,0.0358608
13.8182,0.0358782
13.8194,0.0360184
13.8194,0.0360161
13.8205,0.0361391
13.8205,0.0361217
13.8222,0.0363565
13.8222,0.0363119
13.8227,0.0362729
13.8227,0.0361138
13.8239,0.0360996
13.8239,0.0359621
13.825,0.0359669
13.825,0.035846
13.8262,0.0359903
13.8262,0.0359915
13.8274,0.0361175
13.8274,0.0361029
13.8285,0.036215
13.8285,0.0361881
13.8296,0.0362896
13.8296,0.0361284
13.8307,0.0361124
13.8307,0.0359733
13.8319,0.0359766
13.8319,0.0358546
13.8331,0.0359977
13.8331,0.035998
13.8342,0.0361233
13.8342,0.0361079
13.8354,0.0362194
13.8354,0.036192
13.8365,0.036293
13.8365,0.0362563
13.8376,0.0363493
13.8376,0.0361806
13.8387,0.0361581
13.8387,0.0360133
13.8399,0.0360116
13.8399,0.0358852
13.8411,0.0360245
13.8411,0.0358965
13.8422,0.0359094
13.8422,0.0359207
13.8434,0.0360556
13.8434,0.0360487
13.8445,0.0361676
13.8445,0.0360216
13.8456,0.0360189
13.8456,0.0358916
13.8467,0.0359051
13.8467,0.035792
13.848,0.035818
13.848,0.0357157
13.8491,0.0358763
13.8491,0.0358917
13.8502,0.0360303
13.8502,0.0360265
13.8514,0.0361482
13.8514,0.0361297
13.8525,0.0362384
13.8525,0.0362086
13.8536,0.0363076
13.8536,0.0361441
13.855,0.0361261
13.855,0.0359853
13.856,0.0359872
13.856,0.0358638
13.8571,0.0360058
13.8571,0.0358801
13.8582,0.0358951
13.8582,0.0359082
13.8594,0.0360447
13.8594,0.0360391
13.8605,0.0361592
13.8605,0.0361393
13.8616,0.0362469
13.8616,0.036091
13.8629,0.0360796
13.8629,0.0359447
13.864,0.0359516
13.864,0.0358326
13.8651,0.0359786
13.8651,0.0359812
13.8662,0.0361086
13.8662,0.036095
13.8674,0.0362081
13.8674,0.0361821
13.8685,0.0362844
13.8685,0.0361238
13.8697,0.0361083
13.8697,0.0359698
13.8709,0.0359736
13.8709,0.0358519
13.872,0.0358704
13.872,0.0357616
13.8731,0.0359164
13.8731,0.0359268
13.8742,0.036061
13.8742,0.0360534
13.8754,0.0361717
13.8754,0.0361502
13.8765,0.0362564
13.8765,0.0360994
13.8777,0.036087
13.8777,0.0359511
13.8789,0.0359572
13.8789,0.0358376
13.88,0.0358579
13.88,0.0357506
13.8811,0.0359068
13.8811,0.0359184
13.8822,0.0360536
13.8822,0.0360469
13.8834,0.0361661
13.8834,0.0361453
13.8846,0.0362521
13.8846,0.0360956
13.8857,0.0360837
13.8857,0.0359482
13.8869,0.0359547
13.8869,0.0358354
13.888,0.0358559
13.888,0.0357489
13.8891,0.0359053
13.8891,0.0359172
13.8902,0.0360525
13.8902,0.0360459
13.8914,0.0361652
13.8914,0.0361446
13.8926,0.0362515
13.8926,0.036095
13.8937,0.0360832
13.8937,0.0359478
13.895,0.0359543
13.895,0.035835
13.896,0.0358556
13.896,0.0357487
13.8971,0.0359051
13.8971,0.035917
13.8982,0.0360523
13.8982,0.0360458
13.8995,0.0361651
13.8995,0.0361444
13.9006,0.0362514
13.9006,0.036095
13.9017,0.0360831
13.9017,0.0359477
13.9029,0.0359542
13.9029,0.035835
13.904,0.0358556
13.904,0.0357486
13.9051,0.0359051
13.9051,0.0359169
13.9062,0.0360523
13.9062,0.0360458
13.9075,0.036165
13.9075,0.0361444
13.9086,0.0362514
13.9086,0.0360949
13.9097,0.0360831
13.9097,0.0359477
13.9109,0.0359542
13.9109,0.0358349
13.912,0.0358556
13.912,0.0357486
13.9131,0.0359051
13.9131,0.0359169
13.9144,0.0360523
13.9144,0.0360458
13.9156,0.036165
13.9156,0.0361444
13.9166,0.0362514
13.9166,0.0360949
13.9177,0.0360831
13.9177,0.0359477
13.9189,0.0359542
13.9189,0.0358349
13.92,0.0358556
13.92,0.0357486
13.9212,0.0359051
13.9212,0.0359169
13.9224,0.0360523
13.9224,0.0360458
13.9241,0.03629
13.9241,0.0363788
13.9246,0.0364564
13.9246,0.0362744
13.9257,0.0362401
13.9257,0.0360851
13.9269,0.0360744
13.9269,0.0359401
13.928,0.0359476
13.928,0.0358292
13.9292,0.0359755
13.9292,0.0359786
13.9304,0.0361063
13.9304,0.036093
13.9315,0.0362064
13.9315,0.0361806
13.9326,0.036283
13.9326,0.0361226
13.9337,0.0361073
13.9337,0.0359689
13.935,0.0359728
13.935,0.0358512
13.9361,0.0359948
13.9361,0.0359954
13.9372,0.036121
13.9372,0.0361059
13.9384,0.0362176
13.9384,0.0361904
13.9395,0.0362916
13.9395,0.0362552
13.9406,0.0363483
13.9406,0.0361797
13.9417,0.0361573
13.9417,0.0360126
13.9429,0.036011
13.9429,0.0358847
13.9441,0.0360241
13.9441,0.0360211
13.9452,0.0361434
13.9452,0.0361255
13.9464,0.0362348
13.9464,0.0363305
13.9475,0.0364142
13.9475,0.0364874
13.9486,0.0365515
13.9486,0.0366075
13.9497,0.0365316
13.9497,0.0364651
13.951,0.036407
13.951,0.0363561
13.9521,0.0364366
13.9521,0.036507
13.9532,0.0365687
13.9532,0.0366226
13.9544,0.0366697
13.9544,0.036711
13.9556,0.0367471
13.9556,0.0367788
13.9566,0.0368064
13.9566,0.0368306
13.9577,0.0367268
13.9577,0.0366359
13.959,0.0365564
13.959,0.0364869
13.9601,0.036426
13.9601,0.0363728
13.9612,0.0364512
13.9612,0.0365198
13.9624,0.0365798
13.9624,0.0366323
13.9635,0.0366783
13.9635,0.0367185
13.9652,0.0368787
13.9652,0.0370189
13.9659,0.0368915
13.9659,0.0367801
13.967,0.0366826
13.967,0.0365972
13.9681,0.0366476
13.9681,0.0366916
13.9692,0.0367302
13.9692,0.0367639
13.9704,0.0367934
13.9704,0.0368192
13.9715,0.0368418
13.9715,0.0368616
13.9726,0.0367539
13.9726,0.0366597
13.9739,0.0365772
13.9739,0.0365051
13.975,0.0364419
13.975,0.0363867
13.9767,0.0364633
13.9767,0.0365304
13.9772,0.0365891
13.9772,0.0366405
13.9784,0.0366854
13.9784,0.0367247
13.9795,0.0367591
13.9795,0.0367893
13.9807,0.0366906
13.9807,0.0366043
13.9819,0.0365287
13.9819,0.0364626
13.983,0.0364048
13.983,0.0363542
13.9841,0.0364349
13.9841,0.0365056
13.9852,0.0365674
13.9852,0.0366214
13.9864,0.0366688
13.9864,0.0367102
13.9875,0.0367464
13.9875,0.0367781
13.9887,0.0366808
13.9887,0.0365957
13.9905,0.0366463
13.9905,0.0366905
13.991,0.0366042
13.991,0.0365286
13.9921,0.0365876
13.9921,0.0366391
13.9932,0.0366842
13.9932,0.0367237
13.9944,0.0367582
13.9944,0.0367885
13.9956,0.0368149
13.9956,0.036838
13.9967,0.0367333
13.9967,0.0366416
13.9979,0.0365614
13.9979,0.0364912
13.999,0.0364298
13.999,0.0363761
14.0001,0.0364541
14.0001,0.0365223
14.0019,0.036457
14.0019,0.0363999
14.0025,0.0364749
14.0025,0.0365406
14.0036,0.036598
14.0036,0.0366482
14.0047,0.0365672
14.0047,0.0364963
14.0059,0.0364343
14.0059,0.03638
14.007,0.0363325
14.007,0.0362909
14.0081,0.0363796
14.0081,0.0364571
14.0092,0.036525
14.0092,0.0365844
14.0105,0.0366363
14.0105,0.0366818
14.0116,0.0367215
14.0116,0.0367564
14.0127,0.0366618
14.0127,0.0365791
14.0139,0.0365067
14.0139,0.0364434
14.015,0.0363879
14.015,0.0363394
14.0161,0.036422
14.0161,0.0364943
14.0174,0.0365575
14.0174,0.0366128
14.0185,0.0366612
14.0185,0.0367035
14.0196,0.0367406
14.0196,0.036773
14.0207,0.0366764
14.0207,0.0365918
14.0219,0.0365179
14.0219,0.0364531
14.023,0.0363965
14.023,0.0363469
14.0241,0.0364286
14.0241,0.0365
14.0254,0.0365625
14.0254,0.0366172
14.0265,0.03654
14.0265,0.0364725
14.0276,0.0365385
14.0276,0.0365962
14.0287,0.0365216
14.0287,0.0364564
14.0299,0.0363994
14.0299,0.0363495
14.031,0.0363058
14.031,0.0362675
14.0322,0.0363591
14.0322,0.0364392
14.0334,0.0365093
14.0334,0.0365706
14.0345,0.0366243
14.0345,0.0366713
14.0356,0.0367124
14.0356,0.0367483
14.0367,0.0366548
14.0367,0.0365729
14.0379,0.0365013
14.0379,0.0364387
14.039,0.0363838
14.039,0.0363358
14.0402,0.0364189
14.0402,0.0364915
14.0414,0.0365551
14.0414,0.0366107
14.0425,0.0366593
14.0425,0.0367019
14.0436,0.0367392
14.0436,0.0367718
14.0447,0.0366753
14.0447,0.0365909
14.0459,0.036517
14.0459,0.0364524
14.0471,0.0365209
14.0471,0.0365807
14.0482,0.0366332
14.0482,0.036679
14.0494,0.0367191
14.0494,0.0367542
14.0505,0.036785
14.0505,0.0368118
14.0516,0.0368354
14.0516,0.0368559
14.0527,0.0367489
14.0527,0.0366553
14.0539,0.0365734
14.0539,0.0365017
14.0551,0.036564
14.0551,0.0366185
14.0562,0.0366662
14.0562,0.0367079
14.0574,0.0367444
14.0574,0.0367764
14.0585,0.0368043
14.0585,0.0368288
14.0596,0.0368502
14.0596,0.0368689
14.0607,0.0367603
14.0607,0.0366653
14.062,0.0365821
14.062,0.0365093
14.0631,0.0365707
14.0631,0.0366243
14.0642,0.0366713
14.0642,0.0367124
14.0654,0.0367483
14.0654,0.0367798
14.0665,0.0368073
14.0665,0.0368314
14.0676,0.0368525
14.0676,0.0368709
14.0689,0.0367621
14.0689,0.0366668
14.07,0.0365834
14.07,0.0365105
14.0711,0.0365717
14.0711,0.0366252
14.0722,0.0366721
14.0722,0.0367131
14.0734,0.0367489
14.0734,0.0367803
14.0745,0.0368078
14.0745,0.0368318
14.0756,0.0368528
14.0756,0.0368712
14.0769,0.0367623
14.0769,0.036667
14.078,0.0365837
14.078,0.0365107
14.0791,0.0365719
14.0791,0.0366254
14.0802,0.0366722
14.0802,0.0367132
14.0814,0.036749
14.0814,0.0367804
14.0825,0.0368079
14.0825,0.0368319
14.0837,0.0369779
14.0837,0.0368556
14.085,0.0368737
14.085,0.0367645
14.086,0.0367939
14.086,0.0366947
14.0871,0.0368578
14.0871,0.0368756
14.0882,0.0370162
14.0882,0.0370141
14.0894,0.0371374
14.0894,0.0371202
14.0905,0.0372302
14.0905,0.0372014
14.0917,0.0373012
14.0917,0.0371386
14.0929,0.0371213
14.0929,0.0369811
14.094,0.0369835
14.094,0.0368605
14.0951,0.037003
14.0951,0.0370026
14.0962,0.0371273
14.0962,0.0371114
14.0974,0.0372224
14.0974,0.0371946
14.0986,0.0372953
14.0986,0.0372584
14.0997,0.0373511
14.0997,0.0371822
14.1009,0.0371594
14.1009,0.0370145
14.102,0.0370127
14.102,0.0368861
14.1031,0.0370253
14.1031,0.0370222
14.1042,0.0371444
14.1042,0.0371263
14.1054,0.0372356
14.1054,0.0372061
14.1066,0.0373053
14.1066,0.0372672
14.1077,0.0373588
14.1077,0.0371889
14.1089,0.0371653
14.1089,0.0370196
14.11,0.0370172
14.11,0.03689
14.1111,0.0370288
14.1111,0.0370252
14.1122,0.037147
14.1493,0.0370037
14.1504,0.0370032
14.1504,0.0370028
14.1515,0.0371274
14.1515,0.0371115
14.1526,0.0372226
14.1526,0.0371948
14.1537,0.0372954
14.1537,0.0358835
14.155,0.034648
14.155,0.033442
14.1561,0.0326368
14.1561,0.0318072
14.1572,0.0310813
14.1572,0.0304461
14.1584,0.0300154
14.1584,0.0295134
14.1595,0.0291993
14.1595,0.0287994
14.1606,0.0284494
14.1606,0.0281433
14.1617,0.0278753
14.1617,0.0275159
14.163,0.0273264
14.163,0.0270356
14.1641,0.0270312
14.1641,0.0269023
14.1652,0.0269145
14.1652,0.0268002
14.1664,0.0268252
14.1664,0.026722
14.1675,0.0266318
14.1675,0.0265528
14.1686,0.0264837
14.1686,0.0262982
14.1697,0.026261
14.1697,0.0262283
14.171,0.0261998
14.171,0.0260498
14.1721,0.0261686
14.1721,0.0261475
14.1732,0.0262541
14.1732,0.0262223
14.1744,0.0261945
14.1744,0.0261702
14.1756,0.0261489
14.1756,0.0261303
14.1766,0.026114
14.1766,0.0260998
14.1779,0.0260873
14.1779,0.0260764
14.179,0.0260668
14.179,0.0260585
14.1801,0.0261762
14.1801,0.0262791
14.1812,0.0263693
14.1812,0.0264481
14.1824,0.0263921
14.1824,0.0263431
14.1835,0.0263002
14.1835,0.0262627
14.1846,0.0262298
14.1846,0.0262011
14.1859,0.026176
14.1859,0.026154
14.187,0.0261347
14.187,0.0261179
14.1881,0.0262281
14.1881,0.0263246
14.1892,0.026409
14.1892,0.0264829
14.1904,0.0264226
14.1904,0.0263697
14.1921,0.0264485
14.1921,0.0265175
14.1927,0.0264528
14.1927,0.0263962
14.1939,0.0263466
14.1939,0.0263033
14.195,0.0262654
14.195,0.0262322
14.1961,0.0263282
14.1961,0.0264122
14.1972,0.0264857
14.1972,0.0265499
14.1984,0.0264812
14.1984,0.0264211
14.1995,0.0263684
14.1995,0.0263224
14.2007,0.0262821
14.2007,0.0262468
14.2019,0.026216
14.2019,0.026189
14.203,0.0261653
14.203,0.0261447
14.2041,0.0262516
14.2041,0.0263451
14.2052,0.026427
14.2052,0.0264986
14.2064,0.0264363
14.2064,0.0263818
14.2076,0.026334
14.2076,0.0262923
14.2087,0.0262557
14.2087,0.0262238
14.2099,0.0261958
14.2099,0.0261713
14.211,0.0261499
14.211,0.0261312
14.2121,0.0262398
14.2121,0.0263348
14.2132,0.026418
14.2132,0.0264907
14.2144,0.0264294
14.2144,0.0263757
14.2156,0.0263287
14.2156,0.0262876
14.2167,0.0262517
14.2167,0.0262202
14.2179,0.0260677
14.2179,0.0259342
14.219,0.0259425
14.219,0.0259496
14.2201,0.0260809
14.2201,0.0261958
14.2212,0.0262963
14.2212,0.0263843
14.2225,0.0263363
14.2225,0.0262942
14.2236,0.0262575
14.2236,0.0262253
14.2247,0.0261971
14.2247,0.0261725
14.2259,0.0261509
14.2259,0.026132
14.227,0.0261155
14.227,0.0261011
14.2281,0.0262135
14.2281,0.0263118
14.2292,0.0263978
14.2292,0.0264731
14.2305,0.0264139
14.2305,0.0263622
14.2316,0.0263169
14.2316,0.0262773
14.2327,0.0262426
14.2327,0.0262123
14.2339,0.0261858
14.2339,0.0261626
14.235,0.0261422
14.235,0.0261245
14.2361,0.0262339
14.2361,0.0263297
14.2374,0.0264135
14.2374,0.0264868
14.2385,0.0264259
14.2385,0.0263727
14.2396,0.0263261
14.2396,0.0262853
14.2407,0.0262497
14.2407,0.0262185
14.2419,0.0261911
14.2419,0.0261673
14.243,0.0261463
14.243,0.0261281
14.2442,0.026237
14.2442,0.0263324
14.2454,0.0264159
14.2454,0.0264889
14.2465,0.0264278
14.2465,0.0263743
14.2476,0.0263275
14.2476,0.0262866
14.2487,0.0262507
14.2487,0.0262194
14.2499,0.026192
14.2499,0.026168
14.251,0.026147
14.251,0.0261286
14.2522,0.0262375
14.2522,0.0263328
14.2534,0.0264162
14.2534,0.0264892
14.2545,0.0264281
14.2545,0.0263745
14.2556,0.0264527
14.2556,0.0263961
14.2567,0.0264716
14.2567,0.0264127
14.2579,0.0264861
14.2579,0.0264253
14.2591,0.0266222
14.2591,0.0266694
14.2602,0.0268357
14.2602,0.0268562
14.2614,0.0269992
14.2614,0.0269993
14.2625,0.0271244
14.2625,0.0269838
14.2636,0.0269859
14.2636,0.0268626
14.2647,0.0268798
14.2647,0.0267698
14.2659,0.0267986
14.2659,0.0266988
14.2671,0.0268614
14.2671,0.0268787
14.2682,0.0270189
14.2682,0.0270165
14.2694,0.0271395
14.2694,0.027122
14.2705,0.0272318
14.2705,0.0270778
14.2716,0.0270681
14.2716,0.0269346
14.2727,0.0269428
14.2727,0.0268249
14.274,0.0268468
14.274,0.0267409
14.2751,0.0268983
14.2751,0.026911
14.2762,0.0270472
14.2762,0.0270413
14.2774,0.0271611
14.2774,0.027141
14.2785,0.0272483
14.2785,0.0270923
14.2796,0.0270808
14.2796,0.0269457
14.2807,0.0269525
14.2807,0.0268334
14.282,0.0268542
14.282,0.0267474
14.2831,0.026904
14.2831,0.026916
14.2842,0.0270515
14.2842,0.0270451
14.2854,0.0271644
14.2854,0.0270189
14.2865,0.0270165
14.2865,0.0268895
14.2876,0.0269033
14.2876,0.0267904
14.2889,0.0268166
14.2889,0.0267145
14.29,0.0267502
14.29,0.0266564
14.2911,0.0268244
14.2911,0.0268463
14.2922,0.0269905
14.2922,0.0269917
14.2934,0.0271177
14.2934,0.026978
14.2945,0.0269808
14.2945,0.0268582
14.2956,0.0268759
14.2956,0.0267664
14.2969,0.0267956
14.2969,0.0266962
14.298,0.0267341
14.298,0.0266424
14.2991,0.0268121
14.2991,0.0268356
14.3002,0.0269811
14.3002,0.0269835
14.3014,0.0271105
14.3014,0.0269717
14.3025,0.0269753
14.3025,0.0268534
14.3037,0.0268717
14.3037,0.0267627
14.305,0.0267924
14.305,0.0266933
14.306,0.0267317
14.306,0.0266402
14.3071,0.0268102
14.3071,0.0268339
14.3082,0.0269797
14.3082,0.0269822
14.3094,0.0271094
14.3094,0.0269708
14.3106,0.0269744
14.3106,0.0268526
14.3117,0.026871
14.3117,0.0267622
14.3129,0.0267919
14.3129,0.0266929
14.314,0.0267313
14.314,0.0266399
14.3151,0.0268099
14.3151,0.0268337
14.3162,0.0269794
14.3162,0.026982
14.3174,0.0271093
14.3174,0.0269706
14.3186,0.0269743
14.3186,0.0268525
14.3197,0.0268709
14.3197,0.0267621
14.3209,0.0267918
14.3209,0.0266928
14.322,0.0267312
14.322,0.0266398
14.3231,0.0268098
14.3231,0.0268336
14.3242,0.0269794
14.3242,0.026982
14.3256,0.0271092
14.3256,0.0269706
14.3266,0.0269743
14.3266,0.0268525
14.3277,0.0268709
14.3277,0.026762
14.3289,0.0267918
14.3289,0.0266928
14.33,0.0267312
14.33,0.0266398
14.3311,0.0268098
14.3311,0.0268336
14.3322,0.0269794
14.3322,0.026982
14.3335,0.0271092
14.3335,0.0269706
14.3346,0.0269743
14.3346,0.0268525
14.3357,0.0268709
14.3357,0.026762
14.3369,0.0267918
14.3369,0.0266928
14.338,0.0267312
14.338,0.0267648
14.3391,0.0269192
14.3391,0.0270543
14.3404,0.0271725
14.3404,0.027276
14.3415,0.0273665
14.3415,0.0274457
14.3426,0.0273899
14.3426,0.0273412
14.3437,0.0272986
14.3437,0.0272612
14.345,0.0272286
14.345,0.0272
14.346,0.027175
14.346,0.0271531
14.3471,0.027259
14.3471,0.0273516
14.3484,0.0274327
14.3484,0.0275036
14.3495,0.0275656
14.3495,0.0276199
14.3506,0.0275424
14.3506,0.0274746
14.3517,0.0274153
14.3517,0.0273634
14.3529,0.027318
14.3529,0.0272782
14.354,0.0272434
14.354,0.027213
14.3552,0.0273114
14.3552,0.0273975
14.3564,0.0274728
14.3564,0.0275387
14.3575,0.0275963
14.3575,0.0276468
14.3586,0.0275659
14.3586,0.0274952
14.3597,0.0274333
14.3597,0.0273791
14.3609,0.0273317
14.3609,0.0272903
14.362,0.027254
14.362,0.0272222
14.3632,0.0273195
14.3632,0.0274045
14.3644,0.027479
14.3644,0.0275441
14.3656,0.0276011
14.3656,0.0276509
14.3666,0.0275696
14.3666,0.0274984
14.3677,0.0274361
14.3677,0.0273816
14.3689,0.0273339
14.3689,0.0272921
14.3701,0.0273806
14.3701,0.027458
14.3712,0.0275258
14.3712,0.0275851
14.3724,0.0276369
14.3724,0.0276823
14.3735,0.027722
14.3735,0.0277568
14.3746,0.0276622
14.3746,0.0275794
14.3757,0.027507
14.3757,0.0274436
14.3769,0.0273882
14.3769,0.0273396
14.3781,0.0274222
14.3781,0.0274944
14.3792,0.0275576
14.3792,0.0276129
14.3804,0.0276613
14.3804,0.0277036
14.3815,0.0277407
14.3815,0.0277731
14.3826,0.0276765
14.3826,0.0275919
14.3837,0.0275179
14.3837,0.0274532
14.385,0.0273965
14.385,0.027347
14.3861,0.0274286
14.3861,0.0275
14.3872,0.0275625
14.3872,0.0276172
14.3884,0.027665
14.3884,0.0277069
14.3895,0.0277435
14.3895,0.0277756
14.3906,0.0276787
14.3906,0.0275938
14.3919,0.0275196
14.3919,0.0274546
14.393,0.0273978
14.393,0.0273481
14.3941,0.0274296
14.3941,0.0275009
14.3952,0.0275633
14.3952,0.0276179
14.3964,0.0276656
14.3964,0.0277074
14.3975,0.027619
14.3975,0.0275416
14.3986,0.0274739
14.3986,0.0274147
14.3999,0.0273628
14.3999,0.0273175
14.401,0.0272778
14.401,0.0272431
14.4021,0.0273377
14.4021,0.0274205
14.4032,0.0274929
14.4032,0.0275563
14.4044,0.0276118
14.4044,0.0276603
14.4056,0.0275778
14.4056,0.0275055
14.4067,0.0274423
14.4067,0.0273871
14.4079,0.0273387
14.4079,0.0272963
14.409,0.0272593
14.409,0.0272269
14.4101,0.0273235
14.4101,0.0274081
14.4112,0.0274821
14.4112,0.0275468
14.4124,0.0276035
14.4124,0.027653
14.4135,0.0275714
14.4135,0.0275
14.4147,0.0274375
14.4147,0.0273828
14.4159,0.0273349
14.4159,0.0272931
14.417,0.0272564
14.417,0.0272244
14.4181,0.0273213
14.4181,0.0274062
14.4192,0.0274804
14.4192,0.0275453
14.4204,0.0276022
14.4204,0.0276519
14.4216,0.0275704
14.4216,0.0274991
14.4227,0.0274367
14.4227,0.0273821
14.4239,0.0273344
14.4239,0.0272926
14.425,0.027256
14.425,0.027224
14.4261,0.027446
14.4261,0.0275152
14.4272,0.0277008
14.4272,0.0277382
14.4284,0.027896
14.4284,0.027909
14.4296,0.0280453
14.4296,0.0279147
14.4307,0.0279253
14.4307,0.0278097
14.4319,0.0278335
14.4319,0.0277293
14.433,0.0277631
14.433,0.0276677
14.4341,0.0278343
14.4341,0.027855
14.4352,0.0279981
14.4352,0.0279983
14.4365,0.0281235
14.4365,0.0281081
14.4376,0.0282196
14.4376,0.0280671
14.4387,0.0280587
14.4387,0.0279264
14.4399,0.0279356
14.4399,0.0278187
14.441,0.0278413
14.441,0.0277362
14.4421,0.0278941
14.4421,0.0279074
14.4432,0.0280439
14.4432,0.0280385
14.4445,0.0281586
14.4445,0.0281388
14.4456,0.0282465
14.4456,0.0280907
14.4467,0.0280793
14.4467,0.0279444
14.4479,0.0279514
14.4479,0.0278324
14.449,0.0278534
14.449,0.0277467
14.4501,0.0279034
14.4501,0.0279154
14.4514,0.028051
14.4514,0.0280446
14.4525,0.0281641
14.4525,0.0281436
14.4536,0.0282506
14.4536,0.0280943
14.4547,0.0280825
14.4547,0.0279472
14.4559,0.0279538
14.4559,0.0278346
14.457,0.0278552
14.457,0.0277483
14.4582,0.0279048
14.4582,0.0279167
14.4594,0.0280521
14.4594,0.0280456
14.4605,0.0281649
14.4605,0.0281443
14.4616,0.0282512
14.4616,0.0280948
14.4627,0.028083
14.4627,0.0279476
14.4639,0.0279542
14.4639,0.0278349
14.465,0.0278555
14.465,0.0277486
14.4662,0.027905
14.4662,0.0279169
14.4674,0.0280523
14.4674,0.0280457
14.4685,0.028165
14.4685,0.0281444
14.4696,0.0282513
14.4696,0.0280949
14.4707,0.0280831
14.4707,0.0279477
14.4719,0.0279542
14.4719,0.0278349
14.4731,0.0279806
14.4731,0.027983
14.4742,0.0281101
14.4742,0.0280964
14.4754,0.0282093
14.4754,0.0281831
14.4765,0.0282853
14.4765,0.0282496
14.4776,0.0283434
14.4776,0.0281755
14.4787,0.0281535
14.4787,0.0280093
14.4799,0.0280082
14.4799,0.0278822
14.4811,0.0280219
14.4811,0.0280191
14.4822,0.0281418
14.4822,0.028124
14.4834,0.0282335
14.4834,0.0282043
14.4845,0.0283038
14.4845,0.0282658
14.4856,0.0283576
14.4856,0.0281879
14.4867,0.0281644
14.4867,0.0280189
14.488,0.0280165
14.488,0.0278894
14.4891,0.0280283
14.4891,0.0280247
14.4902,0.0281466
14.4902,0.0281283
14.4914,0.0282373
14.4914,0.0282076
14.4925,0.0283067
14.4925,0.0282683
14.4936,0.0283598
14.4936,0.0281898
14.4947,0.0281661
14.4947,0.0280203
14.496,0.0280178
14.496,0.0278906
14.4971,0.0280292
14.4971,0.0280256
14.4982,0.0281474
14.4982,0.028129
14.4994,0.0282378
14.4994,0.0282081
14.5005,0.0283071
14.5005,0.0281437
14.5016,0.0281257
14.5016,0.027985
14.5029,0.0279869
14.5029,0.0278635
14.504,0.0278806
14.504,0.0277705
14.5051,0.0279242
14.5051,0.0279337
14.5062,0.028067
14.5062,0.0280586
14.5074,0.0281763
14.5074,0.0281542
14.5085,0.02826
14.5085,0.0281025
14.5096,0.0280897
14.5096,0.0279534
14.5109,0.0279593
14.5109,0.0278394
14.512,0.0278594
14.512,0.027752
14.5131,0.027908
14.5131,0.0279195
14.5142,0.0280546
14.5142,0.0280477
14.5154,0.0281668
14.5154,0.0282709
14.5165,0.0283621
14.5165,0.0284418
14.5177,0.0283866
14.5177,0.0283383
14.5189,0.028296
14.5189,0.028259
14.52,0.0282266
14.52,0.0281983
14.5211,0.0282985
14.5211,0.0283862
14.5222,0.0284629
14.5222,0.02853
14.5234,0.0285888
14.5234,0.0286402
14.5245,0.0286852
14.5245,0.0287245
14.5257,0.028634
14.5257,0.0285547
14.5269,0.0284854
14.5269,0.0284247
14.528,0.0283716
14.528,0.0283252
14.5291,0.0284095
14.5291,0.0284833
14.5302,0.0285479
14.5302,0.0286044
14.5314,0.0286539
14.5314,0.0286971
14.5326,0.028735
14.5326,0.0287681
14.5337,0.0286721
14.5337,0.0285881
14.535,0.0285146
14.535,0.0284503
14.536,0.028394
14.536,0.0283447
14.5371,0.0284266
14.5371,0.0284983
14.5382,0.028561
14.5382,0.0286159
14.5395,0.0286639
14.5395,0.0287059
14.5406,0.0287427
14.5406,0.0287748
14.5417,0.028678
14.5417,0.0285932
14.5429,0.0285191
14.5429,0.0284542
14.544,0.0283974
14.544,0.0283477
14.5451,0.0284293
14.5451,0.0285006
14.5462,0.028563
14.5462,0.0286177
14.5475,0.0286654
14.5475,0.0287073
14.5486,0.0287439
14.5486,0.0287759
14.5497,0.0286789
14.5497,0.028594
14.5509,0.0285198
14.5509,0.0284548
14.552,0.028398
14.552,0.0283482
14.5531,0.0284297
14.5531,0.028501
14.5544,0.0285633
14.5544,0.0286179
14.5556,0.0286657
14.5556,0.0287075
14.5566,0.028744
14.5566,0.028776
14.5577,0.028679
14.5577,0.0285942
14.5589,0.0285199
14.5589,0.0284549
14.56,0.028398
14.56,0.0283483
14.5611,0.0284297
14.5611,0.028501
14.5624,0.0285634
14.5624,0.028618
14.5635,0.0286657
14.5635,0.0287075
14.5652,0.0288691
14.5652,0.0290104
14.5657,0.0288841
14.5657,0.0287736
14.5669,0.0286769
14.5669,0.0285923
14.568,0.0285183
14.568,0.0284535
14.5692,0.0285218
14.5692,0.0285816
14.5704,0.0286339
14.5704,0.0286796
14.5715,0.0287197
14.5715,0.0287547
14.5726,0.0287854
14.5726,0.0288122
14.5737,0.0287107
14.5737,0.0286218
14.575,0.0285441
14.575,0.0284761
14.576,0.0284166
14.576,0.0283645
14.5772,0.0284439
14.5772,0.0285135
14.5784,0.0285743
14.5784,0.0286275
14.5795,0.0286741
14.5795,0.0287148
14.5806,0.0287504
14.5806,0.0287816
14.5817,0.0286839
14.5817,0.0285984
14.5829,0.0285236
14.5829,0.0284582
14.5841,0.0285259
14.5841,0.0285852
14.5852,0.028637
14.5852,0.0286824
14.5864,0.0287221
14.5864,0.0287568
14.5875,0.0287872
14.5875,0.0288138
14.5886,0.0288371
14.5886,0.0288575
14.5897,0.0287503
14.5897,0.0286565
14.5909,0.0285744
14.5909,0.0285026
14.5921,0.0285648
14.5921,0.0286192
14.5932,0.0285418
14.5932,0.0284741
14.5944,0.0285398
14.5944,0.0285973
14.5956,0.0286477
14.5956,0.0286917
14.5966,0.0287302
14.5966,0.028764
14.5977,0.0286685
14.5977,0.0285849
14.599,0.0285118
14.599,0.0284478
14.6001,0.0285168
14.6001,0.0285772
14.6012,0.0286301
14.6012,0.0286763
14.6024,0.0287168
14.6024,0.0287522
14.6035,0.0287832
14.6035,0.0288103
14.6046,0.028834
14.6046,0.0288547
14.6059,0.0287479
14.6059,0.0286544
14.607,0.0285726
14.607,0.028501
14.6081,0.0285634
14.6081,0.028618
14.6092,0.0286657
14.6092,0.0287075
14.6104,0.0288691
14.6104,0.0288854
14.6115,0.0290248
14.6115,0.0290217
14.6126,0.029144
14.6126,0.029001
14.6139,0.0290008
14.6139,0.0288757
14.615,0.0288913
14.615,0.0287799
14.6161,0.0289324
14.6161,0.0289408
14.6172,0.0290732
14.6172,0.0290641
14.6184,0.0291811
14.6184,0.0291584
14.6195,0.0292636
14.6195,0.0292307
14.6207,0.0293268
14.6207,0.029161
14.6219,0.0291409
14.6219,0.0289983
14.623,0.0289985
14.623,0.0288737
14.6241,0.0290145
14.6241,0.0290126
14.6252,0.0291361
14.6252,0.0291191
14.6264,0.0292292
14.6264,0.0292005
14.6275,0.0293005
14.6275,0.0292629
14.6287,0.029355
14.6287,0.0291857
14.6299,0.0291625
14.6299,0.0290171
14.631,0.029015
14.631,0.0288881
14.6321,0.0290271
14.6321,0.0290237
14.6332,0.0291458
14.6332,0.0291275
14.6344,0.0292366
14.6344,0.029207
14.6356,0.0293061
14.6356,0.0292679
14.6367,0.0293594
14.6367,0.0291895
14.6379,0.0291658
14.6379,0.0290201
14.639,0.0290175
14.639,0.0288904
14.6401,0.0290291
14.6401,0.0290254
14.6412,0.0291472
14.6412,0.0291288
14.6424,0.0292377
14.6424,0.029208
14.6436,0.029307
14.6436,0.0292686
14.6447,0.0293601
14.6447,0.0291901
14.6459,0.0291663
14.6459,0.0290205
14.647,0.0290179
14.647,0.0288907
14.6481,0.0290294
14.6481,0.0290257
14.6492,0.0291475
14.6492,0.029129
14.6505,0.0292379
14.6505,0.0292082
14.6516,0.0293072
14.6516,0.0292688
14.6527,0.0293602
14.6527,0.0291901
14.6539,0.0291664
14.6539,0.0290206
14.655,0.029018
14.655,0.0288908
14.6561,0.0290294
14.6561,0.0290257
14.6572,0.0291475
14.6572,0.0291291
14.6585,0.0292379
14.6585,0.0292082
14.6596,0.0293072
14.6596,0.0292688
14.6607,0.0293602
14.6607,0.0291902
14.6619,0.0291664
14.6619,0.0290206
14.663,0.029018
14.663,0.0288908
14.6641,0.0290294
14.6641,0.0290257
14.6654,0.0291475
14.6654,0.0291291
14.6665,0.0292379
14.6665,0.0292082
14.6676,0.0293072
14.6676,0.0292688
14.6687,0.0293602
14.6687,0.0291902
14.6699,0.0291664
14.6699,0.0290206
14.671,0.029018
14.671,0.0288908
14.6721,0.0290294
14.6721,0.0290257
14.6734,0.0291475
14.6734,0.0291291
14.6745,0.0292379
14.6745,0.0292082
14.6756,0.0293072
14.6756,0.0292688
14.6767,0.0293602
14.6767,0.0291902
14.6779,0.0291664
14.6779,0.0290206
14.679,0.029018
14.679,0.0288908
14.6802,0.0290294
14.6802,0.0290257
14.6814,0.0291475
14.6814,0.0291291
14.6825,0.0292379
14.6825,0.0292082
14.6836,0.0293072
14.6836,0.0292688
14.6847,0.0293602
14.6847,0.0291902
14.6859,0.0291664
14.6859,0.0290206
14.6871,0.029143
14.6871,0.0291251
14.6882,0.0292345
14.6882,0.0292052
14.6894,0.0293045
14.6894,0.0292665
14.6905,0.0293582
14.6905,0.0293134
14.6916,0.0293992
14.6916,0.0293493
14.6927,0.0294306
14.6927,0.0292518
14.6939,0.0292203
14.6939,0.0290678
14.6951,0.0291843
14.6951,0.0291613
14.6962,0.0292661
14.6962,0.0292329
14.6974,0.0293287
14.6974,0.0292877
14.6985,0.0293767
14.6985,0.0293296
14.6996,0.0294134
14.6996,0.0293617
14.7007,0.0294415
14.7007,0.0292613
14.702,0.0292287
14.702,0.0290751
14.7031,0.0291907
14.7031,0.0291669
14.7042,0.029271
14.7042,0.0292371
14.7054,0.0293325
14.7054,0.0292909
14.7065,0.0293796
14.7065,0.0293321
14.7076,0.0294156
14.7076,0.0293636
14.7087,0.0294432
14.7087,0.0295128
14.71,0.0294487
14.71,0.0293926
14.7111,0.0294685
14.7111,0.029535
14.7122,0.0295931
14.7122,0.029644
14.7134,0.0296885
14.7134,0.0297274
14.7145,0.0297615
14.7145,0.0297913
14.7156,0.0298174
14.7156,0.0298402
14.7169,0.0297352
14.7169,0.0296433
14.718,0.0295629
14.718,0.0294925
14.7191,0.0295559
14.7191,0.0296115
14.7202,0.02966
14.7202,0.0297025
14.7214,0.0297397
14.7214,0.0297722
14.7225,0.0298007
14.7225,0.0298256
14.7236,0.0298474
14.7236,0.0298665
14.725,0.0297582
14.725,0.0296634
14.726,0.0295805
14.726,0.0295079
14.7271,0.0295694
14.7271,0.0296233
14.7282,0.0296703
14.7282,0.0297115
14.7294,0.0297476
14.7294,0.0297792
14.7305,0.0298068
14.7305,0.0298309
14.7317,0.0298521
14.7317,0.0298705
14.7329,0.0297617
14.7329,0.0296665
14.734,0.0295832
14.734,0.0295103
14.7351,0.0295715
14.7351,0.0296251
14.7362,0.0296719
14.7362,0.0297129
14.7374,0.0297488
14.7374,0.0297802
14.7385,0.0298077
14.7385,0.0298317
14.7397,0.0298528
14.7397,0.0298712
14.7409,0.0297623
14.7409,0.029667
14.742,0.0295836
14.742,0.0295107
14.7431,0.0295718
14.7431,0.0296254
14.7442,0.0296722
14.7442,0.0297132
14.7454,0.029749
14.7454,0.0297804
14.7466,0.0298078
14.7466,0.0298319
14.7477,0.0298529
14.7477,0.0298713
14.7489,0.0297624
14.7489,0.0296671
14.75,0.0295837
14.75,0.0295107
14.7511,0.0295719
14.7511,0.0296254
14.7522,0.0296722
14.7522,0.0297132
14.7535,0.029749
14.7535,0.0297804
14.7546,0.0298079
14.7546,0.0298319
14.7557,0.0298529
14.7557,0.0298713
14.7569,0.0297624
14.7569,0.0296671
14.758,0.0295837
14.758,0.0295107
14.7591,0.0295719
14.7591,0.0296254
14.7602,0.0296722
14.7602,0.0297132
14.7615,0.029749
14.7615,0.0297804
14.7626,0.0298079
14.7626,0.0298319
14.7637,0.0298529
14.7637,0.0298713
14.765,0.0297624
14.765,0.0296671
14.766,0.0295837
14.766,0.0295107
14.7671,0.0295719
14.7671,0.0296254
14.7684,0.0296722
14.7684,0.0297132
14.7695,0.029749
14.7695,0.0297804
14.7706,0.0298079
14.7706,0.0298319
14.7717,0.0298529
14.7717,0.0298713
14.7729,0.0297624
14.7729,0.0296671
14.774,0.0295837
14.774,0.0295107
14.7751,0.0295719
14.7751,0.0296254
14.7764,0.0296722
14.7764,0.0297132
14.7775,0.029749
14.7775,0.0297804
14.7786,0.0298079
14.7786,0.0298319
14.7797,0.0298529
14.7797,0.0298713
14.7809,0.0297624
14.7809,0.0296671
14.782,0.0295837
14.782,0.0295107
14.7832,0.0295719
14.7832,0.0296254
14.7844,0.0296722
14.7844,0.0297132
14.7856,0.029749
14.7856,0.0297804
14.7866,0.0298079
14.7866,0.0298319
14.7877,0.0298529
14.7877,0.0298713
14.7889,0.0297624
14.7889,0.0296671
14.79,0.0295837
14.79,0.0295107
14.7912,0.0295719
14.7912,0.0296254
14.7924,0.0296722
14.7924,0.0297132
14.7935,0.029749
14.7935,0.0297804
14.7946,0.0298079
14.7946,0.0298319
14.7957,0.0298529
14.7957,0.0298713
14.7969,0.0297624
14.7969,0.0296671
14.7981,0.0297087
14.7981,0.0297451
14.7992,0.029777
14.7992,0.0298048
14.8004,0.0298292
14.8004,0.0298506
14.8015,0.0298693
14.8015,0.0298856
14.8026,0.0298999
14.8026,0.0299124
14.8037,0.0299234
14.8037,0.0299329
14.805,0.0298163
14.805,0.0297143
14.8061,0.02975
14.8061,0.0297812
14.8072,0.0298086
14.8072,0.0298325
14.8084,0.0298535
14.8084,0.0298718
14.8095,0.0298878
14.8095,0.0299018
14.8106,0.0299141
14.8106,0.0299248
14.8117,0.0299342
14.8117,0.0299424
14.813,0.0300746
14.813,0.0299403
14.8141,0.0300728
14.8141,0.0300637
14.8152,0.0301807
14.8152,0.0301581
14.8164,0.0302634
14.8164,0.0302304
14.8175,0.0303266
14.8175,0.0302858
14.8186,0.0303751
14.8186,0.0303282
14.8197,0.0304122
14.8197,0.0303606
14.821,0.0304406
14.821,0.0302605
14.8221,0.0303529
14.8221,0.0303088
14.8232,0.0303952
14.8232,0.0303458
14.8244,0.0304276
14.8244,0.0303741
14.8256,0.0304524
14.8256,0.0303958
14.8266,0.0304713
14.8266,0.0304124
14.8279,0.0304859
14.8279,0.0303001
14.829,0.0302626
14.829,0.0301048
14.8301,0.0302167
14.8301,0.0301896
14.8312,0.0302909
14.8312,0.0302545
14.8324,0.0303477
14.8324,0.0303043
14.8335,0.0303912
14.8335,0.0303423
14.8347,0.0304245
14.8347,0.0303715
14.8359,0.03045
14.8359,0.0302688
14.837,0.0302352
14.837,0.0300808
14.8381,0.0301957
14.8381,0.0301712
14.8392,0.0302748
14.8392,0.0302405
14.8404,0.0303354
14.8404,0.0302935
14.8415,0.0303818
14.8415,0.0303341
14.8427,0.0304173
14.8427,0.0303651
14.8439,0.0304445
14.8439,0.0302639
14.845,0.0302309
14.845,0.0300771
14.8461,0.0301924
14.8461,0.0301684
14.8472,0.0302723
14.8472,0.0302383
14.8484,0.0303335
14.8484,0.0302918
14.8496,0.0303803
14.8496,0.0303328
14.8507,0.0304162
14.8507,0.0303642
14.8519,0.0304437
14.8519,0.0302632
14.853,0.0302303
14.853,0.0300765
14.8541,0.0301919
14.8541,0.0301679
14.8552,0.030272
14.8552,0.030238
14.8564,0.0303332
14.8564,0.0302916
14.8576,0.0303801
14.8576,0.0303326
14.8587,0.030416
14.8587,0.030364
14.8599,0.0304435
14.8599,0.0302631
14.861,0.0302302
14.861,0.0300764
14.8621,0.0301919
14.8621,0.0301679
14.8632,0.0302719
14.8632,0.0302379
14.8645,0.0303332
14.8645,0.0302915
14.8656,0.0303801
14.8656,0.0303326
14.8667,0.030416
14.8667,0.030364
14.8679,0.0304435
14.8679,0.0302631
14.869,0.0302302
14.869,0.0300764
14.8701,0.0301919
14.8701,0.0301679
14.8712,0.0302719
14.8712,0.0302379
14.8725,0.0303332
14.8725,0.0302915
14.8736,0.0303801
14.8736,0.0303326
14.8747,0.030416
14.8747,0.030364
14.8759,0.0304435
14.8759,0.0302631
14.877,0.0302302
14.877,0.0300764
14.8781,0.0301919
14.8781,0.0301679
14.8794,0.0302719
14.8794,0.0302379
14.8805,0.0303332
14.8805,0.0302915
14.8816,0.0303801
14.8816,0.0303326
14.8827,0.030416
14.8827,0.030364
14.8839,0.0304435
14.8839,0.0302631
14.885,0.0302302
14.885,0.0300764
14.8861,0.0301919
14.8861,0.0301679
14.8874,0.0302719
14.8874,0.0302379
14.8885,0.0303332
14.8885,0.0302915
14.8896,0.0303801
14.8896,0.0303326
14.8907,0.030416
14.8907,0.030364
14.8919,0.0304435
14.8919,0.0302631
14.893,0.0302302
14.893,0.0300764
14.8942,0.0301919
14.8942,0.0301679
14.8954,0.0302719
14.8954,0.0302379
14.8965,0.0303332
14.8965,0.0302915
14.8976,0.0303801
14.8976,0.0303326
14.8987,0.030416
14.8987,0.030364
14.8999,0.0304435
14.8999,0.0302631
14.9011,0.0303552
14.9011,0.0303108
14.9022,0.0303969
14.9022,0.0303473
14.9034,0.0304289
14.9034,0.0303753
14.9045,0.0304534
14.9045,0.0303967
14.9056,0.0304721
14.9056,0.0304131
14.9067,0.0304865
14.9067,0.0304257
14.9079,0.0304974
14.9079,0.0303103
14.9091,0.0303965
14.9091,0.0303469
14.9102,0.0304286
14.9102,0.030375
14.9114,0.0304531
14.9114,0.0303965
14.9125,0.0304719
14.9125,0.0304129
14.9136,0.0304863
14.9136,0.0304255
14.9147,0.0304973
14.9147,0.0304352
14.916,0.0305058
14.916,0.0303175
14.9171,0.0304029
14.9171,0.0303525
14.9182,0.0304334
14.9182,0.0303793
14.9194,0.0304568
14.9194,0.0303997
14.9205,0.0304748
14.9205,0.0304154
14.9216,0.0304885
14.9216,0.0305524
14.9227,0.0306084
14.9227,0.0306573
14.924,0.0307002
14.924,0.0307376
14.9251,0.0307704
14.9251,0.0307991
14.9262,0.0308242
14.9262,0.0308462
14.9274,0.0308654
14.9274,0.0308823
14.9285,0.030897
14.9285,0.0309098
14.9296,0.0309211
14.9296,0.030931
14.9309,0.0309396
14.9309,0.0309472
14.932,0.0308288
14.932,0.0307252
14.9331,0.0307595
14.9331,0.0307896
14.9342,0.0308159
14.9342,0.0308389
14.9354,0.030859
14.9354,0.0308767
14.9365,0.0308921
14.9365,0.0309056
14.9376,0.0309174
14.9376,0.0309277
14.9389,0.0309367
14.9389,0.0309446
14.94,0.0308266
14.94,0.0307232
14.9411,0.0307578
14.9411,0.0307881
14.9422,0.0308146
14.9422,0.0308378
14.9434,0.030858
14.9434,0.0308758
14.9445,0.0308913
14.9445,0.0309049
14.9457,0.0309168
14.9457,0.0309272
14.9469,0.0309363
14.9469,0.0309443
14.948,0.0308262
14.948,0.0307229
14.9491,0.0307576
14.9491,0.0307879
14.9502,0.0308144
14.9502,0.0308376
14.9514,0.0308579
14.9514,0.0308757
14.9525,0.0308912
14.9525,0.0309048
14.9537,0.0309167
14.9537,0.0309271
14.955,0.0309362
14.955,0.0309442
14.956,0.0308262
14.956,0.0307229
14.9571,0.0307575
14.9571,0.0307878
14.9582,0.0308144
14.9582,0.0308376
14.9594,0.0308579
14.9594,0.0308756
14.9606,0.0308912
14.9606,0.0309048
14.9617,0.0309167
14.9617,0.0309271
14.9629,0.0309362
14.9629,0.0309442
14.964,0.0308262
14.964,0.0307229
14.9651,0.0307575
14.9651,0.0307878
14.9662,0.0308144
14.9662,0.0308376
14.9674,0.0308579
14.9674,0.0308756
14.9686,0.0308912
14.9686,0.0309048
14.9697,0.0309167
14.9697,0.0309271
14.9709,0.0309362
14.9709,0.0309442
14.972,0.0308262
14.972,0.0307229
14.9731,0.0307575
14.9731,0.0307878
14.9742,0.0308144
14.9742,0.0308376
14.9756,0.0308579
14.9756,0.0308756
14.9766,0.0308912
14.9766,0.0309048
14.9777,0.0309167
14.9777,0.0309271
14.9789,0.0309362
14.9789,0.0309442
14.98,0.0308262
14.98,0.0307229
14.9811,0.0307575
14.9811,0.0307878
14.9824,0.0308144
14.9824,0.0308376
14.9841,0.0309829
14.9841,0.03111
14.9846,0.0310963
14.9846,0.0310842
14.9857,0.0310737
14.9857,0.0310645
14.9869,0.0310564
14.9869,0.0310494
14.988,0.0309182
14.988,0.0308034
14.9891,0.030828
14.9891,0.0308495
14.9904,0.0308683
14.9904,0.0308848
14.9915,0.0308992
14.9915,0.0309118
14.9926,0.0309228
14.9926,0.0309325
14.9937,0.0309409
14.9937,0.0309483
14.995,0.0309547
14.995,0.0309604
14.996,0.0308404
14.996,0.0307353
14.9972,0.0307684
14.9972,0.0307973
14.9984,0.0308227
14.9984,0.0308448
14.9995,0.0308642
14.9995,0.0308812
15.0012,0.0310211
15.0012,0.0311434
15.0017,0.0311255
15.0017,0.0311098
15.0029,0.0310961
15.0029,0.0310841
15.004,0.0309486
15.004,0.03083
15.0052,0.0308512
15.0052,0.0308698
15.0064,0.0308861
15.0064,0.0309003
15.0075,0.0309128
15.0075,0.0309237
15.0086,0.0309332
15.0086,0.0309416
15.0097,0.0309489
15.0097,0.0309553
15.0109,0.0309609
15.0109,0.0309658
15.0121,0.03097
15.0121,0.0309738
15.0132,0.0309771
15.0132,0.0309799
15.0144,0.0308574
15.0144,0.0307503
15.0156,0.0307815
15.0156,0.0308088
15.0166,0.0308327
15.0166,0.0308536
15.0177,0.0308719
15.0177,0.0308879
15.0189,0.0309019
15.0189,0.0309142
15.0201,0.0309249
15.0201,0.0309343
15.0212,0.0309425
15.0212,0.0309497
15.0224,0.030956
15.0224,0.0309615
15.0235,0.0309663
15.0235,0.0309705
15.0246,0.0309742
15.0246,0.0309774
15.0257,0.0309802
15.0257,0.0309827
15.027,0.0309849
15.027,0.0309868
15.0287,0.0309884
15.0287,0.0309899
15.0292,0.0309911
15.0292,0.0309922
15.0304,0.0309932
15.0304,0.0309941
15.0315,0.0308698
15.0315,0.0307611
15.0326,0.0307909
15.0326,0.0308171
15.0337,0.0308399
15.0337,0.0308599
15.035,0.0308775
15.035,0.0308928
15.0361,0.0309062
15.0361,0.0309179
15.0379,0.0309282
15.0379,0.0309371
15.0384,0.03107
15.0384,0.0310612
15.0395,0.0311786
15.0395,0.0311563
15.0406,0.0312617
15.0406,0.031229
15.0419,0.0313254
15.0419,0.0312847
15.043,0.0313741
15.043,0.0312024
15.0441,0.0313021
15.0441,0.0312643
15.0452,0.0313563
15.0452,0.0313117
15.0464,0.0313978
15.0464,0.031348
15.0475,0.0314295
15.0475,0.0313758
15.0487,0.0314539
15.0487,0.0313971
15.0499,0.0314725
15.0499,0.0314134
15.0516,0.0316117
15.0516,0.0315353
15.0521,0.0315934
15.0521,0.0315192
15.0532,0.0315793
15.0532,0.0315069
15.0544,0.0315685
15.0544,0.0314975
15.0556,0.0315603
15.0556,0.0314902
15.0567,0.031554
15.0567,0.0314847
15.0579,0.0315491
15.0579,0.0314805
15.059,0.0315454
15.059,0.0313522
15.0601,0.0314332
15.0601,0.0313791
15.0612,0.0314567
15.0612,0.0313996
15.0624,0.0314746
15.0624,0.0314153
15.0636,0.0314884
15.0636,0.0314273
15.0647,0.0314989
15.0647,0.0314366
15.0659,0.031507
15.0659,0.0314436
15.067,0.0315132
15.067,0.031324
15.0681,0.0314085
15.0681,0.0313575
15.0692,0.0314378
15.0692,0.031383
15.0704,0.0314602
15.0704,0.0314026
15.0716,0.0314773
15.0716,0.0314176
15.0727,0.0314904
15.0727,0.0314291
15.0739,0.0315005
15.0739,0.0314379
15.075,0.0315082
15.075,0.0313197
15.0761,0.0314047
15.0761,0.0313541
15.0772,0.0314349
15.0772,0.0313805
15.0785,0.0314579
15.0785,0.0314007
15.0796,0.0314756
15.0796,0.0314162
15.0807,0.0314891
15.0807,0.031428
15.0819,0.0314995
15.0819,0.0313121
15.083,0.031273
15.083,0.0311139
15.0841,0.0312247
15.0841,0.0311966
15.0852,0.031297
15.0852,0.0312599
15.0865,0.0313524
15.0865,0.0313084
15.0876,0.0313948
15.0876,0.0313455
15.0887,0.0314273
15.0887,0.0313739
15.0899,0.0314521
15.0899,0.0313956
15.091,0.0314712
15.091,0.0312873
15.0921,0.0313764
15.0921,0.0313293
15.0934,0.0314131
15.0934,0.0313615
15.0945,0.0314413
15.0945,0.0313862
15.0956,0.0314629
15.0956,0.031405
15.0967,0.0314794
15.0967,0.0314195
15.0979,0.031492
15.0979,0.0314305
15.099,0.0315017
15.099,0.031314
15.1001,0.0313997
15.1001,0.0313498
15.102,0.0314311
15.102,0.0313772
15.1025,0.031455
15.1025,0.0313981
15.1036,0.0314734
15.1036,0.0314142
15.1047,0.0314874
15.1047,0.0314265
15.1059,0.0314982
15.1059,0.0314359
15.107,0.0315064
15.107,0.0313181
15.1082,0.0314034
15.1082,0.0313529
15.1094,0.0314338
15.1094,0.0313796
15.1105,0.0314571
15.1105,0.0314
15.1116,0.031475
15.1116,0.0314156
15.1127,0.0314887
15.1127,0.0314276
15.1139,0.0314991
15.1139,0.0314367
15.115,0.0315072
15.115,0.0313188
15.1162,0.0314039
15.1162,0.0313534
15.1174,0.0314342
15.1174,0.03138
15.1185,0.0314575
15.1185,0.0314003
15.1196,0.0314752
15.1196,0.0314158
15.1207,0.0314889
15.1207,0.0314278
15.1219,0.0314993
15.1219,0.0314369
15.1231,0.0316323
15.1231,0.0315532
15.1242,0.0316091
15.1242,0.0315329
15.1254,0.0315913
15.1254,0.0315174
15.1265,0.0315777
15.1265,0.0315055
15.1276,0.0315673
15.1276,0.0314964
15.1287,0.0315594
15.1287,0.0314894
15.13,0.0315533
15.13,0.0314841
15.1311,0.0316736
15.1311,0.0315894
15.1322,0.0316407
15.1322,0.0315606
15.1334,0.0316155
15.1334,0.0315386
15.1345,0.0315963
15.1345,0.0315217
15.1356,0.0315815
15.1356,0.0315088
15.1367,0.0315702
15.1367,0.0314989
15.138,0.0315616
15.138,0.0314914
15.1391,0.03168
15.1391,0.031595
15.1402,0.0316456
15.1402,0.0315649
15.1414,0.0316193
15.1414,0.0315419
15.1425,0.0315991
15.1425,0.0315242
15.1436,0.0315837
15.1436,0.0315107
15.145,0.0315719
15.145,0.0315004
15.146,0.0315629
15.146,0.0314925
15.1471,0.0316809
15.1471,0.0315958
15.1482,0.0316463
15.1482,0.0315656
15.1494,0.0316199
15.1494,0.0315424
15.1505,0.0315996
15.1505,0.0315246
15.1516,0.0315841
15.1516,0.031511
15.1529,0.0315722
15.1529,0.0315006
15.154,0.0315631
15.154,0.0313677
15.1551,0.0314467
15.1551,0.0313909
15.1562,0.031467
15.1562,0.0314086
15.1574,0.0314826
15.1574,0.0314222
15.1585,0.0314945
15.1585,0.0314327
15.1597,0.0315036
15.1597,0.0314406
15.1609,0.0315105
15.1609,0.0315717
15.162,0.0316253
15.162,0.0316721
15.1631,0.0317131
15.1631,0.031749
15.1642,0.0317803
15.1642,0.0318078
15.1654,0.0318318
15.1654,0.0318528
15.1665,0.0318712
15.1665,0.0318873
15.1677,0.0319014
15.1677,0.0319137
15.1689,0.0319245
15.1689,0.031934
15.17,0.0319422
15.17,0.0319494
15.1711,0.0319558
15.1711,0.0319613
15.1722,0.0319661
15.1722,0.0319704
15.1734,0.0319741
15.1734,0.0319773
15.1746,0.0319801
15.1746,0.0319826
15.1757,0.0319848
15.1757,0.0319867
15.1769,0.0319884
15.1769,0.0319898
15.178,0.0319911
15.178,0.0319922
15.1791,0.0319932
15.1791,0.031994
15.1802,0.0319948
15.1802,0.0319954
15.1814,0.031996
15.1814,0.0319965
15.1826,0.0319969
15.1826,0.0319973
15.1837,0.0319977
15.1837,0.0319979
15.185,0.0319982
15.185,0.0319984
15.186,0.0319986
15.186,0.0319988
15.1871,0.0319989
15.1871,0.0319991
15.1882,0.0319992
15.1882,0.0319993
15.1895,0.0319994
15.1895,0.0319995
15.1906,0.0319995
15.1906,0.0319996
15.1917,0.0319996
15.1917,0.0319997
15.1929,0.0319997
15.1929,0.0319998
15.194,0.0319998
15.194,0.0319998
15.1951,0.0319998
15.1951,0.0319999
15.1964,0.0319999
15.1964,0.0319999
15.1975,0.0319999
15.1975,0.0319999
15.1986,0.0319999
15.1986,0.0319999
15.1997,0.0319999
15.1997,0.0319999
15.2009,0.032
15.2009,0.032
15.202,0.032
15.202,0.032
15.2031,0.032
15.2031,0.032
15.2044,0.032
15.2044,0.032
15.2056,0.032
15.2056,0.032
15.2066,0.032
15.2066,0.032
15.2077,0.032
15.2077,0.032
15.2089,0.032
15.2089,0.032
15.21,0.032
15.21,0.032
15.2175,0.032125
15.2175,0.0322344
15.218,0.0322051
15.218,0.0321794
15.2192,0.032157
15.2192,0.0321374
15.2204,0.0321202
15.2204,0.0321052
15.2215,0.032092
15.2215,0.0320805
15.2226,0.0320705
15.2226,0.0320617
15.2237,0.0320539
15.2237,0.0320472
15.225,0.0320413
15.225,0.0320361
15.2261,0.0321566
15.2261,0.032262
15.2272,0.0322293
15.2272,0.0322006
15.2284,0.0321755
15.2284,0.0321536
15.2295,0.0321344
15.2295,0.0321176
15.2306,0.0321029
15.2306,0.03209
15.2317,0.0320788
15.2317,0.0320689
15.2329,0.0320603
15.2329,0.0320528
15.2341,0.0321712
15.2341,0.0322748
15.2352,0.0322404
15.2352,0.0322104
15.2364,0.0321841
15.2364,0.0321611
15.2375,0.0321409
15.2375,0.0321233
15.2386,0.0321079
15.2386,0.0320944
15.2397,0.0320826
15.2397,0.0320723
15.241,0.0320633
15.241,0.0320553
15.2427,0.0321734
15.2427,0.0322767
15.2432,0.0322422
15.2432,0.0322119
15.2444,0.0321854
15.2444,0.0321622
15.2456,0.0321419
15.2456,0.0321242
15.2466,0.0321087
15.2466,0.0320951
15.2477,0.0320832
15.2477,0.0320728
15.249,0.0319387
15.249,0.0318214
15.2501,0.0319687
15.2501,0.0320976
15.2512,0.0320854
15.2512,0.0320747
15.2524,0.0320654
15.2524,0.0320572
15.2535,0.0320501
15.2535,0.0320438
15.2546,0.0320383
15.2546,0.0320335
15.2559,0.0320293
15.2559,0.0320257
15.257,0.0320225
15.257,0.0320197
15.2581,0.0320172
15.2581,0.032015
15.2592,0.0320132
15.2592,0.0320115
15.2604,0.0320101
15.2604,0.0320088
15.2615,0.0320077
15.2615,0.0320068
15.2626,0.0320059
15.2626,0.0320052
15.2639,0.0320045
15.2639,0.032004
15.265,0.0320035
15.265,0.032003
15.2661,0.0320026
15.2661,0.0320023
15.2672,0.032002
15.2672,0.0320018
15.2684,0.0320016
15.2684,0.0320014
15.2695,0.0320012
15.2695,0.032001
15.2707,0.0320009
15.2707,0.0320008
15.2719,0.0320007
15.2719,0.0320006
15.273,0.0320005
15.273,0.0320005
15.2741,0.0320004
15.2741,0.0320004
15.2752,0.0320003
15.2752,0.0320003
15.2764,0.0320002
15.2764,0.0320002
15.2776,0.0320002
15.2776,0.0320002
15.2787,0.0320001
15.2787,0.0320001
15.2799,0.0320001
15.2799,0.0320001
15.281,0.0320001
15.281,0.0320001
15.2821,0.0320001
15.2821,0.0320001
15.2832,0.032
15.2832,0.032
15.2844,0.032
15.2844,0.032
15.2856,0.032
15.2856,0.032
15.2867,0.032
15.2867,0.032
15.2879,0.032
15.2879,0.032
15.289,0.032
15.289,0.032
15.2901,0.032
15.2901,0.032
15.2912,0.032
15.2912,0.032
15.2925,0.032
15.2925,0.032
15.2936,0.032125
15.2936,0.0321094
15.2947,0.0322207
15.2947,0.0321931
15.2959,0.032294
15.2959,0.0322572
15.297,0.0323501
15.297,0.0323063
15.2981,0.032518
15.2981,0.0324533
15.2992,0.0325216
15.2992,0.0324564
15.3005,0.0325244
15.3005,0.0324588
15.3016,0.0325265
15.3016,0.0324607
15.3027,0.0325281
15.3027,0.0324621
15.3039,0.0325293
15.3039,0.0324631
15.305,0.0325302
15.305,0.032464
15.3061,0.032656
15.3061,0.032574
15.3074,0.0326272
15.3074,0.0325488
15.3085,0.0326052
15.3085,0.0325296
15.3096,0.0325884
15.3096,0.0325148
15.3107,0.0325755
15.3107,0.0325035
15.3119,0.0325656
15.3119,0.0324949
15.313,0.032558
15.313,0.0324883
15.3141,0.0326772
15.3141,0.0325926
15.3154,0.0326435
15.3154,0.0325631
15.3165,0.0326177
15.3165,0.0325405
15.3176,0.0325979
15.3176,0.0325232
15.3187,0.0325828
15.3187,0.0325099
15.3199,0.0325712
15.3199,0.0324998
15.321,0.0325623
15.321,0.032492
15.3222,0.0326805
15.3222,0.0325955
15.3234,0.032646
15.3234,0.0325653
15.3245,0.0326196
15.3245,0.0325422
15.3256,0.0325994
15.3256,0.0325245
15.3267,0.0325839
15.3267,0.0325109
15.3279,0.0325721
15.3279,0.0325005
15.329,0.032563
15.329,0.0324926
15.3302,0.032681
15.3302,0.0325959
15.3314,0.0326464
15.3314,0.0325656
15.3325,0.0326199
15.3325,0.0325424
15.3336,0.0325996
15.3336,0.0325247
15.3347,0.0325841
15.3347,0.0325111
15.3359,0.0325722
15.3359,0.0325007
15.3371,0.0326881
15.3371,0.0327271
15.3382,0.0328862
15.3382,0.0327754
15.3394,0.0328035
15.3394,0.032703
15.3405,0.0327402
15.3405,0.0326476
15.3416,0.0326917
15.3416,0.0326052
15.3427,0.0326546
15.3427,0.0325728
15.344,0.0326262
15.344,0.0325479
15.3451,0.0327294
15.3451,0.0327632
15.3462,0.0329178
15.3462,0.0328031
15.3474,0.0328277
15.3474,0.0327242
15.3485,0.0327587
15.3485,0.0326639
15.3496,0.0327059
15.3496,0.0326177
15.3507,0.0326654
15.3507,0.0325823
15.352,0.0326345
15.352,0.0325552
15.3531,0.0327358
15.3531,0.0327688
15.3542,0.0329227
15.3542,0.0328074
15.3554,0.0328314
15.3554,0.0327275
15.3565,0.0327616
15.3565,0.0326664
15.3576,0.0327081
15.3576,0.0326196
15.3589,0.0326671
15.3589,0.0325837
15.36,0.0326358
15.36,0.0325563
15.3611,0.0327368
15.3611,0.0327697
15.3622,0.0329235
15.3622,0.032808
15.3634,0.032832
15.3634,0.032728
15.3645,0.032762
15.3645,0.0326668
15.3656,0.0327084
15.3656,0.0326199
15.3669,0.0326674
15.3669,0.032584
15.368,0.032636
15.368,0.0325565
15.3691,0.0327369
15.3691,0.0326448
15.3702,0.0326892
15.3702,0.032603
15.3714,0.0326527
15.3714,0.0325711
15.3725,0.0326247
15.3725,0.0325466
15.3737,0.0326033
15.3737,0.0325279
15.375,0.0325869
15.375,0.0325135
15.376,0.0325743
15.376,0.0325025
15.3771,0.0326897
15.3771,0.0326035
15.3782,0.0326531
15.3782,0.0325714
15.3794,0.032625
15.3794,0.0325469
15.3805,0.0326035
15.3805,0.0325281
15.3817,0.0325871
15.3817,0.0325137
15.3829,0.0325745
15.3829,0.0325027
15.384,0.0325648
15.384,0.0324942
15.3851,0.0326824
15.3851,0.0325971
15.3862,0.0326475
15.3862,0.0325666
15.3874,0.0326207
15.3874,0.0325431
15.3886,0.0326003
15.3886,0.0325252
15.3897,0.0325846
15.3897,0.0325115
15.3909,0.0325726
15.3909,0.032501
15.392,0.0325634
15.392,0.0324929
15.3931,0.0326813
15.3931,0.0325962
15.3942,0.0326466
15.3942,0.0325658
15.3954,0.0326201
15.3954,0.0325426
15.3966,0.0325997
15.3966,0.0325248
15.3977,0.0325842
15.3977,0.0325112
15.3989,0.0325723
15.3989,0.0325007
15.4,0.0325631
15.4,0.0324927
15.4011,0.0326812
15.4011,0.032596
15.4022,0.0326465
15.4022,0.0325657
15.4035,0.03262
15.4035,0.0325425
15.4046,0.0325997
15.4046,0.0325247
15.4057,0.0325841
15.4057,0.0325111
15.4069,0.0325722
15.4069,0.0325007
15.408,0.0325631
15.408,0.0324927
15.4091,0.0326811
15.4091,0.032596
15.4102,0.0326465
15.4102,0.0325657
15.4115,0.03262
15.4115,0.0325425
15.4126,0.0325997
15.4126,0.0325247
15.4137,0.0325841
15.4137,0.0325111
15.415,0.0325722
15.415,0.0325007
15.416,0.0325631
15.416,0.0324927
15.4171,0.0326811
15.4171,0.032596
15.4184,0.0326465
15.4184,0.0325657
15.4195,0.03262
15.4195,0.0325425
15.4206,0.0325997
15.4206,0.0325247
15.4217,0.0325841
15.4217,0.0325111
15.4229,0.0325722
15.4229,0.0325007
15.424,0.0325631
15.424,0.0324927
15.4252,0.0326811
15.4252,0.032596
15.4264,0.0326465
15.4264,0.0325657
15.4275,0.03262
15.4275,0.0325425
15.4286,0.0325997
15.4286,0.0325247
15.4297,0.0325841
15.4297,0.0325111
15.4309,0.0325722
15.4309,0.0325007
15.432,0.0325631
15.432,0.0324927
15.4332,0.0326811
15.4332,0.032596
15.4344,0.0326465
15.4344,0.0325657
15.4356,0.03262
15.4356,0.0325425
15.4366,0.0325997
15.4366,0.0326497
15.4377,0.0326935
15.4377,0.0327318
15.4389,0.0327653
15.4389,0.0327947
15.4401,0.0329453
15.4401,0.0330772
15.4412,0.0331925
15.4412,0.0332935
15.4424,0.0332568
15.4424,0.0332247
15.4435,0.0331966
15.4435,0.033172
15.4446,0.0331505
15.4446,0.0331317
15.4457,0.0331152
15.4457,0.0331008
15.4469,0.0330882
15.4469,0.0330772
15.4481,0.0331925
15.4481,0.0332935
15.4492,0.0333818
15.4492,0.0334591
15.4504,0.0334017
15.4504,0.0333515
15.4515,0.0333075
15.4515,0.0332691
15.4526,0.0332355
15.4526,0.033206
15.4537,0.0331803
15.4537,0.0331577
15.455,0.033138
15.455,0.0331208
15.4561,0.0332307
15.4561,0.0333268
15.4572,0.033411
15.4572,0.0334846
15.4584,0.033424
15.4584,0.033371
15.4595,0.0333246
15.4595,0.0332841
15.4606,0.0332486
15.4606,0.0332175
15.4617,0.0331903
15.4617,0.0331665
15.463,0.0331457
15.463,0.0331275
15.4641,0.0332365
15.4641,0.033332
15.4652,0.0334155
15.4652,0.0334885
15.4664,0.0334275
15.4664,0.033374
15.4675,0.0333273
15.4675,0.0332864
15.4686,0.0332506
15.4686,0.0332193
15.4699,0.0331918
15.4699,0.0331679
15.471,0.0331469
15.471,0.0331285
15.4721,0.0332375
15.4721,0.0333328
15.4732,0.0332912
15.4732,0.0332548
15.4744,0.0332229
15.4744,0.0331951
15.4756,0.0331707
15.4756,0.0331493
15.4766,0.0331307
15.4766,0.0331143
15.4779,0.0331
15.4779,0.0330875
15.479,0.0330766
15.479,0.033067
15.4801,0.0331836
15.4801,0.0332857
15.4812,0.03325
15.4812,0.0332187
15.4824,0.0331914
15.4824,0.0331675
15.4835,0.0331465
15.4835,0.0331282
15.4847,0.0331122
15.4847,0.0330982
15.4859,0.0330859
15.4859,0.0330752
15.487,0.0330658
15.487,0.0330575
15.4881,0.0331753
15.4881,0.0332784
15.4892,0.0332436
15.4892,0.0332132
15.4904,0.0331865
15.4904,0.0331632
15.4916,0.0331428
15.4916,0.033125
15.4927,0.0331093
15.4927,0.0330957
15.4939,0.0330837
15.4939,0.0330732
15.495,0.0330641
15.495,0.0330561
15.4961,0.0331741
15.4961,0.0332773
15.4972,0.0332426
15.4972,0.0332123
15.4984,0.0331858
15.4984,0.0331626
15.4996,0.0331422
15.4996,0.0331245
15.5007,0.0331089
15.5007,0.0330953
15.5019,0.0330834
15.5019,0.033073
15.503,0.0330638
15.503,0.0330559
15.5041,0.0331739
15.5041,0.0332771
15.5052,0.0332425
15.5052,0.0332122
15.5065,0.0331857
15.5065,0.0331625
15.5076,0.0331421
15.5076,0.0331244
15.5087,0.0331088
15.5087,0.0330952
15.5099,0.0330833
15.5099,0.0330729
15.511,0.0330638
15.511,0.0330558
15.5121,0.0331738
15.5121,0.0332771
15.5132,0.0332425
15.5132,0.0332122
15.5145,0.0331856
15.5145,0.0331624
15.5156,0.0331421
15.5156,0.0331244
15.5167,0.0331088
15.5167,0.0330952
15.5179,0.0330833
15.5179,0.0330729
15.519,0.0330638
15.519,0.0330558
15.5201,0.0331738
15.5201,0.0332771
15.5214,0.0332425
15.5214,0.0332122
15.5225,0.0331856
15.5225,0.0331624
15.5236,0.0331421
15.5236,0.0331244
15.5247,0.0331088
15.5247,0.0330952
15.5259,0.0330833
15.5259,0.0330729
15.527,0.0330638
15.527,0.0330558
15.5281,0.0331738
15.5281,0.0332771
15.5294,0.0332425
15.5294,0.0332122
15.5305,0.0331856
15.5305,0.0331624
15.5316,0.0331421
15.5316,0.0331244
15.5327,0.0331088
15.5327,0.0330952
15.5339,0.0330833
15.5339,0.0330729
15.535,0.0330638
15.535,0.0330558
15.5362,0.0331738
15.5362,0.0332771
15.5374,0.0332425
15.5374,0.0332122
15.5385,0.0331856
15.5385,0.0331624
15.5396,0.0331421
15.5396,0.0331244
15.5407,0.0331088
15.5407,0.0330952
15.5419,0.0330833
15.5419,0.0330729
15.543,0.0330638
15.543,0.0330558
15.5442,0.0331738
15.5442,0.0332771
15.5454,0.0332425
15.5454,0.0332122
15.5465,0.0331856
15.5465,0.0331624
15.5476,0.0331421
15.5476,0.0331244
15.5487,0.0331088
15.5487,0.0330952
15.5499,0.0330833
15.5499,0.0330729
15.5511,0.0331888
15.5511,0.0332902
15.5522,0.0333789
15.5522,0.0334565
15.5534,0.0333995
15.5534,0.0333495
15.5545,0.0333059
15.5545,0.0332676
15.5556,0.0332342
15.5556,0.0332049
15.5567,0.0331793
15.5567,0.0331569
15.5579,0.0331373
15.5579,0.0331201
15.5591,0.0332301
15.5591,0.0333263
15.5602,0.0334105
15.5602,0.0334842
15.5614,0.0334237
15.5614,0.0333707
15.5625,0.0333244
15.5625,0.0332838
15.5636,0.0332484
15.5636,0.0332173
15.5647,0.0331901
15.5647,0.0331664
15.566,0.0331456
15.566,0.0331274
15.5671,0.0332365
15.5671,0.0333319
15.5682,0.0334154
15.5682,0.0334885
15.5694,0.0334274
15.5694,0.033374
15.5705,0.0333272
15.5705,0.0332863
15.5716,0.0332505
15.5716,0.0332192
15.5729,0.0331918
15.5729,0.0331678
15.574,0.0331469
15.574,0.0331285
15.5751,0.0332374
15.5751,0.0333328
15.5762,0.0334162
15.5762,0.0334891
15.5774,0.033428
15.5774,0.0333745
15.5785,0.0333277
15.5785,0.0332867
15.5796,0.0332509
15.5796,0.0332195
15.5809,0.0331921
15.5809,0.0331681
15.582,0.0331471
15.582,0.0331287
15.5831,0.0332376
15.5831,0.0333329
15.5842,0.0332913
15.5842,0.0332549
15.5854,0.033223
15.5854,0.0331951
15.5865,0.0331707
15.5865,0.0331494
15.5877,0.0331307
15.5877,0.0331144
15.5889,0.0331001
15.5889,0.0330876
15.59,0.0330766
15.59,0.033067
15.5911,0.0331837
15.5911,0.0332857
15.5922,0.03325
15.5922,0.0332187
15.5934,0.0333164
15.5934,0.0332768
15.5945,0.0333672
15.5945,0.0333213
15.5957,0.0334062
15.5957,0.0333554
15.5969,0.033436
15.5969,0.0333815
15.598,0.0334588
15.598,0.0334014
15.5991,0.0336013
15.5991,0.0336511
15.6002,0.0338197
15.6002,0.0337172
15.6014,0.0337526
15.6014,0.0336585
15.6026,0.0337012
15.6026,0.0336136
15.6037,0.0336619
15.6037,0.0335791
15.605,0.0336317
15.605,0.0335528
15.606,0.0336087
15.606,0.0335326
15.6071,0.033716
15.6071,0.0337515
15.6082,0.0339076
15.6082,0.0337941
15.6094,0.0338199
15.6094,0.0337174
15.6106,0.0337527
15.6106,0.0336586
15.6117,0.0337013
15.6117,0.0336136
15.6129,0.0336619
15.6129,0.0335792
15.614,0.0336318
15.614,0.0335528
15.6151,0.0337337
15.6151,0.033767
15.6162,0.0339211
15.6162,0.033806
15.6175,0.0338302
15.6175,0.0337265
15.6186,0.0337606
15.6186,0.0336656
15.6197,0.0337074
15.6197,0.0336189
15.6209,0.0336666
15.6209,0.0335833
15.622,0.0336353
15.622,0.0335559
15.6231,0.0337364
15.6231,0.0337694
15.6242,0.0339232
15.6242,0.0338078
15.6256,0.0338318
15.6256,0.0337279
15.6266,0.0337619
15.6266,0.0336666
15.6277,0.0337083
15.6277,0.0336198
15.6289,0.0336673
15.6289,0.0335839
15.63,0.0336359
15.63,0.0335564
15.6311,0.0337369
15.6311,0.0337698
15.6324,0.0339235
15.6324,0.0338081
15.6335,0.0338321
15.6335,0.0337281
15.6346,0.0337621
15.6346,0.0336668
15.6357,0.0337085
15.6357,0.0336199
15.6369,0.0336674
15.6369,0.033584
15.638,0.033636
15.638,0.0335565
15.6392,0.0337369
15.6392,0.0337698
15.6404,0.0339236
15.6404,0.0338081
15.6415,0.0338321
15.6415,0.0337281
15.6426,0.0337621
15.6426,0.0336668
15.6437,0.0337085
15.6437,0.0336199
15.645,0.0336674
15.645,0.033584
15.646,0.033636
15.646,0.0335565
15.6472,0.0337369
15.6472,0.0337698
15.6484,0.0339236
15.6484,0.0338081
15.6495,0.0338321
15.6495,0.0337281
15.6506,0.0337621
15.6506,0.0336668
15.6517,0.0337085
15.6517,0.0336199
15.6529,0.0336674
15.6529,0.033584
15.6541,0.033761
15.6541,0.0337909
15.6552,0.033942
15.6552,0.0339493
15.6564,0.0340806
15.6564,0.0339455
15.6575,0.0339523
15.6575,0.0338333
15.6586,0.0338541
15.6586,0.0337474
15.6597,0.0337789
15.6597,0.0336816
15.6609,0.0337214
15.6609,0.0336312
15.6621,0.0338023
15.6621,0.033827
15.6632,0.0339736
15.6632,0.0339769
15.6644,0.0341048
15.6644,0.0339667
15.6656,0.0339709
15.6656,0.0338495
15.6666,0.0338683
15.6666,0.0337598
15.6677,0.0337898
15.6677,0.0336911
15.669,0.0337297
15.669,0.0336385
15.6701,0.0338087
15.6701,0.0338326
15.6712,0.0339785
15.6712,0.0339812
15.6724,0.0341085
15.6724,0.03397
15.6735,0.0339737
15.6735,0.033852
15.6746,0.0338705
15.6746,0.0337617
15.6757,0.0337915
15.6757,0.0336925
15.677,0.033731
15.677,0.0336396
15.6781,0.0338097
15.6781,0.0338334
15.6792,0.0339793
15.6792,0.0339819
15.6804,0.0341091
15.6804,0.0339705
15.6815,0.0339742
15.6815,0.0338524
15.6826,0.0338709
15.6826,0.033762
15.6839,0.0337917
15.6839,0.0336928
15.685,0.0337312
15.685,0.0336398
15.6861,0.0338098
15.6861,0.0338336
15.6872,0.0339794
15.6872,0.033857
15.6884,0.0338748
15.6884,0.0337655
15.6895,0.0337948
15.6895,0.0336954
15.6906,0.0337335
15.6906,0.0336418
15.6919,0.0336866
15.6919,0.0336008
15.693,0.0336507
15.693,0.0335693
15.6941,0.0337482
15.6941,0.0337797
15.6952,0.0339322
15.6952,0.0338157
15.6964,0.0338387
15.6964,0.0337339
15.6975,0.0337671
15.6975,0.0336712
15.6987,0.0337123
15.6987,0.0336233
15.6999,0.0336704
15.6999,0.0335866
15.701,0.0336383
15.701,0.0335585
15.7021,0.0337387
15.7021,0.0337713
15.7032,0.0339249
15.7032,0.0338093
15.7044,0.0338331
15.7044,0.033729
15.7056,0.0337629
15.7056,0.0336675
15.7067,0.0337091
15.7067,0.0336204
15.7079,0.0336679
15.7079,0.0335844
15.709,0.0336363
15.709,0.0335568
15.7101,0.0337372
15.7101,0.0337701
15.7112,0.0339238
15.7112,0.0338083
15.7124,0.0338323
15.7124,0.0337282
15.7136,0.0337622
15.7136,0.0336669
15.7147,0.0337086
15.7147,0.03362
15.7159,0.0336675
15.7159,0.0335841
15.717,0.0336361
15.717,0.0335565
15.7181,0.033737
15.7181,0.0337699
15.7192,0.0339236
15.7192,0.0338082
15.7205,0.0338321
15.7205,0.0337281
15.7216,0.0337621
15.7216,0.0336668
15.7227,0.0337085
15.7227,0.0336199
15.7239,0.0336674
15.7239,0.033584
15.725,0.033636
15.725,0.0335565
15.7261,0.0337369
15.7261,0.0337698
15.7272,0.0339236
15.7272,0.0338081
15.7285,0.0338321
15.7285,0.0337281
15.7296,0.0337621
15.7296,0.0336668
15.7307,0.0337085
15.7307,0.0336199
15.7319,0.0336674
15.7319,0.033584
15.733,0.033636
15.733,0.0335565
15.7341,0.0337369
15.7341,0.0337698
15.7354,0.0339236
15.7354,0.0338081
15.7365,0.0338321
15.7365,0.0337281
15.7376,0.0337621
15.7376,0.0336668
15.7387,0.0337085
15.7387,0.0336199
15.7399,0.0336674
15.7399,0.033584
15.741,0.033636
15.741,0.0335565
15.7421,0.0337369
15.7421,0.0337698
15.7434,0.0339236
15.7434,0.0338081
15.7445,0.0338321
15.7445,0.0337281
15.7456,0.0337621
15.7456,0.0336668
15.7467,0.0337085
15.7467,0.0336199
15.7479,0.0336674
15.7479,0.033584
15.749,0.033636
15.749,0.0335565
15.7502,0.0337369
15.7502,0.0337698
15.7514,0.0339236
15.7514,0.0338081
15.7525,0.0338321
15.7525,0.0337281
15.7536,0.0337621
15.7536,0.0336668
15.7547,0.0337085
15.7547,0.0336199
15.7559,0.0336674
15.7559,0.033584
15.757,0.033636
15.757,0.0335565
15.7582,0.0337369
15.7582,0.0337698
15.7594,0.0339236
15.7594,0.0338081
15.7605,0.0338321
15.7605,0.0337281
15.7616,0.0337621
15.7616,0.0336668
15.7627,0.0337085
15.7627,0.0336199
15.7639,0.0336674
15.7639,0.033584
15.7651,0.033761
15.7651,0.0337909
15.7662,0.033942
15.7662,0.0340743
15.7674,0.03419
15.7674,0.0342912
15.7685,0.0342548
15.7685,0.034223
15.7696,0.0341951
15.7696,0.0341707
15.7707,0.0341494
15.7707,0.0341307
15.7719,0.0341144
15.7719,0.0341001
15.7731,0.0342126
15.7731,0.034311
15.7742,0.0343971
15.7742,0.0344725
15.7754,0.0345384
15.7754,0.0345961
15.7765,0.0345216
15.7765,0.0344564
15.7776,0.0343993
15.7776,0.0343494
15.7787,0.0343058
15.7787,0.0342675
15.78,0.0342341
15.78,0.0342048
15.7811,0.0343042
15.7811,0.0343912
15.7822,0.0344673
15.7822,0.0345339
15.7834,0.0345921
15.7834,0.0346431
15.7845,0.0345627
15.7845,0.0344924
15.7856,0.0344308
15.7856,0.034377
15.7869,0.0343299
15.7869,0.0342886
15.788,0.0342526
15.788,0.034221
15.7891,0.0343184
15.7891,0.0344036
15.7902,0.0344781
15.7902,0.0345434
15.7914,0.0346004
15.7914,0.0346504
15.7925,0.0345691
15.7925,0.0344979
15.7936,0.0344357
15.7936,0.0343812
15.795,0.0343336
15.795,0.0342919
15.796,0.0342554
15.796,0.0342235
15.7971,0.0343205
15.7971,0.0344055
15.7982,0.0344798
15.7982,0.0345448
15.7994,0.0344767
15.7994,0.0344171
15.8011,0.03449
15.8011,0.0345537
15.8017,0.0344845
15.8017,0.034424
15.8029,0.034371
15.8029,0.0343246
15.804,0.034284
15.804,0.0342485
15.8051,0.0343424
15.8051,0.0344246
15.8062,0.0344966
15.8062,0.0345595
15.8074,0.0344896
15.8074,0.0344284
15.8085,0.0343748
15.8085,0.034328
15.8097,0.034287
15.8097,0.0342511
15.8109,0.0342197
15.8109,0.0341922
15.8126,0.0342932
15.8126,0.0343816
15.8131,0.0344589
15.8131,0.0345265
15.8142,0.0345857
15.8142,0.0346375
15.8154,0.0345578
15.8154,0.0344881
15.8166,0.0344271
15.8166,0.0343737
15.8177,0.034327
15.8177,0.0342861
15.8189,0.0342503
15.8189,0.034219
15.82,0.0341917
15.82,0.0341677
15.8211,0.0342717
15.8211,0.0343628
15.8222,0.0344424
15.8222,0.0345121
15.8234,0.0344481
15.8234,0.0343921
15.8246,0.0343431
15.8246,0.0343002
15.8257,0.0342627
15.8257,0.0342298
15.8269,0.0342011
15.8269,0.034176
15.828,0.034154
15.828,0.0341347
15.8291,0.0342429
15.8291,0.0343375
15.8302,0.0344203
15.8302,0.0344928
15.8315,0.0344312
15.8315,0.0343773
15.8332,0.0344551
15.8332,0.0345232
15.8337,0.0344578
15.8337,0.0344006
15.835,0.0342255
15.835,0.0340723
15.836,0.0340633
15.836,0.0340554
15.8371,0.0341735
15.8371,0.0342768
15.8382,0.0343672
15.8382,0.0344463
15.8395,0.0343905
15.8395,0.0343417
15.8406,0.034299
15.8406,0.0342616
15.8417,0.0342289
15.8417,0.0342003
15.8429,0.0341753
15.8429,0.0341533
15.844,0.0341342
15.844,0.0341174
15.8451,0.0342277
15.8451,0.0343243
15.847,0.0342837
15.847,0.0342483
15.8475,0.0342172
15.8475,0.0341901
15.8486,0.0341663
15.8486,0.0341455
15.8497,0.0341273
15.8497,0.0341114
15.8509,0.0340975
15.8509,0.0340853
15.852,0.0340746
15.852,0.0340653
15.8531,0.0341821
15.8531,0.0342844
15.855,0.0343738
15.855,0.0344521
15.8556,0.0343956
15.8556,0.0343461
15.8566,0.0343029
15.8566,0.034265
15.8577,0.0342319
15.8577,0.0342029
15.8589,0.0341775
15.8589,0.0341553
15.86,0.0341359
15.86,0.0341189
15.8612,0.0342291
15.8612,0.0343254
15.8624,0.0344098
15.8624,0.0344835
15.8641,0.0345481
15.8641,0.0346046
15.8646,0.034529
15.8646,0.0344629
15.8657,0.034405
15.8657,0.0343544
15.8669,0.0341851
15.8669,0.034037
15.8681,0.0341573
15.8681,0.0342627
15.8692,0.0343548
15.8692,0.0344355
15.8704,0.034506
15.8704,0.0345678
15.8715,0.0344968
15.8715,0.0344347
15.8726,0.0343804
15.8726,0.0343328
15.8744,0.0344162
15.8744,0.0344892
15.875,0.034428
15.875,0.0343745
15.8761,0.0344527
15.8761,0.0345211
15.8772,0.034581
15.8772,0.0346334
15.8784,0.0346792
15.8784,0.0347193
15.8795,0.0346294
15.8795,0.0345507
15.8806,0.0344819
15.8806,0.0344216
15.8817,0.0343689
15.8817,0.0343228
15.883,0.0342825
15.883,0.0342472
15.8841,0.0343413
15.8841,0.0344236
15.8852,0.0344957
15.8852,0.0345587
15.8864,0.0346139
15.8864,0.0346621
15.8875,0.0345794
15.8875,0.0345069
15.8886,0.0344436
15.8886,0.0343881
15.8897,0.0343396
15.8897,0.0342972
15.891,0.03426
15.891,0.0342275
15.8921,0.0343241
15.8921,0.0344086
15.8939,0.0344825
15.8939,0.0345472
15.8944,0.0346038
15.8944,0.0346533
15.8956,0.0345716
15.8956,0.0345002
15.8972,0.0345627
15.8972,0.0346173
15.8979,0.0344152
15.8979,0.0342383
15.899,0.0342085
15.899,0.0341824
15.9001,0.0342846
15.9001,0.034374
15.9012,0.0344523
15.9012,0.0345207
15.9024,0.0344557
15.9024,0.0343987
15.9035,0.0343489
15.9035,0.0343053
15.9046,0.0342671
15.9046,0.0342337
15.9059,0.0342045
15.9059,0.0341789
15.907,0.0341566
15.907,0.034137
15.9081,0.0341199
15.9081,0.0341049
15.9092,0.0342168
15.9092,0.0343147
15.9104,0.0342753
15.9104,0.0342409
15.9115,0.0342108
15.9115,0.0341845
15.9127,0.0341614
15.9127,0.0341412
15.9139,0.0341236
15.9139,0.0341081
15.915,0.0340946
15.915,0.0340828
15.9161,0.0341974
15.9161,0.0342978
15.9172,0.0343855
15.9172,0.0344623
15.9184,0.0344045
15.9184,0.034354
15.9195,0.0343097
15.9195,0.034271
15.9214,0.0343621
15.9214,0.0344419
15.9225,0.0345116
15.9225,0.0345727
15.923,0.0346261
15.923,0.0345478
15.9241,0.0347294
15.9241,0.0347632
15.9259,0.0349178
15.9259,0.0349281
15.9264,0.0350621
15.9264,0.0349293
15.9276,0.0349381
15.9276,0.0348209
15.9287,0.0348433
15.9287,0.0347379
15.9299,0.0347706
15.9299,0.0346743
15.931,0.034715
15.931,0.0345006
15.9321,0.034563
15.9321,0.0346177
15.9332,0.0347905
15.9332,0.0348166
15.9345,0.0349646
15.9345,0.034844
15.9356,0.0348635
15.9356,0.0347556
15.9367,0.0347861
15.9367,0.0346878
15.9379,0.0347269
15.9379,0.034636
15.939,0.0346815
15.939,0.0345963
15.9401,0.0347718
15.9401,0.0348003
15.9412,0.0349503
15.9412,0.0349565
15.9425,0.0350869
15.9425,0.0349511
15.9436,0.0349572
15.9436,0.0348375
15.9447,0.0348578
15.9447,0.0347506
15.9459,0.0347818
15.9459,0.0346841
15.947,0.0347235
15.947,0.0346331
15.9481,0.034804
15.9481,0.0348285
15.9494,0.0349749
15.9494,0.034978
15.9505,0.0351058
15.9505,0.0349676
15.9516,0.0349716
15.9516,0.0348502
15.9527,0.0348689
15.9527,0.0347603
15.9539,0.0347902
15.9539,0.0346915
15.955,0.03473
15.955,0.0345138
15.9561,0.0345746
15.9561,0.0345027
15.9574,0.0345649
15.9574,0.0346193
15.9585,0.0347919
15.9585,0.0346929
15.9596,0.0347313
15.9596,0.0346399
15.9607,0.0346849
15.9607,0.0345993
15.9619,0.0346494
15.9619,0.0345682
15.963,0.0346222
15.963,0.0345444
15.9642,0.0347263
15.9642,0.0347606
15.9654,0.0349155
15.9654,0.034926
15.9665,0.0350603
15.9665,0.0349278
15.9676,0.0349368
15.9676,0.0348197
15.9687,0.0348422
15.9687,0.0347369
15.9699,0.0347698
15.9699,0.0346736
15.971,0.0347144
15.971,0.0346251
15.9722,0.034797
15.9722,0.0348223
15.9734,0.0349695
15.9734,0.0349734
15.9751,0.0352267
15.9751,0.0351983
15.9756,0.0351736
15.9756,0.0350269
15.9767,0.0350235
15.9767,0.0348956
15.9779,0.0349086
15.9779,0.034795
15.9791,0.0349457
15.9791,0.0349525
15.9802,0.0350834
15.9802,0.035073
15.9814,0.0351888
15.9814,0.0351652
15.9825,0.0352696
15.9825,0.0351109
15.9836,0.035097
15.9836,0.0349599
15.9847,0.0349649
15.9847,0.0348443
15.9859,0.0348638
15.9859,0.0347558
15.9871,0.0349113
15.9871,0.0349224
15.9882,0.0350571
15.9882,0.03505
15.9894,0.0351687
15.9894,0.0351476
15.9905,0.0352542
15.9905,0.0350974
15.9916,0.0350852
15.9916,0.0349496
15.9927,0.0349559
15.9927,0.0348364
15.994,0.0348568
15.994,0.0347497
15.9951,0.034906
15.9951,0.0349178
15.9962,0.035053
15.9962,0.0350464
15.9974,0.0351656
15.9974,0.0351449
15.9985,0.0352518
15.9985,0.0350953
16.0002,0.0352084
16.0002,0.0351824
16.0007,0.0351596
16.0007,0.0350146
16.002,0.0350128
16.002,0.0348862
16.0031,0.0350254
16.0031,0.0350222
16.0042,0.0351445
16.0042,0.0351264
16.0054,0.0352356
16.0054,0.0352061
16.0065,0.0353054
16.0065,0.0351422
16.0076,0.0351244
16.0076,0.0349839
16.0089,0.0349859
16.0089,0.0347377
16.01,0.0346454
16.01,0.0345648
16.0111,0.0347442
16.0111,0.0347761
16.0122,0.0349291
16.0122,0.034938
16.0134,0.0350707
16.0134,0.0349369
16.0145,0.0349448
16.0145,0.0348267
16.0157,0.0348484
16.0157,0.0347423
16.0169,0.0347745
16.0169,0.0346777
16.018,0.034718
16.018,0.0346282
16.0191,0.0347997
16.0191,0.0348247
16.0202,0.0349717
16.0202,0.0349752
16.0214,0.0351033
16.0214,0.0349654
16.0225,0.0349697
16.0225,0.0348485
16.0237,0.0348674
16.0237,0.034759
16.025,0.0347891
16.025,0.0346905
16.026,0.0347292
16.026,0.034638
16.0271,0.0348083
16.0271,0.0348322
16.0282,0.0349782
16.0282,0.0349809
16.0294,0.0351083
16.0294,0.0349698
16.0306,0.0349736
16.0306,0.0348519
16.0317,0.0348704
16.0317,0.0347616
16.0329,0.0347914
16.0329,0.0346925
16.034,0.0347309
16.034,0.0345145
16.0351,0.0345752
16.0351,0.0346283
16.0362,0.0347998
16.0362,0.0348248
16.0374,0.0349717
16.0374,0.0348502
16.0386,0.034869
16.0386,0.0347603
16.0397,0.0347903
16.0397,0.0346915
16.0409,0.0347301
16.0409,0.0346388
16.042,0.034684
16.042,0.0345985
16.0431,0.0347737
16.0431,0.0348019
16.0442,0.0349517
16.0442,0.0349577
16.0456,0.035088
16.0456,0.034952
16.0466,0.034958
16.0466,0.0348383
16.0477,0.0348585
16.0477,0.0347512
16.0489,0.0347823
16.0489,0.0346845
16.05,0.0347239
16.05,0.0346334
16.0511,0.0348043
16.0511,0.0348287
16.0522,0.0349751
16.0522,0.0349782
16.0535,0.035106
16.0535,0.0352177
16.0546,0.0351905
16.0546,0.0351667
16.0557,0.0351459
16.0557,0.0351276
16.0569,0.0351117
16.0569,0.0350977
16.058,0.0350855
16.058,0.0350748
16.0591,0.0351905
16.0591,0.0352916
16.0604,0.0353802
16.0604,0.0354577
16.0615,0.0355255
16.0615,0.0355848
16.0626,0.0355117
16.0626,0.0354477
16.0637,0.0353918
16.0637,0.0353428
16.065,0.0352999
16.065,0.0352624
16.066,0.0352296
16.066,0.0352009
16.0671,0.0353008
16.0671,0.0353882
16.0684,0.0354647
16.0684,0.0355316
16.0695,0.0355902
16.0695,0.0356414
16.0706,0.0355612
16.0706,0.0354911
16.0717,0.0354297
16.0717,0.035376
16.0729,0.035329
16.0729,0.0352878
16.074,0.0352519
16.074,0.0352204
16.0752,0.0353178
16.0752,0.0354031
16.0764,0.0354777
16.0764,0.035543
16.0775,0.0356001
16.0775,0.0356501
16.0786,0.0355688
16.0786,0.0354977
16.0797,0.0354355
16.0797,0.0353811
16.0809,0.0353334
16.0809,0.0352918
16.0821,0.0353803
16.0821,0.0354578
16.0832,0.0355255
16.0832,0.0355848
16.0844,0.0356367
16.0844,0.0356821
16.0856,0.0357219
16.0856,0.0357566
16.0866,0.0356621
16.0866,0.0355793
16.0877,0.0355069
16.0877,0.0354435
16.0889,0.0353881
16.0889,0.0353396
16.0901,0.0354221
16.0901,0.0354944
16.0912,0.0355576
16.0912,0.0356129
16.0924,0.0356613
16.0924,0.0357036
16.0935,0.0357407
16.0935,0.0357731
16.0946,0.0356764
16.0946,0.0355919
16.0957,0.0355179
16.0957,0.0354532
16.097,0.0353965
16.097,0.0353469
16.0981,0.0354286
16.0981,0.0355
16.0992,0.0355625
16.0992,0.0356172
16.1004,0.035665
16.1004,0.0357069
16.1015,0.0357435
16.1015,0.0357756
16.1026,0.0356787
16.1026,0.0355938
16.1037,0.0355196
16.1037,0.0354546
16.105,0.0353978
16.105,0.0353481
16.1061,0.0354296
16.1061,0.0355009
16.1072,0.0355633
16.1072,0.0356179
16.1084,0.0356656
16.1084,0.0357074
16.1095,0.035744
16.1095,0.035776
16.1106,0.035679
16.1106,0.0355941
16.1119,0.0355199
16.1119,0.0354549
16.113,0.035398
16.113,0.0353483
16.1141,0.0354297
16.1141,0.035501
16.1152,0.0355634
16.1152,0.035618
16.1164,0.0356657
16.1164,0.0357075
16.1175,0.0356191
16.1175,0.0355417
16.1186,0.035474
16.1186,0.0354147
16.1199,0.0353629
16.1199,0.0353175
16.121,0.0352778
16.121,0.0352431
16.1221,0.0353377
16.1221,0.0354205
16.1232,0.0354929
16.1232,0.0355563
16.1244,0.0356118
16.1244,0.0356603
16.1256,0.0355778
16.1256,0.0355055
16.1267,0.0354424
16.1267,0.0353871
16.1279,0.0353387
16.1279,0.0352963
16.129,0.0352593
16.129,0.0352269
16.1301,0.0353235
16.1301,0.0354081
16.1312,0.0354821
16.1312,0.0355468
16.1324,0.0356035
16.1324,0.035653
16.1335,0.0355714
16.1335,0.0355
16.1347,0.0354375
16.1347,0.0353828
16.1359,0.0353349
16.1359,0.0352931
16.137,0.0352564
16.137,0.0352244
16.1381,0.0353213
16.1381,0.0354062
16.1392,0.0354804
16.1392,0.0355453
16.1404,0.0356022
16.1404,0.0356519
16.1416,0.0355704
16.1416,0.0354991
16.1427,0.0354367
16.1427,0.0353821
16.1439,0.0353344
16.1439,0.0352926
16.145,0.035256
16.145,0.035224
16.1461,0.035321
16.1461,0.0354059
16.1472,0.0354801
16.1472,0.0355451
16.1484,0.035602
16.1484,0.0356517
16.1496,0.0355703
16.1496,0.035499
16.1507,0.0354366
16.1507,0.035382
16.1519,0.0353343
16.1519,0.0352925
16.153,0.0352559
16.153,0.0352239
16.1541,0.0353209
16.1541,0.0354058
16.1552,0.0354801
16.1552,0.0355451
16.1565,0.0356019
16.1565,0.0356517
16.1576,0.0355702
16.1576,0.035499
16.1587,0.0354366
16.1587,0.035382
16.1599,0.0353343
16.1599,0.0352925
16.161,0.0352559
16.161,0.0352239
16.1621,0.0353209
16.1621,0.0354058
16.1634,0.0354801
16.1634,0.0355451
16.1645,0.0356019
16.1645,0.0356517
16.1656,0.0355702
16.1656,0.035499
16.1667,0.0354366
16.1667,0.035382
16.1679,0.0353343
16.1679,0.0352925
16.169,0.0352559
16.169,0.0352239
16.1701,0.0353209
16.1701,0.0354058
16.1714,0.0354801
16.1714,0.0355451
16.1725,0.0356019
16.1725,0.0356517
16.1736,0.0355702
16.1736,0.035499
16.1747,0.0354366
16.1747,0.035382
16.1759,0.0353343
16.1759,0.0352925
16.177,0.0352559
16.177,0.0352239
16.1782,0.0353209
16.1782,0.0354058
16.1794,0.0354801
16.1794,0.0355451
16.1805,0.0356019
16.1805,0.0356517
16.1816,0.0355702
16.1816,0.035499
16.1827,0.0354366
16.1827,0.035382
16.1839,0.0353343
16.1839,0.0352925
16.185,0.0352559
16.185,0.0352239
16.1862,0.0354459
16.1862,0.0355152
16.1874,0.0357008
16.1874,0.0357382
16.1885,0.0358959
16.1885,0.0359089
16.1896,0.0360453
16.1896,0.0359146
16.1907,0.0359253
16.1907,0.0358097
16.1919,0.0358334
16.1919,0.0357293
16.1931,0.0358881
16.1931,0.0359021
16.1942,0.0360393
16.1942,0.0360344
16.1954,0.0361551
16.1954,0.0361357
16.1965,0.0362438
16.1965,0.0362133
16.1976,0.0363116
16.1976,0.0361477
16.1987,0.0361292
16.1987,0.0359881
16.1999,0.0359896
16.1999,0.0358659
16.2011,0.0360076
16.2011,0.0360067
16.2022,0.0361308
16.2022,0.0361145
16.2034,0.0362252
16.2034,0.036197
16.2045,0.0362974
16.2045,0.0362602
16.2056,0.0363527
16.2056,0.0361836
16.2067,0.0361607
16.2067,0.0360156
16.208,0.0360136
16.208,0.0358869
16.2091,0.0360261
16.2091,0.0360228
16.2102,0.0361449
16.2102,0.0361268
16.2114,0.036236
16.2114,0.0362065
16.2125,0.0363057
16.2125,0.0362675
16.2136,0.036359
16.2136,0.0361891
16.2147,0.0361655
16.2147,0.0360198
16.216,0.0360173
16.216,0.0358902
16.2171,0.0360289
16.2171,0.0360253
16.2182,0.0361471
16.2182,0.0361287
16.2194,0.0362376
16.2194,0.0362079
16.2205,0.0363069
16.2205,0.0362686
16.2216,0.03636
16.2216,0.03619
16.2229,0.0361663
16.2229,0.0360205
16.224,0.0360179
16.224,0.0358907
16.2251,0.0360293
16.2251,0.0360257
16.2262,0.0361475
16.2262,0.036129
16.2274,0.0362379
16.2274,0.0362082
16.2285,0.0363071
16.2285,0.0361437
16.2297,0.0361258
16.2297,0.0359851
16.2309,0.0359869
16.2309,0.0358636
16.232,0.0358806
16.232,0.0357705
16.2331,0.0359242
16.2331,0.0359337
16.2342,0.036067
16.2342,0.0360586
16.2354,0.0361763
16.2354,0.0361542
16.2365,0.03626
16.2365,0.0361025
16.2377,0.0360897
16.2377,0.0359534
16.2389,0.0359593
16.2389,0.0358394
16.24,0.0358594
16.24,0.035752
16.2411,0.035908
16.2411,0.0359195
16.2422,0.0360546
16.2422,0.0360477
16.2434,0.0361668
16.2434,0.0361459
16.2446,0.0362527
16.2446,0.0360961
16.2464,0.0362091
16.2464,0.036183
16.2469,0.0361601
16.2469,0.0360151
16.248,0.0360132
16.248,0.0358865
16.2491,0.0360257
16.2491,0.0360225
16.2502,0.0361447
16.2502,0.0361266
16.2514,0.0362358
16.2514,0.0362063
16.2526,0.0363055
16.2526,0.0361423
16.2537,0.0361245
16.2537,0.035984
16.255,0.035986
16.255,0.0358627
16.256,0.0358799
16.256,0.0357699
16.2571,0.0359237
16.2571,0.0359332
16.2582,0.0360666
16.2582,0.0360582
16.2595,0.036176
16.2595,0.036154
16.2606,0.0362597
16.2606,0.0361022
16.2617,0.0360895
16.2617,0.0359533
16.2629,0.0359591
16.2629,0.0358392
16.264,0.0358593
16.264,0.0357519
16.2651,0.0359079
16.2651,0.0359194
16.2662,0.0360545
16.2662,0.0360477
16.2675,0.0361667
16.2675,0.0361459
16.2686,0.0362526
16.2686,0.0360961
16.2697,0.0360841
16.2697,0.0359486
16.2709,0.035955
16.2709,0.0358356
16.272,0.0358562
16.272,0.0357491
16.2731,0.0359055
16.2731,0.0359173
16.2744,0.0360526
16.2744,0.0360461
16.2756,0.0361653
16.2756,0.0361446
16.2766,0.0362516
16.2766,0.0360951
16.2777,0.0360832
16.2777,0.0359478
16.2789,0.0359543
16.2789,0.0358351
16.28,0.0358557
16.28,0.0357487
16.2811,0.0359051
16.2811,0.035792
16.2824,0.035818
16.2824,0.0358407
16.2835,0.0359856
16.2835,0.0359874
16.2846,0.036114
16.2846,0.0359748
16.2857,0.0359779
16.2857,0.0358557
16.2869,0.0358737
16.2869,0.0357645
16.288,0.0357939
16.288,0.0356947
16.2892,0.0358579
16.2892,0.0358756
16.2904,0.0360162
16.2904,0.0360141
16.2915,0.0361374
16.2915,0.0361202
16.2926,0.0362302
16.2926,0.0360764
16.2937,0.0360669
16.2937,0.0359335
16.295,0.0359418
16.295,0.0358241
16.296,0.0358461
16.296,0.0357403
16.2972,0.0358978
16.2972,0.0359106
16.2984,0.0360467
16.2984,0.0360409
16.2995,0.0361608
16.2995,0.0361407
16.3006,0.0362481
16.3006,0.0360921
16.3017,0.0360806
16.3017,0.0359455
16.3029,0.0359523
16.3029,0.0358333
16.3041,0.0359791
16.3041,0.0359817
16.3052,0.036109
16.3052,0.0360954
16.3064,0.0362085
16.3064,0.0361824
16.3075,0.0362846
16.3075,0.036249
16.3086,0.0363429
16.3086,0.036175
16.3097,0.0361532
16.3097,0.036009
16.311,0.0360079
16.311,0.0358819
16.3121,0.0360217
16.3121,0.036019
16.3132,0.0361416
16.3132,0.0361239
16.3144,0.0362334
16.3144,0.0362042
16.3156,0.0363037
16.3156,0.0362657
16.3166,0.0363575
16.3166,0.0361878
16.3177,0.0361643
16.3177,0.0360188
16.319,0.0360165
16.319,0.0358894
16.3201,0.0360282
16.3201,0.0360247
16.3212,0.0361466
16.3212,0.0362533
16.3224,0.0363466
16.3224,0.0364283
16.3235,0.0364998
16.3235,0.0365623
16.3246,0.036617
16.3246,0.0366649
16.3259,0.0365818
16.3259,0.036509
16.327,0.0364454
16.327,0.0363897
16.3281,0.036466
16.3281,0.0365328
16.3292,0.0365912
16.3292,0.0366423
16.3304,0.036687
16.3304,0.0367261
16.3315,0.0367603
16.3315,0.0367903
16.3326,0.0368165
16.3326,0.0368395
16.3339,0.0367345
16.3339,0.0366427
16.335,0.0365624
16.335,0.0364921
16.3361,0.0365556
16.3361,0.0366111
16.3372,0.0366597
16.3372,0.0367023
16.3384,0.0367395
16.3384,0.036772
16.3395,0.0368005
16.3395,0.0368255
16.3407,0.0367223
16.3407,0.036632
16.3419,0.036553
16.3419,0.0364839
16.343,0.0364234
16.343,0.0363705
16.3441,0.0364492
16.3441,0.036518
16.3452,0.0365783
16.3452,0.036631
16.3464,0.0366771
16.3464,0.0367175
16.3475,0.0367528
16.3475,0.0367837
16.3487,0.0366857
16.3487,0.0366
16.3499,0.036525
16.3499,0.0364594
16.351,0.036402
16.351,0.0363517
16.3521,0.0364327
16.3521,0.0365037
16.3532,0.0365657
16.3532,0.03662
16.3544,0.0366675
16.3544,0.0367091
16.3556,0.0367454
16.3556,0.0367772
16.3567,0.0366801
16.3567,0.0365951
16.3579,0.0365207
16.3579,0.0364556
16.359,0.0363987
16.359,0.0363488
16.3601,0.0364302
16.3601,0.0365014
16.3612,0.0365638
16.3612,0.0366183
16.3624,0.036666
16.3624,0.0367078
16.3636,0.0367443
16.3636,0.0367762
16.3647,0.0366792
16.3647,0.0365943
16.3659,0.03652
16.3659,0.036455
16.367,0.0363981
16.367,0.0363484
16.3681,0.0364298
16.3681,0.0365011
16.3692,0.0365635
16.3692,0.036618
16.3705,0.0366658
16.3705,0.0367076
16.3716,0.0367441
16.3716,0.0367761
16.3727,0.0366791
16.3727,0.0365942
16.3739,0.0365199
16.3739,0.0364549
16.375,0.0363981
16.375,0.0363483
16.3761,0.0364298
16.3761,0.036501
16.3774,0.0365634
16.3774,0.036618
16.3785,0.0366657
16.3785,0.0367075
16.3796,0.0367441
16.3796,0.0367761
16.3807,0.0366791
16.3807,0.0365942
16.3819,0.0365199
16.4187,0.0364549
16.4196,0.0365231
16.4196,0.0365827
16.4207,0.0366348
16.4207,0.0366805
16.422,0.0367204
16.422,0.0367554
16.4231,0.0369109
16.4231,0.0366721
16.4242,0.0353381
16.4242,0.0341708
16.4254,0.0331495
16.4254,0.0322558
16.4265,0.0314738
16.4265,0.0307896
16.4276,0.0301909
16.4276,0.029542
16.4287,0.0290993
16.4287,0.0285869
16.43,0.0281385
16.43,0.0277462
16.4311,0.0275279
16.4311,0.0273369
16.4322,0.0272948
16.4322,0.027133
16.4334,0.0269913
16.4334,0.0268674
16.4345,0.026759
16.4345,0.0265391
16.4356,0.0264717
16.4356,0.0262878
16.4369,0.0261268
16.4369,0.0259859
16.438,0.0259877
16.438,0.0258642
16.4391,0.0260062
16.4391,0.0260054
16.4402,0.0260048
16.4402,0.0260042
16.4414,0.0260036
16.4414,0.0258782
16.4425,0.0258934
16.4425,0.0257817
16.4436,0.025809
16.4436,0.0257079
16.445,0.0257444
16.445,0.0256514
16.446,0.0256949
16.446,0.0257331
16.4471,0.0258914
16.4471,0.02603
16.4482,0.0261513
16.4482,0.0262573
16.4494,0.0262252
16.4494,0.026197
16.4505,0.0261724
16.4505,0.0261508
16.4517,0.026132
16.4517,0.0261155
16.4529,0.0261011
16.4529,0.0260884
16.454,0.0260774
16.454,0.0260677
16.4551,0.0261842
16.4551,0.0262862
16.4562,0.0263754
16.4562,0.0264535
16.4574,0.0263968
16.4574,0.0263472
16.4586,0.0263038
16.4586,0.0262658
16.4597,0.0262326
16.4597,0.0262035
16.4609,0.0261781
16.4609,0.0261558
16.462,0.0261363
16.462,0.0261193
16.4631,0.0262294
16.4631,0.0263257
16.4642,0.02641
16.4642,0.0264838
16.4654,0.0264233
16.4654,0.0263704
16.4666,0.0263241
16.4666,0.0262836
16.4677,0.0262481
16.4677,0.0262171
16.4689,0.02619
16.4689,0.0261662
16.47,0.0261454
16.47,0.0261273
16.4711,0.0262364
16.4711,0.0263318
16.4722,0.0264153
16.4722,0.0264884
16.4735,0.0264274
16.4735,0.0263739
16.4746,0.0263272
16.4746,0.0262863
16.4757,0.0262505
16.4757,0.0262192
16.4769,0.0261918
16.4769,0.0261678
16.478,0.0261468
16.478,0.0261285
16.4791,0.0262374
16.4791,0.0263327
16.4802,0.0264162
16.4802,0.0264891
16.4815,0.026428
16.4815,0.0263745
16.4826,0.0263277
16.4826,0.0262867
16.4837,0.0262509
16.4837,0.0262195
16.485,0.0261921
16.485,0.0261681
16.486,0.0261471
16.486,0.0261287
16.4871,0.0262376
16.4871,0.0263329
16.4884,0.0264163
16.4884,0.0264892
16.4895,0.0264281
16.4895,0.0263746
16.4906,0.0263278
16.4906,0.0262868
16.4917,0.0262509
16.4917,0.0262196
16.4929,0.0261921
16.4929,0.0261681
16.494,0.0261471
16.494,0.0261287
16.4951,0.0262376
16.4951,0.0263329
16.4964,0.0264163
16.4964,0.0264893
16.4975,0.0264281
16.4975,0.0263746
16.4986,0.0263278
16.4986,0.0262868
16.4997,0.0262509
16.4997,0.0262196
16.5009,0.0261921
16.5009,0.0261681
16.502,0.0261471
16.502,0.0261287
16.5032,0.0262376
16.5032,0.0263329
16.5044,0.0264163
16.5044,0.0264893
16.5056,0.0264281
16.5056,0.0263746
16.5066,0.0263278
16.5066,0.0262868
16.5077,0.0262509
16.5077,0.0262196
16.5089,0.0261921
16.5089,0.0261681
16.51,0.0261471
16.51,0.0261287
16.5112,0.0262376
16.5112,0.0263329
16.5124,0.0264163
16.5124,0.0264893
16.5135,0.0264281
16.5135,0.0263746
16.5146,0.0263278
16.5146,0.0262868
16.5157,0.0262509
16.5157,0.0262196
16.5169,0.0261921
16.5169,0.0261681
16.5181,0.0262721
16.5181,0.0263631
16.5192,0.0264427
16.5192,0.0265124
16.5204,0.0265733
16.5204,0.0266267
16.5215,0.0265483
16.5215,0.0264798
16.5226,0.0264198
16.5226,0.0263673
16.5237,0.0263214
16.5237,0.0262812
16.525,0.0262461
16.525,0.0262153
16.5261,0.0263134
16.5261,0.0263992
16.5272,0.0264743
16.5272,0.02654
16.5284,0.0265975
16.5284,0.0266478
16.5295,0.0265669
16.5295,0.026496
16.5306,0.026434
16.5306,0.0263797
16.5317,0.0263323
16.5317,0.0262907
16.533,0.0262544
16.533,0.0262226
16.5341,0.0263198
16.5341,0.0264048
16.5352,0.0264792
16.5352,0.0265443
16.5364,0.0266013
16.5364,0.0266511
16.5375,0.0265697
16.5375,0.0264985
16.5386,0.0264362
16.5386,0.0263817
16.5399,0.026334
16.5399,0.0262922
16.541,0.0262557
16.541,0.0262237
16.5421,0.0263208
16.5421,0.0264057
16.5432,0.02648
16.5432,0.026545
16.5444,0.0264768
16.5444,0.0264172
16.5456,0.0263651
16.5456,0.0263194
16.5466,0.0262795
16.5466,0.0262446
16.5479,0.026214
16.5479,0.0261872
16.549,0.0261638
16.549,0.0261434
16.5501,0.0262504
16.5501,0.0263441
16.5512,0.0264261
16.5512,0.0264979
16.5524,0.0264356
16.5524,0.0263812
16.5535,0.0263335
16.5535,0.0262918
16.5547,0.0262554
16.5547,0.0262234
16.5559,0.0261955
16.5559,0.0261711
16.557,0.0261497
16.557,0.026131
16.5581,0.0262396
16.5581,0.0263346
16.5592,0.0264178
16.5592,0.0264906
16.5604,0.0264293
16.5604,0.0263756
16.5615,0.0263287
16.5615,0.0262876
16.5627,0.0262516
16.5627,0.0262202
16.5639,0.0261927
16.5639,0.0261686
16.565,0.0261475
16.565,0.0261291
16.5661,0.0262379
16.5661,0.0263332
16.5672,0.0264165
16.5672,0.0264895
16.5684,0.0264283
16.5684,0.0263747
16.5696,0.0263279
16.5696,0.0262869
16.5707,0.0262511
16.5707,0.0262197
16.5719,0.0261922
16.5719,0.0261682
16.573,0.0261472
16.573,0.0261288
16.5741,0.0262377
16.5741,0.026333
16.5752,0.0264163
16.5752,0.0264893
16.5764,0.0264281
16.5764,0.0263746
16.5776,0.0263278
16.5776,0.0262868
16.5787,0.026251
16.5787,0.0262196
16.5799,0.0261921
16.5799,0.0261681
16.581,0.0261471
16.581,0.0261287
16.5821,0.0262376
16.5821,0.0263329
16.5832,0.0264163
16.5832,0.0264893
16.5845,0.0264281
16.5845,0.0263746
16.5856,0.0263278
16.5856,0.0262868
16.5867,0.0262509
16.5867,0.0262196
16.5879,0.0261921
16.5879,0.0261681
16.589,0.0261471
16.589,0.0261287
16.5901,0.0262376
16.5901,0.0263329
16.5912,0.0264163
16.5912,0.0264893
16.5925,0.0264281
16.5925,0.0263746
16.5936,0.0263278
16.5936,0.0262868
16.5947,0.0262509
16.5947,0.0262196
16.5959,0.0261921
16.5959,0.0261681
16.597,0.0261471
16.597,0.0261287
16.5981,0.0262376
16.5981,0.0263329
16.5994,0.0264163
16.5994,0.0264893
16.6005,0.0264281
16.6005,0.0263746
16.6016,0.0263278
16.6016,0.0262868
16.6027,0.0262509
16.6027,0.0262196
16.6039,0.0261921
16.6039,0.0261681
16.605,0.0262721
16.605,0.0262381
16.6062,0.0264583
16.6062,0.026526
16.6074,0.0267103
16.6074,0.0267465
16.6085,0.0269032
16.6085,0.0267903
16.6096,0.0268165
16.6096,0.0267144
16.6107,0.0267501
16.6107,0.0266564
16.6119,0.0266993
16.6119,0.0266119
16.613,0.0266604
16.613,0.0265779
16.6142,0.0267556
16.6142,0.0267862
16.6154,0.0269379
16.6154,0.0269457
16.6165,0.0270775
16.6165,0.0269428
16.6176,0.0269499
16.6176,0.0268312
16.6187,0.0268523
16.6187,0.0267458
16.6199,0.0267775
16.6199,0.0266803
16.6211,0.0268453
16.6211,0.0268646
16.6222,0.0270066
16.6222,0.0270057
16.6234,0.02713
16.6234,0.0271138
16.6245,0.0272245
16.6245,0.0270715
16.6256,0.0270625
16.6256,0.0269297
16.6267,0.0269385
16.6267,0.0268212
16.6279,0.0268435
16.6279,0.0267381
16.6291,0.0268958
16.6291,0.0269089
16.6302,0.0270452
16.6302,0.0270396
16.6314,0.0271596
16.6314,0.0271397
16.6325,0.0272472
16.6325,0.0270913
16.6336,0.0270799
16.6336,0.0269449
16.6347,0.0269518
16.6347,0.0268328
16.636,0.0268537
16.636,0.026747
16.6371,0.0269036
16.6371,0.0269157
16.6382,0.0270512
16.6382,0.0270448
16.6394,0.0271642
16.6394,0.0271437
16.6405,0.0272507
16.6405,0.0270944
16.6416,0.0270826
16.6416,0.0269473
16.6427,0.0269539
16.6427,0.0268346
16.644,0.0268553
16.644,0.0267484
16.6451,0.0269048
16.6451,0.0269167
16.6462,0.0270521
16.6462,0.0270456
16.6474,0.0271649
16.6474,0.0270193
16.6485,0.0270169
16.6485,0.0268898
16.6496,0.0269036
16.6496,0.0267906
16.6509,0.0268168
16.6509,0.0267147
16.652,0.0267503
16.652,0.0266566
16.6531,0.0268245
16.6531,0.0268464
16.6542,0.0269906
16.6542,0.0269918
16.6554,0.0271178
16.6554,0.0269781
16.6565,0.0269808
16.6565,0.0268582
16.6576,0.0268759
16.6576,0.0267665
16.6589,0.0267956
16.6589,0.0266962
16.66,0.0267342
16.66,0.0266424
16.6611,0.0268121
16.6611,0.0268356
16.6622,0.0269811
16.6622,0.0269835
16.6634,0.0271106
16.6634,0.0269717
16.6645,0.0269753
16.6645,0.0268534
16.6657,0.0268717
16.6657,0.0267627
16.6669,0.0267924
16.6669,0.0266933
16.668,0.0267317
16.668,0.0266402
16.6691,0.0268102
16.6691,0.0268339
16.6702,0.0269797
16.6702,0.0269822
16.6714,0.0271094
16.6714,0.0269708
16.6726,0.0269744
16.6726,0.0268526
16.6737,0.026871
16.6737,0.0267622
16.675,0.0267919
16.675,0.0266929
16.676,0.0267313
16.676,0.0266399
16.6771,0.0268099
16.6771,0.0268337
16.6782,0.0269794
16.6782,0.026982
16.6794,0.0271093
16.6794,0.0269706
16.6806,0.0269743
16.6806,0.0268525
16.6817,0.0268709
16.6817,0.0267621
16.6829,0.0267918
16.6829,0.0266928
16.684,0.0267312
16.684,0.0266398
16.6851,0.0268098
16.6851,0.0268336
16.6862,0.0269794
16.6862,0.026982
16.6875,0.0271092
16.6875,0.0269706
16.6886,0.0269743
16.6886,0.0268525
16.6897,0.0268709
16.6897,0.026762
16.6909,0.0267918
16.6909,0.0266928
16.692,0.0267312
16.692,0.0266398
16.6931,0.0268098
16.6931,0.0268336
16.6942,0.0269794
16.6942,0.026982
16.6956,0.0271092
16.6956,0.0269706
16.6966,0.0269743
16.6966,0.0268525
16.6977,0.0268709
16.6977,0.026762
16.6989,0.0267918
16.6989,0.0266928
16.7,0.0267312
16.7,0.0266398
16.7011,0.0268098
16.7011,0.0268336
16.7024,0.0269794
16.7024,0.026982
16.7035,0.0271092
16.7035,0.0269706
16.7046,0.0269743
16.7046,0.0269775
16.7057,0.0269803
16.7057,0.0269828
16.7069,0.0269849
16.7069,0.0269868
16.708,0.0269884
16.708,0.0269899
16.7091,0.0271162
16.7091,0.0272266
16.7104,0.0273233
16.7104,0.0274079
16.7115,0.0274819
16.7115,0.0275467
16.7126,0.0274783
16.7126,0.0274185
16.7137,0.0273662
16.7137,0.0273204
16.715,0.0272804
16.715,0.0272453
16.716,0.0272147
16.716,0.0271878
16.7172,0.0272894
16.7172,0.0273782
16.7184,0.0274559
16.7184,0.0275239
16.7195,0.0275834
16.7195,0.0276355
16.7206,0.0275561
16.7206,0.0274866
16.7217,0.0274257
16.7217,0.0273725
16.7229,0.027326
16.7229,0.0272852
16.724,0.0272496
16.724,0.0272184
16.7252,0.0273161
16.7252,0.0274016
16.7264,0.0274764
16.7264,0.0275418
16.7275,0.0275991
16.7275,0.0276492
16.7286,0.0275681
16.7286,0.027497
16.7297,0.0274349
16.7297,0.0273805
16.7309,0.027333
16.7309,0.0272914
16.7321,0.0273799
16.7321,0.0274574
16.7332,0.0275253
16.7332,0.0275846
16.7344,0.0276365
16.7344,0.027682
16.7356,0.0277217
16.7356,0.0277565
16.7366,0.0276619
16.7366,0.0275792
16.7377,0.0275068
16.7377,0.0274434
16.7389,0.027388
16.7389,0.0273395
16.7401,0.0274221
16.7401,0.0274943
16.7412,0.0275575
16.7412,0.0276128
16.7424,0.0276612
16.7424,0.0277036
16.7435,0.0277406
16.7435,0.027773
16.7446,0.0276764
16.7446,0.0275919
16.7457,0.0275179
16.7457,0.0274531
16.747,0.0273965
16.747,0.0273469
16.7481,0.0274286
16.7481,0.0275
16.7492,0.0275625
16.7492,0.0276172
16.7504,0.027665
16.7504,0.0277069
16.7515,0.0277435
16.7515,0.0277756
16.7526,0.0276786
16.7526,0.0275938
16.7539,0.0275196
16.7539,0.0274546
16.755,0.0273978
16.755,0.0273481
16.7561,0.0274296
16.7561,0.0275009
16.7572,0.0275633
16.7572,0.0276179
16.7584,0.0276656
16.7584,0.0277074
16.7595,0.027619
16.7595,0.0275416
16.7606,0.0274739
16.7606,0.0274147
16.7619,0.0273628
16.7619,0.0273175
16.763,0.0272778
16.763,0.0272431
16.7641,0.0273377
16.7641,0.0274205
16.7652,0.0274929
16.7652,0.0275563
16.7664,0.0276118
16.7664,0.0276603
16.7675,0.0275778
16.7675,0.0275055
16.7687,0.0274423
16.7687,0.0273871
16.7699,0.0273387
16.7699,0.0272963
16.771,0.0272593
16.771,0.0272269
16.7721,0.0273235
16.7721,0.0274081
16.7732,0.0274821
16.7732,0.0275468
16.7744,0.0276035
16.7744,0.027653
16.7756,0.0275714
16.7756,0.0275
16.7767,0.0274375
16.7767,0.0273828
16.7779,0.0273349
16.7779,0.0272931
16.779,0.0272564
16.779,0.0272244
16.7801,0.0273213
16.7801,0.0274062
16.7812,0.0274804
16.7812,0.0275453
16.7824,0.0276022
16.7824,0.0276519
16.7836,0.0275704
16.7836,0.0274991
16.7847,0.0274367
16.7847,0.0273821
16.7859,0.0273344
16.7859,0.0272926
16.787,0.027256
16.787,0.027224
16.7881,0.027321
16.7881,0.0274059
16.7892,0.0274801
16.7892,0.0275451
16.7904,0.027602
16.7904,0.0276517
16.7916,0.0275703
16.7916,0.027499
16.7927,0.0274366
16.7927,0.027382
16.7939,0.0273343
16.7939,0.0272925
16.795,0.0272559
16.795,0.0272239
16.7961,0.0273209
16.7961,0.0274058
16.7972,0.0274801
16.7972,0.0275451
16.7985,0.0276019
16.7985,0.0276517
16.7996,0.0275702
16.7996,0.027499
16.8007,0.0274366
16.8007,0.027382
16.8019,0.0273343
16.8019,0.0272925
16.803,0.0272559
16.803,0.0272239
16.8041,0.0273209
16.8041,0.0274058
16.8052,0.0274801
16.8052,0.0275451
16.8065,0.0276019
16.8065,0.0276517
16.8076,0.0275702
16.8076,0.027499
16.8087,0.0275616
16.8087,0.0274914
16.8099,0.027555
16.8099,0.0274856
16.811,0.0275499
16.811,0.0274812
16.8121,0.027671
16.8121,0.0277121
16.8134,0.0278731
16.8134,0.027889
16.8145,0.0280279
16.8145,0.0280244
16.8156,0.0281463
16.8156,0.028003
16.8167,0.0280027
16.8167,0.0278773
16.8179,0.0278927
16.8179,0.0277811
16.819,0.0278084
16.819,0.0277074
16.8202,0.027869
16.8202,0.0278853
16.8214,0.0280247
16.8214,0.0280216
16.8225,0.0281439
16.8225,0.0281259
16.8236,0.0282352
16.8236,0.0280808
16.8247,0.0280707
16.8247,0.0279368
16.8259,0.0279447
16.8259,0.0278266
16.827,0.0278483
16.827,0.0277423
16.8282,0.0278995
16.8282,0.0279121
16.8294,0.028048
16.8294,0.028042
16.8305,0.0281618
16.8305,0.0281416
16.8316,0.0282489
16.8316,0.0280928
16.8327,0.0280812
16.8327,0.027946
16.8339,0.0279528
16.8339,0.0278337
16.8351,0.0279795
16.8351,0.027982
16.8362,0.0281093
16.8362,0.0280956
16.8374,0.0282087
16.8374,0.0281826
16.8385,0.0282848
16.8385,0.0282492
16.8396,0.028343
16.8396,0.0281751
16.8407,0.0281532
16.8407,0.0280091
16.8419,0.028008
16.8419,0.027882
16.8431,0.0280217
16.8431,0.028019
16.8442,0.0281416
16.8442,0.0281239
16.8454,0.0282334
16.8454,0.0282043
16.8465,0.0283037
16.8465,0.0282658
16.8476,0.0283575
16.8476,0.0281878
16.8487,0.0281644
16.8487,0.0280188
16.85,0.0280165
16.85,0.0278894
16.8511,0.0280282
16.8511,0.0280247
16.8522,0.0281466
16.8522,0.0281283
16.8534,0.0282372
16.8534,0.0282076
16.8545,0.0283066
16.8545,0.0282683
16.8556,0.0283598
16.8556,0.0281898
16.8567,0.0281661
16.8567,0.0280203
16.858,0.0280178
16.858,0.0278906
16.8591,0.0280292
16.8591,0.0280256
16.8602,0.0281474
16.8602,0.028129
16.8614,0.0282378
16.8614,0.0282081
16.8625,0.0283071
16.8625,0.0281437
16.8636,0.0281257
16.8636,0.027985
16.865,0.0279869
16.865,0.0278635
16.866,0.0278806
16.866,0.0277705
16.8671,0.0279242
16.8671,0.0279337
16.8682,0.028067
16.8682,0.0280586
16.8694,0.0281763
16.8694,0.0281542
16.8705,0.02826
16.8705,0.0281025
16.8716,0.0280897
16.8716,0.0279534
16.8729,0.0279593
16.8729,0.0278394
16.874,0.0278594
16.874,0.027752
16.8751,0.027908
16.8751,0.0279195
16.8762,0.0280546
16.8762,0.0280477
16.8774,0.0281668
16.8774,0.0281459
16.8785,0.0282527
16.8785,0.0280961
16.8797,0.0280841
16.8797,0.0279486
16.8809,0.027955
16.8809,0.0278356
16.882,0.0278562
16.882,0.0277492
16.8831,0.0279055
16.8831,0.0279173
16.8842,0.0280527
16.8842,0.0280461
16.8854,0.0281653
16.8854,0.0281446
16.8865,0.0282516
16.8865,0.0280951
16.8877,0.0280832
16.8877,0.0279478
16.8889,0.0279543
16.8889,0.0278351
16.89,0.0278557
16.89,0.0277487
16.8911,0.0279051
16.8911,0.027917
16.8922,0.0280524
16.8922,0.0280458
16.8934,0.0281651
16.8934,0.0281445
16.8946,0.0282514
16.8946,0.028095
16.8957,0.0280831
16.8957,0.0279477
16.8969,0.0279542
16.8969,0.027835
16.898,0.0278556
16.898,0.0277486
16.8991,0.0279051
16.8991,0.0279169
16.9002,0.0280523
16.9002,0.0280458
16.9015,0.0281651
16.9015,0.0281444
16.9026,0.0282514
16.9026,0.0280949
16.9037,0.0280831
16.9037,0.0279477
16.905,0.0279542
16.905,0.027835
16.906,0.0278556
16.906,0.0277486
16.9071,0.0279051
16.9071,0.0279169
16.9082,0.0280523
16.9082,0.0280458
16.9095,0.028165
16.9095,0.0281444
16.9106,0.0282514
16.9106,0.0280949
16.9117,0.0280831
16.9117,0.0279477
16.9129,0.0279542
16.9129,0.0279599
16.914,0.027965
16.914,0.0279693
16.9151,0.0280982
16.9151,0.0282109
16.9164,0.0283095
16.9164,0.0283958
16.9175,0.0284714
16.9175,0.0285374
16.9186,0.0285953
16.9186,0.0286459
16.9197,0.0285651
16.9197,0.0284945
16.9209,0.0284327
16.9209,0.0283786
16.922,0.0283313
16.922,0.0282899
16.9231,0.0283786
16.9231,0.0284563
16.9244,0.0285243
16.9244,0.0285837
16.9256,0.0286358
16.9256,0.0286813
16.9266,0.0287211
16.9266,0.028756
16.9277,0.0286615
16.9277,0.0285788
16.9289,0.0285064
16.9289,0.0284431
16.93,0.0283877
16.93,0.0283393
16.9312,0.0284219
16.9312,0.0284941
16.9324,0.0285574
16.9324,0.0286127
16.9335,0.0286611
16.9335,0.0287035
16.9346,0.0287405
16.9346,0.028773
16.9357,0.0286763
16.9357,0.0285918
16.9369,0.0285178
16.9369,0.0284531
16.938,0.0283965
16.938,0.0283469
16.9392,0.0284285
16.9392,0.0285
16.9404,0.0285625
16.9404,0.0286172
16.9415,0.028665
16.9415,0.0287069
16.9426,0.0287435
16.9426,0.0287756
16.9437,0.0286786
16.9437,0.0285938
16.945,0.0285196
16.945,0.0284546
16.9461,0.0285228
16.9461,0.0285825
16.9472,0.0286346
16.9472,0.0286803
16.9484,0.0287203
16.9484,0.0287552
16.9495,0.0287858
16.9495,0.0288126
16.9506,0.028836
16.9506,0.0288565
16.9517,0.0287495
16.9517,0.0286558
16.9529,0.0285738
16.9529,0.0285021
16.9541,0.0285643
16.9541,0.0286188
16.9552,0.0286664
16.9552,0.0287081
16.9564,0.0287446
16.9564,0.0287765
16.9575,0.0288045
16.9575,0.0288289
16.9586,0.0288503
16.9586,0.028869
16.9597,0.0287604
16.9597,0.0286653
16.961,0.0285822
16.961,0.0285094
16.9621,0.0285707
16.9621,0.0286244
16.9632,0.0286713
16.9632,0.0287124
16.9644,0.0287484
16.9644,0.0287798
16.9656,0.0288073
16.9656,0.0288314
16.9666,0.0288525
16.9666,0.0288709
16.9679,0.0287621
16.9679,0.0286668
16.969,0.0285835
16.969,0.0285105
16.9701,0.0285717
16.9701,0.0286252
16.9712,0.0286721
16.9712,0.0287131
16.9724,0.0287489
16.9724,0.0287803
16.9735,0.0288078
16.9735,0.0288318
16.9746,0.0287278
16.9746,0.0286369
16.9759,0.0285572
16.9759,0.0284876
16.977,0.0284266
16.977,0.0283733
16.9781,0.0284516
16.9781,0.0285202
16.9792,0.0285802
16.9792,0.0286326
16.9804,0.0286786
16.9804,0.0287187
16.9815,0.0287539
16.9815,0.0287847
16.9827,0.0286866
16.9827,0.0286008
16.9839,0.0285257
16.9839,0.02846
16.985,0.0284025
16.985,0.0283521
16.9861,0.0284331
16.9861,0.028504
16.9872,0.028566
16.9872,0.0286202
16.9884,0.0286677
16.9884,0.0287092
16.9895,0.0287456
16.9895,0.0287774
16.9907,0.0286802
16.9907,0.0285952
16.9919,0.0285208
16.9919,0.0284557
16.993,0.0283987
16.993,0.0283489
16.9941,0.0284303
16.9941,0.0285015
16.9952,0.0285638
16.9952,0.0286183
16.9964,0.028666
16.9964,0.0287078
16.9976,0.0287443
16.9976,0.0287763
16.9987,0.0286792
16.9987,0.0285943
16.9999,0.02852
16.9999,0.028455
17.001,0.0283982
17.001,0.0283484
17.0021,0.0284298
17.0021,0.0285011
17.0032,0.0285635
17.0032,0.028618
17.0044,0.0286658
17.0044,0.0287076
17.0056,0.0287441
17.0056,0.0287761
17.0067,0.0286791
17.0067,0.0285942
17.0079,0.0285199
17.0079,0.0284549
17.009,0.0283981
17.009,0.0283483
17.0101,0.0284298
17.0101,0.028501
17.0112,0.0285634
17.0112,0.028618
17.0125,0.0286657
17.0125,0.0287075
17.0136,0.0287441
17.0136,0.0287761
17.0147,0.0286791
17.0147,0.0285942
17.0159,0.0285199
17.0159,0.0284549
17.017,0.0283981
17.017,0.0283483
17.0181,0.0284298
17.0181,0.028501
17.0192,0.0285634
17.0192,0.028618
17.0205,0.0287907
17.0205,0.0288169
17.0216,0.0289648
17.0216,0.0289692
17.0227,0.029098
17.0227,0.0289608
17.0239,0.0289657
17.0239,0.028845
17.025,0.0288643
17.025,0.0287563
17.0261,0.0289118
17.0261,0.0289228
17.0274,0.0290574
17.0274,0.0290503
17.0285,0.029169
17.0285,0.0291479
17.0296,0.0292544
17.0296,0.0292226
17.0307,0.0293198
17.0307,0.0291548
17.0319,0.0291354
17.0319,0.0289935
17.033,0.0289943
17.033,0.02887
17.0341,0.0290113
17.0341,0.0290099
17.0354,0.0291336
17.0354,0.0291169
17.0365,0.0292273
17.0365,0.0291989
17.0376,0.029299
17.0376,0.0292617
17.0387,0.0293539
17.0387,0.0291847
17.0399,0.0291616
17.0399,0.0290164
17.041,0.0290144
17.041,0.0288876
17.0422,0.0290266
17.0422,0.0290233
17.0434,0.0291454
17.0434,0.0291272
17.0445,0.0292363
17.0445,0.0292068
17.0456,0.0293059
17.0456,0.0292677
17.0467,0.0293592
17.0467,0.0291893
17.0479,0.0291657
17.0479,0.0290199
17.0491,0.0291425
17.0491,0.0291246
17.0502,0.0292341
17.0502,0.0292048
17.0514,0.0293042
17.0514,0.0292662
17.0525,0.0293579
17.0525,0.0293132
17.0536,0.029399
17.0536,0.0293491
17.0547,0.0294305
17.0547,0.0292517
17.0559,0.0292202
17.0559,0.0290677
17.0571,0.0291842
17.0571,0.0291612
17.0582,0.0292661
17.0582,0.0292328
17.0594,0.0293287
17.0594,0.0292876
17.0605,0.0293767
17.0605,0.0293296
17.0616,0.0294134
17.0616,0.0293617
17.0627,0.0294415
17.0627,0.0292613
17.064,0.0292286
17.064,0.0290751
17.0651,0.0291907
17.0651,0.0291668
17.0662,0.029271
17.0662,0.0292371
17.0674,0.0293325
17.0674,0.0292909
17.0685,0.0293795
17.0685,0.0293321
17.0696,0.0294156
17.0696,0.0293636
17.0707,0.0294432
17.0707,0.0292628
17.072,0.0292299
17.072,0.0290762
17.0731,0.0291917
17.0731,0.0291677
17.0742,0.0292717
17.0742,0.0292378
17.0754,0.0293331
17.0754,0.0292914
17.0765,0.02938
17.0765,0.0293325
17.0776,0.0294159
17.0776,0.0292389
17.0789,0.0292091
17.0789,0.0290579
17.08,0.0290507
17.08,0.0289194
17.0811,0.0290544
17.0811,0.0290476
17.0822,0.0291667
17.0822,0.0291458
17.0834,0.0292526
17.0834,0.029221
17.0845,0.0293184
17.0845,0.0292786
17.0856,0.0293688
17.0856,0.0291977
17.0869,0.029173
17.0869,0.0290263
17.088,0.0290231
17.088,0.0288952
17.0891,0.0290333
17.0891,0.0290291
17.0902,0.0291505
17.0902,0.0291317
17.0914,0.0292402
17.0914,0.0292102
17.0925,0.0293089
17.0925,0.0292703
17.0937,0.0293615
17.0937,0.0291913
17.095,0.0291674
17.095,0.0290215
17.096,0.0290188
17.096,0.0288914
17.0971,0.02903
17.0971,0.0290263
17.0982,0.029148
17.0982,0.0291295
17.0994,0.0292383
17.0994,0.0292085
17.1005,0.0293074
17.1005,0.029269
17.1017,0.0293604
17.1017,0.0291903
17.1029,0.0291665
17.1029,0.0290207
17.104,0.0290181
17.104,0.0288909
17.1051,0.0290295
17.1051,0.0290258
17.1062,0.0291476
17.1062,0.0291291
17.1074,0.029238
17.1074,0.0292083
17.1086,0.0293072
17.1086,0.0292688
17.1097,0.0293602
17.1097,0.0291902
17.1109,0.0291664
17.1109,0.0290206
17.112,0.029018
17.112,0.0288908
17.1131,0.0290294
17.1131,0.0290258
17.1142,0.0291475
17.1142,0.0291291
17.1156,0.029238
17.1156,0.0292082
17.1166,0.0293072
17.1166,0.0292688
17.1177,0.0293602
17.1177,0.0291902
17.1189,0.0291664
17.1189,0.0290206
17.12,0.029018
17.12,0.0288908
17.1211,0.0290294
17.1211,0.0290257
17.1222,0.0291475
17.1222,0.0291291
17.1235,0.0292379
17.1235,0.0292082
17.1246,0.0293072
17.1246,0.0292688
17.1257,0.0293602
17.1257,0.0291902
17.1269,0.0291664
17.1269,0.0290206
17.128,0.029018
17.128,0.0288908
17.1291,0.0290294
17.1291,0.0291507
17.1304,0.0292569
17.1304,0.0293498
17.1315,0.0294311
17.1315,0.0295022
17.1326,0.0295644
17.1326,0.0296189
17.1337,0.0296665
17.1337,0.0297082
17.135,0.0296197
17.135,0.0295422
17.136,0.0294744
17.136,0.0294151
17.1371,0.0294882
17.1371,0.0295522
17.1384,0.0296082
17.1384,0.0296572
17.1395,0.0297
17.1395,0.0297375
17.1406,0.0297703
17.1406,0.029799
17.1417,0.0298241
17.1417,0.0298461
17.1429,0.0297404
17.1429,0.0296478
17.144,0.0295668
17.144,0.029496
17.1452,0.029559
17.1452,0.0296141
17.1464,0.0296623
17.1464,0.0297046
17.1475,0.0297415
17.1475,0.0297738
17.1486,0.0298021
17.1486,0.0298268
17.1497,0.0298485
17.1497,0.0298674
17.1509,0.029759
17.1509,0.0296641
17.152,0.0295811
17.152,0.0295085
17.1532,0.0295699
17.1532,0.0296237
17.1544,0.0296707
17.1544,0.0297119
17.1556,0.0297479
17.1556,0.0297794
17.1566,0.029807
17.1566,0.0298311
17.1577,0.0298522
17.1577,0.0298707
17.1589,0.0297618
17.1589,0.0296666
17.1601,0.0297083
17.1601,0.0297448
17.1612,0.0297767
17.1612,0.0298046
17.1624,0.029829
17.1624,0.0298504
17.1635,0.0298691
17.1635,0.0298854
17.1646,0.0298998
17.1646,0.0299123
17.1657,0.0299233
17.1657,0.0299328
17.1669,0.0298162
17.1669,0.0297142
17.1681,0.0297499
17.1681,0.0297812
17.1692,0.0298085
17.1692,0.0298325
17.1704,0.0298534
17.1704,0.0298717
17.1715,0.0298878
17.1715,0.0299018
17.1726,0.0299141
17.1726,0.0299248
17.1737,0.0299342
17.1737,0.0299424
17.175,0.0298246
17.175,0.0297215
17.1761,0.0297564
17.1761,0.0297868
17.1772,0.0298135
17.1772,0.0298368
17.1784,0.0298572
17.1784,0.029875
17.1795,0.0298907
17.1795,0.0299043
17.1806,0.0299163
17.1806,0.0299267
17.1817,0.0299359
17.1817,0.0299439
17.183,0.0298259
17.183,0.0297227
17.1841,0.0297573
17.1841,0.0297877
17.1852,0.0298142
17.1852,0.0298374
17.1864,0.0298578
17.1864,0.0298755
17.1875,0.0298911
17.1875,0.0299047
17.1886,0.0299166
17.1886,0.029927
17.1899,0.0298112
17.1899,0.0297098
17.191,0.029621
17.191,0.0295434
17.1921,0.0296005
17.1921,0.0296504
17.1932,0.0296941
17.1932,0.0297324
17.1944,0.0297658
17.1944,0.0297951
17.1956,0.0298207
17.1956,0.0298431
17.1967,0.0298627
17.1967,0.0298799
17.1979,0.0297699
17.1979,0.0296737
17.199,0.0295894
17.199,0.0295158
17.2001,0.0295763
17.2001,0.0296293
17.2012,0.0296756
17.2012,0.0297162
17.2024,0.0297516
17.2024,0.0297827
17.2035,0.0298098
17.2035,0.0298336
17.2047,0.0298544
17.2047,0.0298726
17.2059,0.0297635
17.2059,0.0296681
17.207,0.0295846
17.207,0.0295115
17.2081,0.0295726
17.2081,0.029626
17.2092,0.0296727
17.2092,0.0297137
17.2104,0.0297494
17.2104,0.0297808
17.2116,0.0298082
17.2116,0.0298321
17.2127,0.0298531
17.2127,0.0298715
17.2139,0.0297625
17.2139,0.0296672
17.215,0.0295838
17.215,0.0295108
17.2161,0.029572
17.2161,0.0296255
17.2172,0.0296723
17.2172,0.0297133
17.2184,0.0297491
17.2184,0.0297805
17.2196,0.0298079
17.2196,0.0298319
17.2207,0.0298529
17.2207,0.0298713
17.2219,0.0297624
17.2219,0.0296671
17.223,0.0295837
17.223,0.0295107
17.2241,0.0295719
17.2241,0.0296254
17.2252,0.0296722
17.2252,0.0297132
17.2265,0.0297491
17.2265,0.0297804
17.2276,0.0298079
17.2276,0.0298319
17.2287,0.0298529
17.2287,0.0298713
17.2299,0.0297624
17.2299,0.0296671
17.231,0.0295837
17.231,0.0295107
17.2321,0.0295719
17.2321,0.0296254
17.2332,0.0296722
17.2332,0.0297132
17.2345,0.029749
17.2345,0.0297804
17.2356,0.0298079
17.2356,0.0298319
17.2367,0.0298529
17.2367,0.0298713
17.2379,0.0297624
17.2379,0.0296671
17.239,0.0295837
17.239,0.0295107
17.2401,0.0295719
17.2401,0.0296254
17.2414,0.0297972
17.2414,0.0298226
17.2425,0.0299697
17.2425,0.0299735
17.2436,0.0301018
17.2436,0.0300891
17.2447,0.030203
17.2447,0.0301776
17.2459,0.0302804
17.2459,0.0301203
17.247,0.0301053
17.247,0.0299671
17.2481,0.0300962
17.2481,0.0300842
17.2494,0.0301987
17.2494,0.0301739
17.2505,0.0302771
17.2505,0.0302425
17.2516,0.0303372
17.2516,0.030295
17.2527,0.0303831
17.2527,0.0303353
17.2539,0.0304183
17.2539,0.0302411
17.255,0.0302109
17.255,0.0300596
17.2562,0.0301771
17.2562,0.030155
17.2574,0.0302606
17.2574,0.030228
17.2585,0.0303245
17.2585,0.030284
17.2596,0.0303735
17.2596,0.0303268
17.2607,0.0304109
17.2607,0.0303596
17.2619,0.0304396
17.2619,0.0302597
17.2631,0.0303522
17.2631,0.0303082
17.2642,0.0303947
17.2642,0.0303453
17.2654,0.0304272
17.2654,0.0303738
17.2665,0.030452
17.2665,0.0303955
17.2676,0.0304711
17.2676,0.0304122
17.2687,0.0304857
17.2687,0.030425
17.2699,0.0304968
17.2699,0.0303097
17.2711,0.030396
17.2711,0.0303465
17.2722,0.0304282
17.2722,0.0303747
17.2734,0.0304528
17.2734,0.0303962
17.2745,0.0304717
17.2745,0.0304127
17.2756,0.0304862
17.2756,0.0304254
17.2767,0.0304972
17.2767,0.0304351
17.278,0.0305057
17.278,0.0303175
17.2791,0.0304028
17.2791,0.0303524
17.2802,0.0304334
17.2802,0.0303792
17.2814,0.0304568
17.2814,0.0303997
17.2825,0.0304747
17.2825,0.0304154
17.2836,0.0304885
17.2836,0.0304274
17.2847,0.030499
17.2847,0.0304366
17.286,0.030507
17.286,0.0303187
17.2871,0.0304038
17.2871,0.0303533
17.2882,0.0304342
17.2882,0.0303799
17.2894,0.0304574
17.2894,0.0304002
17.2905,0.0304752
17.2905,0.0304158
17.2916,0.0304888
17.2916,0.0304277
17.2929,0.0304993
17.2929,0.0303119
17.294,0.0302729
17.294,0.0301138
17.2951,0.0302245
17.2951,0.0301965
17.2962,0.0302969
17.2962,0.0302598
17.2974,0.0303523
17.2974,0.0303083
17.2985,0.0303947
17.2985,0.0303454
17.2996,0.0304272
17.2996,0.0303738
17.3009,0.0304521
17.3009,0.0302706
17.302,0.0302368
17.302,0.0300822
17.3031,0.0301969
17.3031,0.0301723
17.3042,0.0302757
17.3042,0.0302413
17.3054,0.0303361
17.3054,0.0302941
17.3065,0.0303823
17.3065,0.0303345
17.3077,0.0304177
17.3077,0.0303655
17.3089,0.0304448
17.3089,0.0302642
17.31,0.0302312
17.31,0.0300773
17.3111,0.0301926
17.3111,0.0301685
17.3122,0.0302725
17.3122,0.0302384
17.3134,0.0303336
17.3134,0.0302919
17.3145,0.0303804
17.3145,0.0303329
17.3157,0.0304163
17.3157,0.0303642
17.3169,0.0304437
17.3169,0.0302632
17.318,0.0302303
17.318,0.0300765
17.3191,0.030192
17.3191,0.030168
17.3202,0.030272
17.3202,0.030238
17.3214,0.0303332
17.3214,0.0302916
17.3226,0.0303801
17.3226,0.0303326
17.3237,0.030416
17.3237,0.030364
17.325,0.0304435
17.325,0.0302631
17.326,0.0302302
17.326,0.0300764
17.3271,0.0301919
17.3271,0.0301679
17.3282,0.0302719
17.3282,0.0302379
17.3294,0.0303332
17.3294,0.0302915
17.3306,0.0303801
17.3306,0.0303326
17.3317,0.030416
17.3317,0.030364
17.3329,0.0304435
17.3329,0.0302631
17.334,0.0302302
17.334,0.0300764
17.3351,0.0301919
17.3351,0.0301679
17.3362,0.0302719
17.3362,0.0302379
17.3375,0.0303332
17.3375,0.0302915
17.3386,0.0303801
17.3386,0.0303326
17.3397,0.030416
17.3397,0.030364
17.3409,0.0304435
17.3409,0.0302631
17.342,0.0302302
17.342,0.0300764
17.3431,0.0301919
17.3431,0.0301679
17.3444,0.0302719
17.3444,0.0302379
17.3456,0.0303332
17.3456,0.0302915
17.3466,0.0303801
17.3466,0.0303326
17.3477,0.030416
17.3477,0.030364
17.3489,0.0304435
17.3489,0.0302631
17.35,0.0302302
17.35,0.0300764
17.3511,0.0301919
17.3511,0.0301679
17.3524,0.0302719
17.3524,0.0302379
17.3535,0.0303332
17.3535,0.0304165
17.3546,0.0304895
17.3546,0.0305533
17.3557,0.0306091
17.3557,0.030658
17.3569,0.0307007
17.3569,0.0307381
17.358,0.0306459
17.358,0.0305651
17.3592,0.0306195
17.3592,0.0306671
17.3604,0.0307087
17.3604,0.0307451
17.3615,0.030777
17.3615,0.0308048
17.3626,0.0308292
17.3626,0.0308506
17.3637,0.0308693
17.3637,0.0308856
17.365,0.0308999
17.365,0.0309124
17.366,0.0307984
17.366,0.0306986
17.3672,0.0307362
17.3672,0.0307692
17.3684,0.0307981
17.3684,0.0308233
17.3695,0.0308454
17.3695,0.0308647
17.3706,0.0308816
17.3706,0.0308964
17.3717,0.0309094
17.3717,0.0309207
17.3729,0.0309306
17.3729,0.0309393
17.3741,0.0309469
17.3741,0.0309535
17.3752,0.0309593
17.3752,0.0309644
17.3764,0.0309689
17.3764,0.0309727
17.3775,0.0309762
17.3775,0.0309791
17.3786,0.0309817
17.3786,0.030984
17.3797,0.030986
17.3797,0.0309878
17.3809,0.0309893
17.3809,0.0309906
17.3821,0.0309918
17.3821,0.0309928
17.3832,0.0309937
17.3832,0.0309945
17.3844,0.0309952
17.3844,0.0309958
17.3856,0.0309963
17.3856,0.0309968
17.3866,0.0309972
17.3866,0.0309975
17.3877,0.0309978
17.3877,0.0309981
17.389,0.0309983
17.389,0.0309986
17.3901,0.0309987
17.3901,0.0309989
17.3912,0.030999
17.3912,0.0309991
17.3924,0.0309993
17.3924,0.0309993
17.3935,0.0309994
17.3935,0.0309995
17.3946,0.0309996
17.3946,0.0309996
17.3957,0.0309997
17.3957,0.0309997
17.397,0.0309997
17.397,0.0309998
17.3981,0.0309998
17.3981,0.0309998
17.3992,0.0309998
17.3992,0.0309999
17.4004,0.0309999
17.4004,0.0309999
17.4015,0.0309999
17.4015,0.0309999
17.4026,0.0309999
17.4026,0.0309999
17.4039,0.0309999
17.4039,0.031
17.405,0.030875
17.405,0.0307656
17.4061,0.0307949
17.4061,0.0308205
17.4072,0.030843
17.4072,0.0308626
17.4084,0.0308798
17.4084,0.0308948
17.4095,0.0309079
17.4095,0.0309195
17.4107,0.0309295
17.4107,0.0309383
17.4119,0.030946
17.4119,0.0309528
17.413,0.0308337
17.413,0.0307295
17.4141,0.0307633
17.4141,0.0307929
17.4152,0.0308188
17.4152,0.0308414
17.4164,0.0308612
17.4164,0.0308786
17.4175,0.0308938
17.4175,0.030907
17.4187,0.0309187
17.4187,0.0309288
17.4199,0.0309377
17.4199,0.0309455
17.421,0.0308273
17.421,0.0307239
17.4221,0.0307584
17.4221,0.0307886
17.4232,0.030815
17.4232,0.0308382
17.4244,0.0308584
17.4244,0.0308761
17.4256,0.0308916
17.4256,0.0309051
17.4267,0.030917
17.4267,0.0309274
17.4279,0.0309364
17.4279,0.0309444
17.429,0.0308263
17.429,0.030723
17.4301,0.0307577
17.4301,0.030788
17.4312,0.0308145
17.4312,0.0308377
17.4324,0.0308579
17.4324,0.0308757
17.4336,0.0308912
17.4336,0.0309048
17.4347,0.0309167
17.4347,0.0309271
17.4359,0.0309362
17.4359,0.0309442
17.437,0.0308262
17.437,0.0307229
17.4381,0.0307575
17.4381,0.0307879
17.4392,0.0308144
17.4392,0.0308376
17.4405,0.0308579
17.4405,0.0308756
17.4416,0.0308912
17.4416,0.0309048
17.4427,0.0309167
17.4427,0.0309271
17.4439,0.0309362
17.4439,0.0309442
17.445,0.0308262
17.445,0.0307229
17.4461,0.0307575
17.4461,0.0307878
17.4472,0.0308144
17.4472,0.0308376
17.4485,0.0308579
17.4485,0.0308756
17.4496,0.0308912
17.4496,0.0309048
17.4507,0.0309167
17.4507,0.0309271
17.4519,0.0309362
17.4519,0.0309442
17.453,0.0308262
17.453,0.0307229
17.4541,0.0307575
17.4541,0.0307878
17.4554,0.0308144
17.4554,0.0308376
17.4565,0.0308579
17.4565,0.0308756
17.4576,0.0308912
17.4576,0.0309048
17.4587,0.0309167
17.4587,0.0309271
17.4599,0.0309362
17.4599,0.0309442
17.461,0.0308262
17.461,0.0307229
17.4621,0.0307575
17.4621,0.0307878
17.4634,0.0308144
17.4634,0.0308376
17.4645,0.0308579
17.4645,0.0308756
17.4656,0.0308912
17.4656,0.0309048
17.4674,0.0310417
17.4674,0.0311615
17.4679,0.0311413
17.4679,0.0311236
17.469,0.0309832
17.469,0.0308603
17.4702,0.0310027
17.4702,0.0310024
17.4714,0.0311271
17.4714,0.0311112
17.4725,0.0312223
17.4725,0.0311945
17.4742,0.0314202
17.4742,0.0314927
17.4754,0.0316811
17.4754,0.031721
17.4759,0.0317558
17.4759,0.0316614
17.477,0.0317037
17.477,0.0314907
17.4782,0.0315544
17.4782,0.0314851
17.4794,0.0315494
17.4794,0.0314808
17.4805,0.0315457
17.4805,0.0314775
17.4822,0.0316678
17.4822,0.0317093
17.4827,0.0317456
17.4827,0.0316524
17.4839,0.0316959
17.4839,0.0316089
17.4851,0.0317828
17.4851,0.0316849
17.4862,0.0317243
17.4862,0.0316338
17.4874,0.0316796
17.4874,0.0315946
17.4891,0.0317703
17.4891,0.031799
17.4896,0.0318241
17.4896,0.0317211
17.4907,0.031756
17.4907,0.0316615
17.492,0.0317038
17.492,0.0316158
17.4931,0.0317888
17.4931,0.0316902
17.4942,0.031729
17.4942,0.0316378
17.496,0.0316831
17.496,0.0315977
17.4965,0.031648
17.4965,0.031567
17.4976,0.0316211
17.4976,0.0314185
17.4987,0.0313662
17.4987,0.0313204
17.5,0.0314053
17.5,0.0313547
17.5011,0.0315603
17.5011,0.0314903
17.5022,0.031554
17.5022,0.0314848
17.5034,0.0315492
17.5034,0.0314805
17.5045,0.0315455
17.5045,0.0313523
17.5056,0.0313082
17.5056,0.0311447
17.5069,0.0311266
17.5069,0.0311108
17.508,0.0312219
17.508,0.0311942
17.5091,0.0314199
17.5091,0.0313674
17.5102,0.0314465
17.5102,0.0313907
17.5114,0.0314669
17.5114,0.0314085
17.5125,0.0314824
17.5125,0.0312971
17.5136,0.03126
17.5136,0.0312275
17.515,0.0313241
17.515,0.0312835
17.516,0.0313731
17.516,0.0312015
17.5171,0.0313013
17.5171,0.0312636
17.5182,0.0313557
17.5182,0.0313112
17.5194,0.0313973
17.5194,0.0312226
17.5205,0.0311948
17.5205,0.0311705
17.5217,0.0312742
17.5217,0.0312399
17.5229,0.0313349
17.5229,0.031293
17.524,0.0313814
17.524,0.0312087
17.5251,0.0313076
17.5251,0.0312692
17.5262,0.0313605
17.5262,0.0313155
17.5274,0.031401
17.5274,0.0313509
17.5285,0.031432
17.5285,0.031378
17.5297,0.0314558
17.5297,0.0313988
17.5309,0.031474
17.5309,0.0314147
17.532,0.0314879
17.532,0.0313019
17.5331,0.0313892
17.5331,0.0313405
17.5342,0.0314229
17.5342,0.0313701
17.5354,0.0314488
17.5354,0.0313927
17.5366,0.0314686
17.5366,0.03141
17.5377,0.0314838
17.5377,0.0314233
17.5389,0.0314954
17.5389,0.0314335
17.54,0.0315043
17.54,0.0313163
17.5411,0.0314017
17.5411,0.0313515
17.5422,0.0314326
17.5422,0.0313785
17.5434,0.0314562
17.5434,0.0313992
17.5446,0.0314743
17.5446,0.031415
17.5457,0.0314881
17.5457,0.0314271
17.5469,0.0314987
17.5469,0.0314364
17.548,0.0315068
17.548,0.0313185
17.5491,0.0314037
17.5491,0.0313532
17.5502,0.0314341
17.5502,0.0313798
17.5515,0.0314573
17.5515,0.0314002
17.5532,0.0316001
17.5532,0.0316501
17.5537,0.0316939
17.5537,0.0316071
17.555,0.0316562
17.555,0.0315742
17.556,0.0316274
17.556,0.031424
17.5571,0.031496
17.5571,0.031434
17.5584,0.0315047
17.5584,0.0314417
17.5595,0.0315114
17.5595,0.0314475
17.5606,0.0315166
17.5606,0.031452
17.5617,0.0315205
17.5617,0.0314554
17.5629,0.0315235
17.5629,0.0314581
17.564,0.0315258
17.564,0.0313351
17.5651,0.0314182
17.5651,0.0313659
17.5664,0.0314452
17.5664,0.0313895
17.5675,0.0314658
17.5675,0.0314076
17.5692,0.0316067
17.5692,0.0316558
17.5697,0.0316988
17.5697,0.0316115
17.5709,0.0316601
17.5709,0.0315775
17.572,0.0316304
17.572,0.0314266
17.5732,0.0314982
17.5732,0.031436
17.5744,0.0315065
17.5744,0.0314432
17.5756,0.0315128
17.5756,0.0314487
17.5766,0.0315176
17.5766,0.0314529
17.5777,0.0315213
17.5777,0.0314561
17.5789,0.0315241
17.5789,0.0314586
17.58,0.0315263
17.58,0.0313355
17.5812,0.0314185
17.5812,0.0313662
17.5824,0.0314454
17.5824,0.0313898
17.5835,0.031466
17.5835,0.0312828
17.5846,0.0312474
17.5846,0.0312165
17.5857,0.0313144
17.5857,0.0312751
17.5869,0.0313657
17.5869,0.031445
17.5881,0.0316394
17.5881,0.0318095
17.5892,0.0318333
17.5892,0.0318541
17.5904,0.0318724
17.5904,0.0318883
17.5915,0.0319023
17.5915,0.0319145
17.5926,0.0319252
17.5926,0.0319345
17.5937,0.0319427
17.5937,0.0319499
17.595,0.0319561
17.595,0.0319616
17.5961,0.0320914
17.5961,0.032205
17.5972,0.0321794
17.5972,0.0321569
17.5984,0.0321373
17.5984,0.0321202
17.5995,0.0321051
17.5995,0.032092
17.6006,0.0319555
17.6006,0.0318361
17.6017,0.0318566
17.6017,0.0318745
17.603,0.0318902
17.603,0.0319039
17.6041,0.0320409
17.6041,0.0321608
17.6052,0.0321407
17.6052,0.0321231
17.6064,0.0321077
17.6064,0.0320943
17.6075,0.0320825
17.6075,0.0320722
17.6086,0.0320631
17.6086,0.0320552
17.6097,0.0320483
17.6097,0.0320423
17.611,0.032037
17.611,0.0320324
17.6121,0.0321533
17.6121,0.0322592
17.6132,0.0322268
17.6132,0.0321984
17.6144,0.0321736
17.6144,0.0321519
17.6156,0.0321329
17.6156,0.0321163
17.6166,0.0321018
17.6166,0.0320891
17.6179,0.0320779
17.6179,0.0320682
17.619,0.0320597
17.619,0.0320522
17.6201,0.0320457
17.6201,0.03204
17.6212,0.032035
17.6212,0.0320306
17.6224,0.0320268
17.6224,0.0320234
17.6235,0.0320205
17.6235,0.0320179
17.6246,0.0320157
17.6246,0.0320137
17.6259,0.032012
17.6259,0.0320105
17.627,0.0320092
17.627,0.032008
17.6281,0.032007
17.6281,0.0320062
17.6292,0.0320054
17.6292,0.0320047
17.6304,0.0320041
17.6304,0.0320036
17.6315,0.0320032
17.6315,0.0320028
17.6327,0.0320024
17.6327,0.0320021
17.6339,0.0320018
17.6339,0.0320016
17.635,0.0320014
17.635,0.0320012
17.6361,0.0320011
17.6361,0.0320009
17.6372,0.0320008
17.6372,0.0320007
17.6384,0.0320006
17.6384,0.0320006
17.6396,0.0320005
17.6396,0.0320004
17.6407,0.0320004
17.6407,0.0320003
17.6419,0.0320003
17.6419,0.0320002
17.643,0.0320002
17.643,0.0320002
17.6441,0.0320002
17.6441,0.0320001
17.6452,0.0320001
17.6452,0.0320001
17.6464,0.0320001
17.6464,0.0320001
17.6476,0.0320001
17.6476,0.0320001
17.6487,0.0320001
17.6487,0.032
17.6499,0.032
17.6499,0.032
17.651,0.032
17.651,0.032
17.6521,0.032
17.6521,0.032
17.6532,0.032
17.6532,0.032
17.6545,0.032
17.6545,0.032
17.6562,0.032125
17.6562,0.0322344
17.6574,0.0323301
17.6574,0.0324138
17.6579,0.0323621
17.6579,0.0323168
17.659,0.0322772
17.659,0.0322426
17.6601,0.0322123
17.6601,0.0321857
17.6612,0.0321625
17.6612,0.0321422
17.6625,0.0321244
17.6625,0.0321089
17.6636,0.0320953
17.6636,0.0320833
17.6647,0.0320729
17.6647,0.0320638
17.6659,0.0320558
17.6659,0.0320489
17.667,0.0320427
17.667,0.0320374
17.6681,0.0320327
17.6681,0.0320286
17.6694,0.0320251
17.6694,0.0320219
17.6705,0.0320192
17.6705,0.0320168
17.6716,0.0320147
17.6716,0.0320129
17.6727,0.0320112
17.6727,0.0320098
17.6739,0.0320086
17.6739,0.0320075
17.675,0.0320066
17.675,0.0320058
17.6761,0.032005
17.6761,0.0320044
17.6774,0.0320039
17.6774,0.0320034
17.6785,0.032003
17.6785,0.0320026
17.6796,0.0320023
17.6796,0.032002
17.6807,0.0320017
17.6807,0.0320015
17.6819,0.0320013
17.6819,0.0320012
17.683,0.032001
17.683,0.0320009
17.6842,0.0320008
17.6842,0.0320007
17.6854,0.0320006
17.6854,0.0320005
17.6865,0.0320005
17.6865,0.0320004
17.6876,0.0318753
17.6876,0.0317659
17.6887,0.0316702
17.6887,0.0315864
17.6899,0.0316381
17.6899,0.0316833
17.691,0.0317229
17.691,0.0317576
17.6922,0.0317879
17.6922,0.0318144
17.6934,0.0318376
17.6934,0.0318579
17.6945,0.0318756
17.6945,0.0318912
17.6956,0.0319048
17.6956,0.0319167
17.6967,0.0319271
17.6967,0.0319362
17.6979,0.0319442
17.6979,0.0319512
17.6991,0.0320823
17.6991,0.032197
17.7002,0.0321724
17.7002,0.0321508
17.7014,0.032132
17.7014,0.0321155
17.7025,0.032101
17.7025,0.0320884
17.7036,0.0320774
17.7036,0.0320677
17.7047,0.0320592
17.7047,0.0320518
17.706,0.0320453
17.706,0.0320397
17.7071,0.0321597
17.7071,0.0322647
17.7082,0.0324817
17.7082,0.0324214
17.7094,0.0324938
17.7094,0.032432
17.7105,0.032503
17.7105,0.0324402
17.7116,0.0325101
17.7116,0.0324464
17.7127,0.0325156
17.7127,0.0324511
17.714,0.0325197
17.714,0.0324548
17.7151,0.0326479
17.7151,0.0326919
17.7162,0.0328554
17.7162,0.0327485
17.7174,0.0327799
17.7174,0.0326825
17.7185,0.0327221
17.7185,0.0326319
17.7196,0.0326779
17.7196,0.0325932
17.7209,0.032644
17.7209,0.0325635
17.722,0.0326181
17.722,0.0325408
17.7231,0.0327232
17.7231,0.0327578
17.7242,0.0329131
17.7242,0.0327989
17.7254,0.0328241
17.7254,0.0327211
17.7265,0.0327559
17.7265,0.0326614
17.7276,0.0327038
17.7276,0.0326158
17.7289,0.0326638
17.7289,0.0325808
17.73,0.0326332
17.73,0.0325541
17.7311,0.0327348
17.7311,0.032643
17.7322,0.0326876
17.7322,0.0326016
17.7334,0.0326514
17.7334,0.03257
17.7345,0.0326238
17.7345,0.0325458
17.7357,0.0326026
17.7357,0.0325272
17.7369,0.0325863
17.7369,0.032513
17.738,0.0325739
17.738,0.0325022
17.7391,0.0326894
17.7391,0.0326032
17.7402,0.0326528
17.7402,0.0325712
17.7414,0.0326248
17.7414,0.0325467
17.7425,0.0326034
17.7425,0.032528
17.7437,0.032587
17.7437,0.0325136
17.745,0.0325744
17.745,0.0325026
17.746,0.0325648
17.746,0.0324942
17.7471,0.0326824
17.7471,0.0325971
17.7482,0.0326475
17.7482,0.0325665
17.7494,0.0326207
17.7494,0.0325431
17.7506,0.0326002
17.7506,0.0325252
17.7524,0.0327095
17.7524,0.0327459
17.7529,0.0327776
17.7529,0.0326804
17.754,0.0327204
17.754,0.0326303
17.7551,0.0328015
17.7551,0.0327013
17.7562,0.0327387
17.7562,0.0326463
17.7574,0.0326905
17.7574,0.0326042
17.7586,0.0326537
17.7586,0.032572
17.7597,0.0326255
17.7597,0.0325473
17.7609,0.0326039
17.7609,0.0325284
17.762,0.0325874
17.762,0.0325139
17.7637,0.0326997
17.7637,0.0326122
17.7642,0.0326607
17.7642,0.0325781
17.7656,0.0326308
17.7656,0.032552
17.7666,0.032608
17.7666,0.032532
17.7677,0.0325905
17.7677,0.0325167
17.7689,0.0325771
17.7689,0.032505
17.77,0.0325668
17.77,0.032496
17.7711,0.032684
17.7711,0.0325985
17.7724,0.0326487
17.7724,0.0325676
17.7735,0.0326216
17.7735,0.0325439
17.7746,0.0326009
17.7746,0.0325258
17.7757,0.0325851
17.7757,0.032512
17.7769,0.032573
17.7769,0.0325013
17.778,0.0325637
17.778,0.0324932
17.7791,0.0326816
17.7791,0.0325964
17.7804,0.0326468
17.7804,0.032566
17.7815,0.0326202
17.7815,0.0325427
17.7826,0.0325999
17.7826,0.0325249
17.7837,0.0325843
17.7837,0.0323862
17.785,0.032338
17.785,0.0322957
17.786,0.0323837
17.786,0.0323358
17.7872,0.0325438
17.7872,0.0324758
17.7884,0.0325413
17.7884,0.0324737
17.7895,0.0325395
17.7895,0.032472
17.7906,0.032538
17.7906,0.0324708
17.7917,0.0325369
17.7917,0.0324698
17.7929,0.0325361
17.7929,0.0324691
17.794,0.0325354
17.794,0.0324685
17.7952,0.0326599
17.7952,0.0325775
17.7964,0.0326303
17.7964,0.0325515
17.7975,0.0326075
17.7975,0.0325316
17.7986,0.0325902
17.7986,0.0325164
17.7997,0.0325768
17.7997,0.0325047
17.8009,0.0325666
17.8009,0.0324958
17.8021,0.0326838
17.8021,0.0327234
17.8032,0.0328829
17.8032,0.0327726
17.8044,0.032801
17.8044,0.0327009
17.8056,0.0327383
17.8056,0.032646
17.8066,0.0326902
17.8066,0.032604
17.8077,0.0326535
17.8077,0.0325718
17.8095,0.0327503
17.8095,0.0327815
17.8101,0.0329338
17.8101,0.0329421
17.8112,0.0330743
17.8112,0.03294
17.813,0.0329475
17.813,0.0328291
17.8135,0.0328505
17.8135,0.0327441
17.8146,0.0327761
17.8146,0.0326791
17.8157,0.0327192
17.8157,0.0326293
17.817,0.0326757
17.817,0.0325912
17.8181,0.0327673
17.8181,0.0327964
17.8192,0.0329468
17.8192,0.0328285
17.821,0.0328499
17.821,0.0327437
17.8215,0.0327757
17.8215,0.0326788
17.8226,0.0327189
17.8226,0.032629
17.8237,0.0326754
17.8237,0.032591
17.825,0.0326421
17.825,0.0325618
17.8261,0.0327416
17.8261,0.0327739
17.8272,0.0329272
17.8272,0.0328113
17.8284,0.0328349
17.8284,0.0327305
17.8295,0.0327642
17.8295,0.0327937
17.8306,0.0328195
17.8306,0.032842
17.8319,0.0328618
17.8319,0.0328791
17.833,0.0328942
17.833,0.0329074
17.8341,0.033044
17.8341,0.0331635
17.8352,0.033143
17.8352,0.0331252
17.8364,0.0331095
17.8364,0.0330958
17.8375,0.0330838
17.8375,0.0330734
17.8386,0.0330642
17.8386,0.0330562
17.8399,0.0330491
17.8399,0.033043
17.841,0.0330376
17.841,0.0330329
17.8421,0.0330288
17.8421,0.0330252
17.8432,0.0330221
17.8432,0.0330193
17.8444,0.0330169
17.8444,0.0330148
17.8456,0.0330129
17.8456,0.0330113
17.8467,0.0330099
17.8467,0.0330087
17.8479,0.0330076
17.8479,0.0330066
17.849,0.0330058
17.849,0.0330051
17.8501,0.0331294
17.8501,0.0332383
17.8512,0.0332085
17.8512,0.0331824
17.8524,0.0331596
17.8524,0.0331397
17.8536,0.0331222
17.8536,0.0331069
17.8547,0.0330936
17.8547,0.0330819
17.8559,0.0330716
17.8559,0.0330627
17.857,0.0330548
17.857,0.033048
17.8587,0.033167
17.8587,0.0332711
17.8592,0.0332372
17.8592,0.0332076
17.8604,0.0331816
17.8604,0.0331589
17.8616,0.0331391
17.8616,0.0331217
17.8627,0.0331065
17.8627,0.0330932
17.8639,0.0330815
17.8639,0.0330713
17.865,0.0330624
17.865,0.0330546
17.8661,0.0331728
17.8661,0.0332762
17.8672,0.0332417
17.8672,0.0332114
17.8685,0.033185
17.8685,0.0331619
17.8696,0.0331417
17.8696,0.0331239
17.8707,0.0331085
17.8707,0.0330949
17.8719,0.033083
17.8719,0.0330727
17.873,0.0330636
17.873,0.0330556
17.8741,0.0331737
17.8741,0.033277
17.8752,0.0332423
17.8752,0.033212
17.8771,0.0333105
17.8771,0.0333967
17.8776,0.0333471
17.8776,0.0333037
17.8787,0.0332658
17.8787,0.0332326
17.8792,0.0332035
17.8799,0.033178
17.8805,0.0331558
17.881,0.0331363
17.8816,0.0331193
17.8821,0.0332294
17.8827,0.0330757
17.8834,0.0330662
17.8839,0.032933
17.8845,0.0329413
17.885,0.0328237
17.8856,0.0328457
17.8861,0.032865
17.8867,0.0328819
17.8874,0.0328966
17.8879,0.0329096
17.8885,0.0329209
17.889,0.0329308
17.8896,0.0329394
17.8901,0.033072
17.8907,0.032938
17.8914,0.0329457
17.8919,0.0328275
17.8925,0.0328491
17.893,0.0327429
17.8936,0.0327751
17.8942,0.0328032
17.8947,0.0328278
17.8954,0.0328493
17.8959,0.0328682
17.8965,0.0328846
17.897,0.0328991
17.8976,0.0329117
17.8982,0.0330477
17.8987,0.0329167
17.8994,0.0329272
17.8999,0.0328113
17.9011,0.0329599
17.9011,0.0329649
17.9016,0.0329693
17.9022,0.0329731
17.9027,0.0329765
17.9034,0.0329794
17.9039,0.032982
17.9045,0.0329842
17.905,0.0329862
17.9056,0.0329879
17.9062,0.0331144
17.9074,0.0331001
17.9081,0.0332126
17.9081,0.033186
17.9085,0.0331628
17.9091,0.0330174
17.9096,0.0328903
17.9102,0.032904
17.9107,0.032916
17.9114,0.0329265
17.9119,0.0329357
17.9125,0.0329437
17.9131,0.0330757
17.9136,0.0330663
17.9142,0.033183
17.9147,0.0331601
17.9154,0.0331401
17.9159,0.0331226
17.9165,0.0331073
17.9171,0.0332189
17.9176,0.0331915
17.9182,0.0332926
17.9187,0.033256
17.9194,0.033224
17.92,0.033196
17.9205,0.0331715
17.9211,0.0332751
17.9216,0.0332407
17.9222,0.0333356
17.9234,0.0334186
17.9241,0.0334913
17.9241,0.0335549
17.9245,0.0334855
17.9251,0.0335498
17.9256,0.0334811
17.9262,0.033546
17.9267,0.0334777
17.9274,0.033418
17.928,0.0333658
17.9285,0.03332
17.9291,0.033405
17.9296,0.0333544
17.9302,0.0334351
17.9307,0.0333807
17.9314,0.0333331
17.932,0.0332915
17.9325,0.033255
17.9331,0.0333482
17.9336,0.0331796
17.9342,0.0331572
17.9354,0.0332625
17.9354,0.0332297
17.9365,0.033326
17.9365,0.0332853
17.9376,0.0333746
17.9376,0.0333278
17.9389,0.0334118
17.9389,0.0333603
17.94,0.0333153
17.94,0.0331509
17.9417,0.033132
17.9417,0.0331155
17.9422,0.0332261
17.9422,0.0331978
17.9434,0.0332981
17.9434,0.0332608
17.9445,0.0333532
17.9445,0.0333091
17.9462,0.0335204
17.9462,0.0335804
17.9469,0.0335078
17.9469,0.0334444
17.948,0.0333888
17.948,0.0333402
17.9491,0.0334227
17.9491,0.0334948
17.9502,0.033558
17.9502,0.0334882
17.9514,0.0335522
17.9514,0.0334832
17.9525,0.0335478
17.9525,0.0334793
17.9537,0.0335444
17.9537,0.0336013
17.9556,0.0337762
17.9556,0.0338042
17.956,0.0338286
17.956,0.0337251
17.9571,0.0337594
17.9571,0.0336645
17.9582,0.0337064
17.9582,0.0337431
17.9594,0.0337752
17.9594,0.0338033
17.9612,0.0339529
17.9612,0.0340838
17.9617,0.0340733
17.9617,0.0340642
17.9629,0.0340561
17.9629,0.0339241
17.9634,0.0339336
17.964,0.0338169
17.9646,0.0338398
17.9651,0.0338598
17.9657,0.0338773
17.9662,0.0338927
17.9669,0.0337811
17.9674,0.0338085
17.968,0.0337074
17.9686,0.033619
17.9691,0.0336666
17.9697,0.0335833
17.9702,0.0336354
17.9709,0.0335559
17.9714,0.0336114
17.972,0.033535
17.9726,0.0335931
17.9737,0.033644
17.9739,0.0336885
17.9742,0.0336024
17.9756,0.0336521
17.9756,0.0335706
17.9766,0.0336243
17.9766,0.0335462
17.9777,0.033603
17.9777,0.0335276
17.9789,0.0335866
17.9789,0.0333883
17.98,0.0333398
17.98,0.0332973
17.9811,0.0335101
17.9811,0.0335714
17.9822,0.03375
17.9822,0.0336562
17.9835,0.0336992
17.9835,0.0336118
17.9846,0.0336603
17.9846,0.0335778
17.9857,0.0336305
17.9857,0.0335517
17.9869,0.0336078
17.9869,0.0335318
17.988,0.0335903
17.988,0.0333915
17.9891,0.0334676
17.9891,0.0335341
17.9904,0.0337174
17.9904,0.0336277
17.9915,0.0336742
17.9915,0.03359
17.9926,0.0336412
17.9926,0.0335611
17.9937,0.0336159
17.9937,0.0334139
17.995,0.0333622
17.995,0.0333169
17.996,0.0334023
17.996,0.033352
17.9971,0.033558
17.9971,0.0336133
17.9984,0.0337866
17.9984,0.0338133
17.9995,0.0338366
17.9995,0.033857
18.0006,0.0338749
18.0006,0.0338905
18.0017,0.0339042
18.0017,0.0339162
18.0029,0.0339267
18.0029,0.0338108
18.004,0.0338345
18.004,0.0337302
18.0052,0.0338889
18.0052,0.0339028
18.0064,0.0340399
18.0064,0.0340349
18.0075,0.0340306
18.0075,0.0340268
18.0086,0.0340234
18.0086,0.0338955
18.0097,0.0339085
18.0097,0.033795
18.0109,0.0338206
18.0109,0.033718
18.012,0.0337533
18.012,0.0336591
18.0132,0.0338267
18.0132,0.0338484
18.0144,0.0339923
18.0144,0.0338683
18.0156,0.0338848
18.0156,0.0337742
18.0166,0.0338024
18.0166,0.0337021
18.0177,0.0337393
18.0177,0.0336469
18.0189,0.033691
18.0189,0.0336047
18.0201,0.0337791
18.0201,0.0338067
18.0212,0.0339559
18.0212,0.0339614
18.0224,0.0340912
18.0224,0.0339548
18.0235,0.0339605
18.0235,0.0338404
18.0246,0.0338603
18.0246,0.0337528
18.0257,0.0337837
18.0257,0.0336857
18.0269,0.033725
18.0269,0.0336344
18.0281,0.0338051
18.0281,0.0338295
18.0292,0.0339758
18.0292,0.0339788
18.0304,0.0341064
18.0304,0.0339681
18.0315,0.0339721
18.0315,0.0338506
18.0326,0.0338693
18.0326,0.0337606
18.0337,0.0337905
18.0337,0.0336917
18.035,0.0337303
18.035,0.033639
18.0361,0.0338091
18.0361,0.033833
18.0372,0.0339788
18.0372,0.0339815
18.0384,0.0341088
18.0384,0.0339702
18.0395,0.0339739
18.0395,0.0338522
18.0406,0.0338707
18.0406,0.0337618
18.0419,0.0337916
18.0419,0.0336926
18.043,0.0337311
18.043,0.0336397
18.0441,0.0338097
18.0441,0.0338335
18.0452,0.0339793
18.0452,0.0339819
18.0464,0.0341092
18.0464,0.0339705
18.0475,0.0339742
18.0475,0.0338524
18.0486,0.0338709
18.0486,0.033762
18.0499,0.0337918
18.0499,0.0336928
18.051,0.0337312
18.051,0.0336398
18.0521,0.0338098
18.0521,0.0338336
18.0532,0.0339794
18.0532,0.033857
18.0544,0.0338748
18.0544,0.0337655
18.0556,0.0337948
18.0556,0.0336955
18.0567,0.0337335
18.0567,0.0336418
18.0579,0.0336866
18.0579,0.0336008
18.059,0.0336507
18.059,0.0335693
18.0601,0.0337482
18.0601,0.0337797
18.0612,0.0339322
18.0612,0.0338157
18.0624,0.0338387
18.0624,0.0337339
18.0635,0.0337671
18.0635,0.0336712
18.0647,0.0337123
18.0647,0.0336233
18.0659,0.0336704
18.0659,0.0335866
18.067,0.0336383
18.067,0.0335585
18.0681,0.0337387
18.0681,0.0337713
18.0692,0.0339249
18.0692,0.0338093
18.0704,0.0338331
18.0704,0.033729
18.0716,0.0337629
18.0716,0.0336675
18.0727,0.0337091
18.0727,0.0336204
18.0739,0.0336679
18.0739,0.0335844
18.075,0.0336363
18.075,0.0335568
18.0761,0.0337372
18.0761,0.0337701
18.0772,0.0339238
18.0772,0.0338083
18.0784,0.0338323
18.0784,0.0337282
18.0796,0.0337622
18.0796,0.0337919
18.0807,0.0338179
18.0807,0.0338407
18.0819,0.0338606
18.0819,0.033878
18.083,0.0338933
18.083,0.0339066
18.0841,0.0340433
18.0841,0.0341629
18.0852,0.0342675
18.0852,0.0343591
18.0865,0.0343142
18.0865,0.0342749
18.0876,0.0342406
18.0876,0.0342105
18.0887,0.0341842
18.0887,0.0341612
18.0899,0.034141
18.0899,0.0341234
18.091,0.034108
18.091,0.0340945
18.0921,0.0342077
18.0921,0.0343067
18.0932,0.0343934
18.0932,0.0344692
18.0945,0.0344105
18.0945,0.0343592
18.0956,0.0343143
18.0956,0.034275
18.0967,0.0342407
18.0967,0.0342106
18.0979,0.0341842
18.0979,0.0341612
18.099,0.0341411
18.099,0.0341234
18.1001,0.034233
18.1001,0.0343289
18.1014,0.0344128
18.1014,0.0344862
18.1025,0.0344254
18.1025,0.0343722
18.1036,0.0343257
18.1036,0.034285
18.1047,0.0342494
18.1047,0.0342182
18.1059,0.0341909
18.1059,0.0341671
18.107,0.0341462
18.107,0.0341279
18.1082,0.0342369
18.1082,0.0343323
18.1094,0.0344158
18.1094,0.0344888
18.1105,0.0344277
18.1105,0.0343742
18.1116,0.0343274
18.1116,0.0342865
18.1127,0.0342507
18.1127,0.0342194
18.1139,0.0341919
18.1139,0.034168
18.115,0.034147
18.115,0.0341286
18.1162,0.0342375
18.1162,0.0343328
18.1174,0.0344162
18.1174,0.0344892
18.1185,0.034428
18.1185,0.0343745
18.1196,0.0343277
18.1196,0.0342868
18.1207,0.0342509
18.1207,0.0342195
18.1219,0.0341921
18.1219,0.0341681
18.1231,0.0342721
18.1231,0.0343631
18.1242,0.0344427
18.1242,0.0345123
18.1254,0.0345733
18.1254,0.0346266
18.1265,0.0345483
18.1265,0.0344798
18.1276,0.0344198
18.1276,0.0343673
18.1287,0.0343214
18.1287,0.0342812
18.1299,0.0342461
18.1299,0.0342153
18.1311,0.0343134
18.1311,0.0343992
18.1322,0.0344743
18.1322,0.03454
18.1334,0.0345975
18.1334,0.0346478
18.1345,0.0345669
18.1345,0.034496
18.1356,0.034434
18.1356,0.0343797
18.1367,0.0343323
18.1367,0.0342907
18.138,0.0342544
18.138,0.0342226
18.1391,0.0343198
18.1391,0.0344048
18.1402,0.0344792
18.1402,0.0345443
18.1414,0.0346013
18.1414,0.0346511
18.1425,0.0345697
18.1425,0.0344985
18.1436,0.0344362
18.1436,0.0343817
18.1447,0.034334
18.1447,0.0342922
18.146,0.0342557
18.146,0.0342237
18.1471,0.0343208
18.1471,0.0344057
18.1482,0.03448
18.1482,0.034545
18.1494,0.0346018
18.1494,0.0346516
18.1505,0.0345702
18.1505,0.0344989
18.1516,0.0344365
18.1516,0.034382
18.1529,0.0343342
18.1529,0.0342924
18.154,0.0342559
18.154,0.0342239
18.1551,0.0343209
18.1551,0.0344058
18.1562,0.0344801
18.1562,0.0345451
18.1574,0.0344769
18.1574,0.0344173
18.1585,0.0343651
18.1585,0.0343195
18.1596,0.0342796
18.1596,0.0342446
18.1609,0.034214
18.1609,0.0341873
18.162,0.0341639
18.162,0.0341434
18.1631,0.0342505
18.1631,0.0343442
18.1642,0.0344261
18.1642,0.0344979
18.1654,0.0344356
18.1654,0.0343812
18.1665,0.0343335
18.1665,0.0342918
18.1677,0.0342554
18.1677,0.0342234
18.1689,0.0341955
18.1689,0.0341711
18.17,0.0341497
18.17,0.034131
18.1711,0.0342396
18.1711,0.0343347
18.1722,0.0344178
18.1722,0.0344906
18.1734,0.0344293
18.1734,0.0343756
18.1745,0.0343287
18.1745,0.0342876
18.1757,0.0342516
18.1757,0.0342202
18.1769,0.0341927
18.1769,0.0341686
18.178,0.0341475
18.178,0.0341291
18.1791,0.0342379
18.1791,0.0343332
18.1802,0.0344165
18.1802,0.0344895
18.1814,0.0344283
18.1814,0.0343747
18.1826,0.0343279
18.1826,0.0342869
18.1837,0.0342511
18.1837,0.0342197
18.185,0.0341922
18.185,0.0341682
18.186,0.0341472
18.186,0.0341288
18.1871,0.0342377
18.1871,0.034333
18.1882,0.0344163
18.1882,0.0344893
18.1895,0.0344281
18.1895,0.0343746
18.1906,0.0343278
18.1906,0.0342868
18.1917,0.034251
18.1917,0.0342196
18.1929,0.0341921
18.1929,0.0341681
18.194,0.0341471
18.194,0.0341287
18.1951,0.0342376
18.1951,0.0343329
18.1962,0.0344163
18.1962,0.0344893
18.1975,0.0344281
18.1975,0.0343746
18.1986,0.0343278
18.1986,0.0342868
18.1997,0.034251
18.1997,0.0342196
18.2009,0.0341921
18.2009,0.0341681
18.202,0.0341471
18.202,0.0341287
18.2031,0.0342376
18.2031,0.0343329
18.2044,0.0344163
18.2044,0.0344893
18.2056,0.0344281
18.2056,0.0343746
18.2066,0.0343278
18.2066,0.0342868
18.2077,0.0342509
18.2077,0.0342196
18.2089,0.0343171
18.2089,0.0342775
18.21,0.0343678
18.21,0.0343218
18.2117,0.0345316
18.2117,0.0345901
18.2124,0.0347664
18.2124,0.0347956
18.2135,0.0349461
18.2135,0.0348279
18.2146,0.0348494
18.2146,0.0347432
18.2157,0.0347753
18.2157,0.0346784
18.2169,0.0347186
18.2169,0.0346288
18.218,0.0346752
18.218,0.0345908
18.2192,0.0347669
18.2192,0.0347961
18.2204,0.0349466
18.2204,0.0349532
18.2215,0.0350841
18.2215,0.0349486
18.2226,0.034955
18.2226,0.0348356
18.2237,0.0348562
18.2237,0.0347491
18.225,0.0347805
18.225,0.0346829
18.226,0.0347226
18.226,0.0346323
18.2272,0.0348032
18.2272,0.0348278
18.2284,0.0349743
18.2284,0.0349775
18.2295,0.0351054
18.2295,0.0349672
18.2306,0.0349713
18.2306,0.0348499
18.2317,0.0348686
18.2317,0.0347601
18.2329,0.0347901
18.2329,0.0346913
18.2341,0.0348549
18.2341,0.034873
18.2352,0.0350139
18.2352,0.0350122
18.2364,0.0351356
18.2364,0.0351187
18.2375,0.0352288
18.2375,0.0350752
18.2386,0.0350658
18.2386,0.0349326
18.2397,0.034941
18.2397,0.0348234
18.2409,0.0348455
18.2409,0.0347398
18.2421,0.0348973
18.2421,0.0349102
18.2432,0.0350464
18.2432,0.0350406
18.2444,0.0351605
18.2444,0.0351404
18.2456,0.0352479
18.2456,0.0350919
18.2466,0.0350804
18.2466,0.0349454
18.2477,0.0349522
18.2477,0.0348332
18.249,0.034854
18.249,0.0347473
18.2501,0.0349039
18.2501,0.0349159
18.2512,0.0350514
18.2512,0.035045
18.2524,0.0351643
18.2524,0.0351438
18.2535,0.0352508
18.2535,0.0350945
18.2546,0.0350827
18.2546,0.0349473
18.2559,0.0349539
18.2559,0.0348347
18.257,0.0348553
18.257,0.0347484
18.2581,0.0349049
18.2581,0.0349168
18.2592,0.0350522
18.2592,0.0350456
18.2604,0.0351649
18.2604,0.0351443
18.2615,0.0352513
18.2615,0.0350949
18.2626,0.035083
18.2626,0.0349476
18.2639,0.0349542
18.2639,0.0348349
18.265,0.0348555
18.265,0.0347486
18.2661,0.034905
18.2661,0.0349169
18.2672,0.0350523
18.2672,0.0350457
18.2684,0.035165
18.2684,0.0350194
18.2695,0.035017
18.2695,0.0348899
18.2707,0.0349036
18.2707,0.0347907
18.2719,0.0348168
18.2719,0.0347147
18.273,0.0347504
18.273,0.0346566
18.2741,0.0348245
18.2741,0.0348464
18.2752,0.0349906
18.2752,0.0349918
18.2764,0.0351178
18.2764,0.0349781
18.2775,0.0349808
18.2775,0.0348582
18.2787,0.034876
18.2787,0.0347665
18.2799,0.0347957
18.2799,0.0346962
18.281,0.0347342
18.281,0.0346424
18.2821,0.0348121
18.2821,0.0348356
18.2832,0.0349811
18.2832,0.0349835
18.2844,0.0351106
18.2844,0.0349717
18.2856,0.0349753
18.2856,0.0348534
18.2867,0.0348717
18.2867,0.0347627
18.2879,0.0347924
18.2879,0.0346933
18.289,0.0347317
18.289,0.0346402
18.2901,0.0348102
18.2901,0.0348339
18.2912,0.0349797
18.2912,0.0349822
18.2924,0.0351094
18.2924,0.0349708
18.2936,0.0349744
18.2936,0.0348526
18.2947,0.034871
18.2947,0.0347622
18.2959,0.0347919
18.2959,0.0346929
18.297,0.0347313
18.297,0.0346399
18.2981,0.0348099
18.2981,0.0348337
18.2992,0.0349794
18.2992,0.034982
18.3005,0.0351093
18.3005,0.0349706
18.3022,0.0350993
18.3022,0.0350869
18.3027,0.035076
18.3027,0.0349415
18.3039,0.0349488
18.3039,0.0348302
18.305,0.0348514
18.305,0.034745
18.3067,0.0349019
18.3067,0.0349141
18.3072,0.0350499
18.3072,0.0350436
18.3085,0.0351632
18.3085,0.0350178
18.3096,0.0350156
18.3096,0.0348886
18.3107,0.0349025
18.3107,0.0347897
18.3119,0.034816
18.3119,0.034714
18.313,0.0347498
18.313,0.034656
18.3141,0.034824
18.3141,0.034846
18.316,0.0349903
18.316,0.0349915
18.3165,0.0351176
18.3165,0.0349779
18.3182,0.0351056
18.3182,0.0350924
18.3187,0.0350809
18.3187,0.0349458
18.3199,0.0349525
18.3199,0.0348335
18.321,0.0348543
18.321,0.0347475
18.3221,0.0349041
18.3221,0.0349161
18.3234,0.0350515
18.3234,0.0350451
18.3245,0.0351645
18.3245,0.0350189
18.3256,0.0350165
18.3256,0.0348895
18.3267,0.0349033
18.3267,0.0347904
18.3279,0.0348166
18.3279,0.0347145
18.329,0.0347502
18.329,0.0346564
18.3302,0.0348244
18.3302,0.0348463
18.3314,0.0349905
18.3314,0.0349917
18.3325,0.0351177
18.3325,0.034978
18.3336,0.0349808
18.3336,0.0348582
18.3347,0.0348759
18.3347,0.0347664
18.3359,0.0347956
18.3359,0.0345712
18.3371,0.0346248
18.3371,0.0346717
18.3382,0.0348377
18.3382,0.034858
18.3394,0.0350007
18.3394,0.0351257
18.3405,0.0352349
18.3405,0.0353306
18.3416,0.0352893
18.3416,0.0352531
18.3427,0.0352215
18.3427,0.0351938
18.3439,0.0351696
18.3439,0.0351484
18.3451,0.0352548
18.3451,0.035348
18.3462,0.0354295
18.3462,0.0355008
18.3474,0.0355632
18.3474,0.0356178
18.3485,0.0356656
18.3485,0.0357074
18.3496,0.0356189
18.3496,0.0355416
18.3507,0.0354739
18.3507,0.0354146
18.352,0.0353628
18.352,0.0353175
18.3531,0.0352778
18.3531,0.0352431
18.3542,0.0353377
18.3542,0.0354205
18.3554,0.0354929
18.3554,0.0355563
18.3565,0.0356118
18.3565,0.0356603
18.3576,0.0355777
18.3576,0.0355055
18.3587,0.0354423
18.3587,0.035387
18.36,0.0353387
18.36,0.0352963
18.3611,0.0353843
18.3611,0.0354613
18.3622,0.0355286
18.3622,0.0355875
18.3634,0.0356391
18.3634,0.0356842
18.3645,0.0357237
18.3645,0.0357582
18.3656,0.0356634
18.3656,0.0355805
18.3669,0.0355079
18.3669,0.0354444
18.368,0.0353889
18.368,0.0353403
18.3691,0.0354227
18.3691,0.0354949
18.3702,0.035558
18.3702,0.0356133
18.3714,0.0356616
18.3714,0.0357039
18.3725,0.0356159
18.3725,0.0355389
18.3736,0.0354716
18.3736,0.0354126
18.375,0.035361
18.375,0.0353159
18.376,0.0352764
18.376,0.0352419
18.3771,0.0353366
18.3771,0.0354196
18.3782,0.0354921
18.3782,0.0355556
18.3794,0.0356111
18.3794,0.0356598
18.3805,0.0355773
18.3805,0.0355051
18.3817,0.035442
18.3817,0.0353867
18.3829,0.0353384
18.3829,0.0352961
18.384,0.0352591
18.384,0.0352267
18.3851,0.0353234
18.3851,0.0354079
18.3862,0.0354819
18.3862,0.0355467
18.3874,0.0356034
18.3874,0.0356529
18.3885,0.0355713
18.3885,0.0354999
18.3897,0.0354374
18.3897,0.0353827
18.3909,0.0353349
18.3909,0.035293
18.392,0.0352564
18.392,0.0352244
18.3931,0.0353213
18.3931,0.0354061
18.3942,0.0354804
18.3942,0.0355453
18.3954,0.0356022
18.3954,0.0356519
18.3966,0.0355704
18.3966,0.0354991
18.3977,0.0354367
18.3977,0.0353821
18.3989,0.0353344
18.3989,0.0352926
18.4,0.035256
18.4,0.035224
18.4011,0.035321
18.4011,0.0354059
18.4022,0.0354801
18.4022,0.0355451
18.4035,0.035602
18.4035,0.0356517
18.4046,0.0355703
18.4046,0.035499
18.4057,0.0354366
18.4057,0.035382
18.4069,0.0353343
18.4069,0.0352925
18.408,0.0352559
18.408,0.0352239
18.4091,0.0353209
18.4091,0.0354058
18.4102,0.0354801
18.4102,0.0355451
18.4115,0.0356019
18.4115,0.0356517
18.4126,0.0355702
18.4126,0.035499
18.4137,0.0354366
18.4137,0.035382
18.415,0.0353343
18.415,0.0352925
18.416,0.0352559
18.416,0.0352239
18.4171,0.0353209
18.4171,0.0354058
18.4184,0.0354801
18.4184,0.0355451
18.4195,0.0356019
18.4195,0.0356517
18.4206,0.0355702
18.4206,0.035499
18.4217,0.0354366
18.4217,0.035382
18.4229,0.0353343
18.4229,0.0352925
18.424,0.0352559
18.424,0.0352239
18.4251,0.0353209
18.4251,0.0354058
18.4264,0.0354801
18.4264,0.0355451
18.4275,0.0356019
18.4275,0.0356517
18.4286,0.0355702
18.4286,0.035499
18.4297,0.0354366
18.4297,0.035382
18.4309,0.0353343
18.4309,0.0352925
18.432,0.0352559
18.432,0.0352239
18.4332,0.0353209
18.4332,0.0354058
18.4344,0.0354801
18.4344,0.0355451
18.4356,0.0356019
18.4356,0.0356517
18.4366,0.0355702
18.4366,0.035499
18.4377,0.0354366
18.4377,0.035382
18.4389,0.0353343
18.4389,0.0352925
18.44,0.0352559
18.44,0.0352239
18.4412,0.0353209
18.4412,0.0354058
18.4424,0.0354801
18.4424,0.0355451
18.4435,0.0356019
18.4435,0.0356517
18.4446,0.0355702
18.4446,0.035499
18.4457,0.0354366
18.4457,0.035382
18.4469,0.0353343
18.4469,0.0352925
18.4481,0.0353809
18.4481,0.0354583
18.4492,0.035526
18.4492,0.0355853
18.4504,0.0356371
18.4504,0.0356825
18.4515,0.0357222
18.4515,0.0357569
18.4526,0.0356623
18.4526,0.0355795
18.4537,0.0355071
18.4537,0.0354437
18.455,0.0353882
18.455,0.0353397
18.4561,0.0354222
18.4561,0.0354944
18.4572,0.0355576
18.4572,0.0356129
18.4584,0.0356613
18.4584,0.0357037
18.4595,0.0357407
18.4595,0.0357731
18.4606,0.0356765
18.4606,0.0355919
18.4617,0.0355179
18.4617,0.0354532
18.463,0.0353965
18.463,0.035347
18.4641,0.0354286
18.4641,0.0355
18.4652,0.0355625
18.4652,0.0356172
18.4664,0.0356651
18.4664,0.0357069
18.4675,0.0357436
18.4675,0.0357756
18.4686,0.0356787
18.4686,0.0355938
18.4697,0.0355196
18.4697,0.0354546
18.471,0.0353978
18.471,0.0353481
18.4721,0.0355546
18.4721,0.0356103
18.4732,0.035784
18.4732,0.035811
18.4744,0.0359596
18.4744,0.0359647
18.4756,0.0360941
18.4756,0.0360823
18.4766,0.036197
18.4766,0.0360474
18.4779,0.0360415
18.4779,0.0359113
18.479,0.0359224
18.479,0.0358071
18.4801,0.0359562
18.4801,0.0359617
18.4812,0.0360915
18.4812,0.03608
18.4824,0.036195
18.4824,0.0361706
18.4835,0.0362743
18.4835,0.036115
18.4847,0.0361006
18.4847,0.0359631
18.4865,0.0360927
18.4865,0.0360811
18.487,0.036071
18.487,0.0359371
18.4881,0.03607
18.4881,0.0360612
18.4892,0.0361786
18.4892,0.0361562
18.4904,0.0362617
18.4904,0.036229
18.4915,0.0363254
18.4915,0.0361597
18.4927,0.0361397
18.4927,0.0359973
18.4939,0.0359976
18.4939,0.0358729
18.495,0.0358888
18.495,0.0357777
18.4961,0.0359305
18.4961,0.0359392
18.4972,0.0360718
18.4972,0.0360628
18.4984,0.03618
18.4984,0.0361575
18.4996,0.0362628
18.4996,0.0361049
18.5007,0.0360918
18.5007,0.0359553
18.5019,0.0359609
18.5019,0.0358408
18.503,0.0358607
18.503,0.0357531
18.5041,0.035909
18.5041,0.0359204
18.5052,0.0360553
18.5052,0.0360484
18.5064,0.0361673
18.5064,0.0361464
18.5076,0.0362531
18.5076,0.0360965
18.5087,0.0360844
18.5087,0.0359489
18.5099,0.0359553
18.5099,0.0358359
18.511,0.0358564
18.511,0.0357493
18.5121,0.0359057
18.5121,0.0359174
18.5132,0.0360528
18.5132,0.0360462
18.5145,0.0361654
18.5145,0.0361447
18.5156,0.0362516
18.5156,0.0360952
18.5167,0.0360833
18.5167,0.0359479
18.5179,0.0359544
18.5179,0.0358351
18.519,0.0358557
18.519,0.0357487
18.5201,0.0359051
18.5201,0.035917
18.5212,0.0360524
18.5212,0.0359208
18.5225,0.0359307
18.5225,0.0359394
18.5236,0.036072
18.5236,0.035938
18.5247,0.0359457
18.5247,0.0358275
18.5259,0.0358491
18.5259,0.0357429
18.527,0.0357751
18.527,0.0356782
18.5281,0.0358434
18.5281,0.035863
18.5294,0.0360051
18.5294,0.0360045
18.5305,0.0361289
18.5305,0.0361128
18.5316,0.0362237
18.5316,0.0360707
18.5334,0.0361869
18.5334,0.0361635
18.5339,0.0361431
18.5339,0.0360002
18.535,0.0360002
18.535,0.0358752
18.5361,0.0360158
18.5361,0.0360138
18.5374,0.0361371
18.5374,0.0361199
18.5385,0.0362299
18.5385,0.0362012
18.5396,0.036301
18.5396,0.0361384
18.5407,0.0361211
18.5407,0.035981
18.5419,0.0359834
18.5419,0.0358604
18.543,0.0358779
18.543,0.0357681
18.5442,0.0359221
18.5442,0.0359319
18.5454,0.0360654
18.5454,0.0360572
18.5465,0.0361751
18.5465,0.0361532
18.5476,0.036259
18.5476,0.0361016
18.5487,0.0360889
18.5487,0.0359528
18.5499,0.0359587
18.5499,0.0358389
18.5511,0.035984
18.5511,0.035986
18.5522,0.0361128
18.5522,0.0360987
18.5534,0.0362113
18.5534,0.0361849
18.5545,0.0362868
18.5545,0.036251
18.5556,0.0363446
18.5556,0.0361765
18.5567,0.0361544
18.5567,0.0360101
18.5579,0.0360089
18.5579,0.0358828
18.5591,0.0360224
18.5591,0.0360196
18.5602,0.0361422
18.5602,0.0361244
18.5614,0.0362338
18.5614,0.0362046
18.5631,0.036429
18.5631,0.0365004
18.5636,0.0365629
18.5636,0.0363675
18.5647,0.0363216
18.5647,0.0361564
18.5666,0.0362618
18.5666,0.0362291
18.5671,0.0363255
18.5671,0.0362848
18.5682,0.0363742
18.5682,0.0362024
18.5694,0.0361771
18.5694,0.036155
18.5705,0.0362606
18.5705,0.036228
18.5716,0.0363245
18.5716,0.036159
18.5727,0.0361391
18.5727,0.0359967
18.574,0.0359971
18.574,0.0358725
18.5751,0.0360134
18.5751,0.0360117
18.5762,0.0361353
18.5762,0.0361184
18.5774,0.0362286
18.5774,0.0362
18.5785,0.0363
18.5785,0.0362625
18.5796,0.0363547
18.5796,0.0361853
18.5809,0.0361622
18.5809,0.0360169
18.582,0.0360148
18.582,0.0358879
18.5831,0.0360269
18.5831,0.0360236
18.5842,0.0361456
18.5842,0.0361274
18.5854,0.0362365
18.5854,0.0362069
18.5865,0.0363061
18.5865,0.0361428
18.5876,0.036125
18.5876,0.0359843
18.5889,0.0359863
18.5889,0.035863
18.59,0.0358801
18.59,0.0357701
18.5911,0.0359239
18.5911,0.0359334
18.5922,0.0360667
18.5922,0.0360584
18.5934,0.0361761
18.5934,0.0361541
18.5945,0.0362598
18.5945,0.0361023
18.5957,0.0360895
18.5957,0.0359533
18.5969,0.0359592
18.5969,0.0358393
18.598,0.0358594
18.598,0.0356269
18.5991,0.0356736
18.5991,0.0357144
18.6002,0.0358751
18.6002,0.0358907
18.6014,0.0360294
18.6014,0.0359007
18.6025,0.0359131
18.6025,0.035799
18.6037,0.0358241
18.6037,0.0357211
18.605,0.0357559
18.605,0.0356615
18.606,0.0357038
18.606,0.0356158
18.6071,0.0357888
18.6071,0.0359402
18.6082,0.0360727
18.6082,0.0361886
18.6094,0.03629
18.6094,0.0363788
18.6106,0.0364564
18.6106,0.0365244
18.6117,0.0364588
18.6117,0.0364015
18.6129,0.0363513
18.6129,0.0363074
18.614,0.036269
18.614,0.0362353
18.6151,0.0363309
18.6151,0.0364146
18.6162,0.0364877
18.6162,0.0365518
18.6174,0.0366078
18.6174,0.0366568
18.6186,0.0366997
18.6186,0.0367373
18.6197,0.0366451
18.6197,0.0365645
18.6209,0.0364939
18.6209,0.0364322
18.622,0.0363781
18.622,0.0363309
18.6231,0.0364145
18.6231,0.0364877
18.6242,0.0365517
18.6242,0.0366078
18.6256,0.0366568
18.6256,0.0366997
18.6266,0.0367372
18.6266,0.0367701
18.6277,0.0366738
18.6277,0.0365896
18.6289,0.0365159
18.6289,0.0364514
18.63,0.036395
18.63,0.0363456
18.6311,0.0364274
18.6311,0.036499
18.6324,0.0365616
18.6324,0.0366164
18.6335,0.0366644
18.6335,0.0367063
18.6346,0.036743
18.6346,0.0367751
18.6357,0.0366782
18.6357,0.0365935
18.6369,0.0365193
18.6369,0.0364544
18.638,0.0363976
18.638,0.0363479
18.6391,0.0364294
18.6391,0.0365007
18.6404,0.0365631
18.6404,0.0366177
18.6415,0.0366655
18.6415,0.0367073
18.6426,0.0367439
18.6426,0.0367759
18.6444,0.0368039
18.6444,0.0368284
18.645,0.0367249
18.645,0.0366343
18.646,0.036555
18.646,0.0364856
18.6472,0.0365499
18.6472,0.0366062
18.6484,0.0366554
18.6484,0.0366985
18.6495,0.0367362
18.6495,0.0367691
18.6506,0.036798
18.6506,0.0368233
18.6517,0.0367203
18.6517,0.0366303
18.6529,0.0365515
18.6529,0.0364826
18.654,0.0364223
18.654,0.0363695
18.6559,0.0364483
18.6559,0.0365172
18.6564,0.0365776
18.6564,0.0366304
18.6575,0.0366766
18.6575,0.036717
18.6586,0.0367524
18.6586,0.0367833
18.6597,0.0366854
18.6597,0.0365997
18.6609,0.0365248
18.6609,0.0364592
18.6621,0.0365268
18.6621,0.0365859
18.6632,0.0366377
18.6632,0.036683
18.665,0.0367226
18.665,0.0367573
18.6656,0.0367876
18.6656,0.0368142
18.6666,0.0368374
18.6666,0.0368577
18.6677,0.0367505
18.6677,0.0366567
18.6689,0.0365746
18.6689,0.0365028
18.6701,0.0365649
18.6701,0.0366193
18.6719,0.0366669
18.6719,0.0367085
18.6724,0.036745
18.6724,0.0367768
18.6735,0.0368047
18.6735,0.0368291
18.6746,0.0368505
18.6746,0.0368692
18.6757,0.0367605
18.6757,0.0366655
18.677,0.0365823
18.677,0.0365095
18.6781,0.0365708
18.6781,0.0366245
18.6792,0.0366714
18.6792,0.0367125
18.6804,0.0366234
18.6804,0.0365455
18.6815,0.0366023
18.6815,0.036652
18.6826,0.0366955
18.6826,0.0367336
18.6837,0.0366419
18.6837,0.0365616
18.685,0.0364914
18.685,0.03643
18.6861,0.0365013
18.6861,0.0365636
18.6872,0.0366181
18.6872,0.0366659
18.6884,0.0367076
18.6884,0.0367442
18.6895,0.0367762
18.6895,0.0368041
18.6906,0.0368286
18.6906,0.03685
18.6919,0.0367438
18.6919,0.0366508
18.693,0.0365695
18.693,0.0364983
18.6941,0.036561
18.6941,0.0366159
18.6952,0.0366639
18.6952,0.0367059
18.6964,0.0367427
18.6964,0.0367748
18.6975,0.036803
18.6975,0.0368276
18.6987,0.0367242
18.6987,0.0366336
18.6999,0.0365544
18.6999,0.0364851
18.701,0.0364245
18.701,0.0363714
18.7021,0.03645
18.7387,0.0363937
18.7399,0.0364695
18.7399,0.0364108
18.741,0.0364845
18.741,0.0365489
18.7421,0.0367303
18.7421,0.036889
18.7434,0.0370279
18.7434,0.0367744
18.7445,0.0354276
18.7445,0.0342491
18.7456,0.033218
18.7456,0.0323158
18.7467,0.0315263
18.7467,0.0308355
18.7479,0.0302311
18.7479,0.0295772
18.749,0.02913
18.749,0.0286138
18.7501,0.0282871
18.7501,0.0280012
18.7514,0.027876
18.7514,0.0276415
18.7525,0.0274363
18.7525,0.0272568
18.7536,0.0270997
18.7536,0.0269622
18.7547,0.0268419
18.7547,0.0266117
18.7559,0.0265352
18.7559,0.0263433
18.757,0.0263004
18.757,0.0261379
18.7582,0.0262456
18.7582,0.0262149
18.7594,0.0263131
18.7594,0.0262739
18.7605,0.0262397
18.7605,0.0260847
18.7616,0.0260741
18.7616,0.0259399
18.7627,0.0259474
18.7627,0.025954
18.7639,0.0259597
18.7639,0.0258398
18.765,0.0258598
18.765,0.0257523
18.7662,0.0259083
18.7662,0.0259197
18.7674,0.0260548
18.7674,0.0259229
18.7685,0.0259326
18.7685,0.025816
18.7696,0.025839
18.7696,0.0257341
18.7707,0.0257673
18.7707,0.0256714
18.7719,0.0257125
18.7719,0.0256234
18.7731,0.0257955
18.7731,0.0258211
18.7742,0.0259684
18.7742,0.0259724
18.7754,0.0261008
18.7754,0.0259632
18.7765,0.0259678
18.7765,0.0258468
18.7776,0.025866
18.7776,0.0257577
18.7787,0.025788
18.7787,0.0256895
18.78,0.0257283
18.78,0.0256373
18.7811,0.0258076
18.7811,0.0258317
18.7822,0.0259777
18.7822,0.0259805
18.7834,0.0261079
18.7834,0.0259694
18.7845,0.0259733
18.7845,0.0258516
18.7856,0.0258702
18.7856,0.0257614
18.7867,0.0257912
18.7867,0.0256923
18.788,0.0257308
18.788,0.0256394
18.7891,0.0258095
18.7891,0.0258333
18.7902,0.0259791
18.7902,0.0259818
18.7914,0.026109
18.7914,0.0259704
18.7925,0.0259741
18.7925,0.0258523
18.7936,0.0258708
18.7936,0.0257619
18.795,0.0257917
18.795,0.0256927
18.796,0.0257311
18.796,0.0256398
18.7971,0.0258098
18.7971,0.0258336
18.7982,0.0259794
18.7982,0.0258569
18.7994,0.0258748
18.7994,0.0257655
18.8005,0.0257948
18.8005,0.0256954
18.8016,0.0257335
18.8016,0.0256418
18.8029,0.0256866
18.8029,0.0257258
18.804,0.02576
18.804,0.02579
18.8051,0.0259413
18.8051,0.0260736
18.8062,0.0261894
18.8062,0.0262907
18.8074,0.0262544
18.8074,0.0262226
18.8085,0.0261948
18.8085,0.0261704
18.8097,0.0261491
18.8097,0.0261305
18.8109,0.0261142
18.8109,0.0260999
18.812,0.0260874
18.812,0.0260765
18.8131,0.0261919
18.8131,0.0262929
18.8142,0.0263813
18.8142,0.0264587
18.8154,0.0264013
18.8154,0.0263512
18.8165,0.0263073
18.8165,0.0262689
18.8177,0.0262352
18.8177,0.0262058
18.8189,0.0261801
18.8189,0.0261576
18.82,0.0261379
18.82,0.0261207
18.8211,0.0262306
18.8211,0.0263268
18.8222,0.0264109
18.8222,0.0264845
18.8234,0.026424
18.8234,0.026371
18.8246,0.0263246
18.8246,0.026284
18.8257,0.0262485
18.8257,0.0262175
18.8269,0.0261903
18.8269,0.0261665
18.828,0.0261457
18.828,0.0261275
18.8291,0.0262365
18.8291,0.026332
18.8302,0.0264155
18.8302,0.0264885
18.8314,0.0264275
18.8314,0.026374
18.8326,0.0263273
18.8326,0.0262864
18.8337,0.0262506
18.8337,0.0262193
18.835,0.0261918
18.835,0.0261679
18.836,0.0261469
18.836,0.0261285
18.8371,0.0262375
18.8371,0.0263328
18.8382,0.0264162
18.8382,0.0264892
18.8395,0.026428
18.8395,0.0263745
18.8406,0.0263277
18.8406,0.0262867
18.8417,0.0262509
18.8417,0.0262195
18.8429,0.0261921
18.8429,0.0261681
18.844,0.0261471
18.844,0.0261287
18.8451,0.0262376
18.8451,0.0263329
18.8464,0.0264163
18.8464,0.0264892
18.8475,0.0264281
18.8475,0.0263746
18.8486,0.0263278
18.8486,0.0262868
18.8497,0.0262509
18.8497,0.0262196
18.8509,0.0261921
18.8509,0.0261681
18.852,0.0261471
18.852,0.0261287
18.8531,0.0262376
18.8531,0.0263329
18.8544,0.0264163
18.8544,0.0264893
18.8556,0.0264281
18.8556,0.0263746
18.8566,0.0263278
18.8566,0.0262868
18.8577,0.0262509
18.8577,0.0262196
18.8589,0.0261921
18.8589,0.0261681
18.86,0.0261471
18.86,0.0261287
18.8612,0.0262376
18.8612,0.0263329
18.8624,0.0264163
18.8624,0.0264893
18.8635,0.0264281
18.8635,0.0263746
18.8646,0.0263278
18.8646,0.0262868
18.8657,0.0262509
18.8657,0.0262196
18.8669,0.0261921
18.8669,0.0261681
18.868,0.0261471
18.868,0.0261287
18.8692,0.0262376
18.8692,0.0263329
18.8704,0.0264163
18.8704,0.0264893
18.8715,0.0264281
18.8715,0.0263746
18.8726,0.0263278
18.8726,0.0262868
18.8737,0.0262509
18.8737,0.0262196
18.875,0.0261921
18.875,0.0261681
18.8761,0.0262721
18.8761,0.0263631
18.8772,0.0264427
18.8772,0.0265124
18.8784,0.0265733
18.8784,0.0266267
18.8795,0.0265483
18.8795,0.0264798
18.8806,0.0264198
18.8806,0.0263673
18.8817,0.0263214
18.8817,0.0262812
18.8829,0.0262461
18.8829,0.0262153
18.8841,0.0263134
18.8841,0.0263992
18.8852,0.0264743
18.8852,0.02654
18.8864,0.0267225
18.8864,0.0267572
18.8875,0.0269126
18.8875,0.0267985
18.8886,0.0268237
18.8886,0.0267207
18.8897,0.0267556
18.8897,0.0266612
18.891,0.0267035
18.891,0.0266156
18.8921,0.0267886
18.8921,0.0268151
18.8932,0.0269632
18.8932,0.0269678
18.8944,0.0270968
18.8944,0.0270847
18.8956,0.0271991
18.8956,0.0270492
18.8966,0.0270431
18.8966,0.0269127
18.8977,0.0269236
18.8977,0.0268081
18.899,0.0268321
18.899,0.0267281
18.9001,0.0268871
18.9001,0.0269012
18.9012,0.0270386
18.9012,0.0270337
18.9024,0.0271545
18.9024,0.0270102
18.9035,0.0270089
18.9035,0.0268828
18.9046,0.0268975
18.9046,0.0267853
18.9059,0.0268121
18.9059,0.0267106
18.907,0.0267468
18.907,0.0266534
18.9081,0.0268217
18.9081,0.026844
18.9092,0.0269885
18.9092,0.02699
18.9104,0.0271162
18.9104,0.0269767
18.9115,0.0269796
18.9115,0.0268572
18.9126,0.026875
18.9126,0.0267656
18.9139,0.0267949
18.9139,0.0266956
18.915,0.0267336
18.915,0.0266419
18.9161,0.0268117
18.9161,0.0268352
18.9172,0.0269808
18.9172,0.0269832
18.9184,0.0271103
18.9184,0.0269715
18.9195,0.0269751
18.9195,0.0268532
18.9207,0.0268715
18.9207,0.0267626
18.9219,0.0267923
18.9219,0.0266932
18.923,0.0267316
18.923,0.0266401
18.9241,0.0268101
18.9241,0.0268339
18.9252,0.0269796
18.9252,0.0269822
18.9264,0.0271094
18.9264,0.0269707
18.9276,0.0269744
18.9276,0.0268526
18.9287,0.026871
18.9287,0.0267621
18.9299,0.0267919
18.9299,0.0266929
18.931,0.0267313
18.931,0.0266399
18.9321,0.0268099
18.9321,0.0268336
18.9332,0.0269794
18.9332,0.026982
18.9344,0.0271093
18.9344,0.0269706
18.9356,0.0269743
18.9356,0.0268525
18.9367,0.0268709
18.9367,0.0267621
18.9379,0.0267918
18.9379,0.0266928
18.939,0.0267312
18.939,0.0266398
18.9401,0.0268098
18.9401,0.0268336
18.9412,0.0269794
18.9412,0.026982
18.9425,0.0271092
18.9425,0.0269706
18.9436,0.0269743
18.9436,0.0268525
18.9447,0.0268709
18.9447,0.026762
18.9459,0.0267918
18.9459,0.0266928
18.947,0.0267312
18.947,0.0266398
18.9481,0.0268098
18.9481,0.0268336
18.9492,0.0269794
18.9492,0.026982
18.9505,0.0271092
18.9505,0.0269706
18.9516,0.0269743
18.9516,0.0268525
18.9527,0.0268709
18.9527,0.026762
18.9539,0.0267918
18.9539,0.0266928
18.955,0.0267312
18.955,0.0266398
18.9561,0.0268098
18.9561,0.0268336
18.9574,0.0269794
18.9574,0.026982
18.9585,0.0271092
18.9585,0.0269706
18.9596,0.0269743
18.9596,0.0268525
18.9607,0.0268709
18.9607,0.026762
18.9619,0.0267918
18.9619,0.0266928
18.963,0.0267312
18.963,0.0266398
18.9641,0.0268098
18.9641,0.0268336
18.9654,0.0269794
18.9654,0.026982
18.9665,0.0271092
18.9665,0.0269706
18.9676,0.0269743
18.9676,0.0268525
18.9687,0.0268709
18.9687,0.026762
18.9699,0.0267918
18.9699,0.0266928
18.971,0.0267312
18.971,0.0267648
18.9722,0.0269192
18.9722,0.0270543
18.9734,0.0271725
18.9734,0.027276
18.9745,0.0273665
18.9745,0.0274457
18.9756,0.0273899
18.9756,0.0273412
18.9767,0.0272986
18.9767,0.0272612
18.9779,0.0272286
18.9779,0.0272
18.979,0.027175
18.979,0.0271531
18.9802,0.027259
18.9802,0.0273516
18.9814,0.0274327
18.9814,0.0275036
18.9825,0.0275656
18.9825,0.0276199
18.9836,0.0275424
18.9836,0.0274746
18.9847,0.0274153
18.9847,0.0273634
18.9859,0.027318
18.9859,0.0272782
18.9871,0.0273684
18.9871,0.0274474
18.9882,0.0275165
18.9882,0.0275769
18.9894,0.0276298
18.9894,0.0276761
18.9905,0.0277166
18.9905,0.027752
18.9916,0.027658
18.9916,0.0275757
18.9927,0.0275038
18.9927,0.0274408
18.994,0.0273857
18.994,0.0273375
18.9951,0.0274203
18.9951,0.0274928
18.9962,0.0275562
18.9962,0.0276116
18.9974,0.0276602
18.9974,0.0277027
18.9985,0.0277398
18.9985,0.0277724
18.9996,0.0276758
18.9996,0.0275913
19.0007,0.0275174
19.0007,0.0274527
19.002,0.0273961
19.002,0.0273466
19.0031,0.0274283
19.0031,0.0274998
19.0042,0.0275623
19.0042,0.027617
19.0054,0.0276649
19.0054,0.0277068
19.0065,0.0277434
19.0065,0.0277755
19.0076,0.0276786
19.0076,0.0275937
19.0089,0.0275195
19.0089,0.0274546
19.01,0.0273978
19.01,0.027348
19.0111,0.0274295
19.0111,0.0275008
19.0122,0.0275632
19.0122,0.0276178
19.0134,0.0276656
19.0134,0.0277074
19.0145,0.027619
19.0145,0.0275416
19.0156,0.0274739
19.0156,0.0274147
19.0169,0.0273628
19.0169,0.0273175
19.018,0.0272778
19.018,0.0272431
19.0191,0.0273377
19.0191,0.0274205
19.0202,0.0274929
19.0202,0.0275563
19.0214,0.0276118
19.0214,0.0276603
19.0225,0.0275778
19.0225,0.0275055
19.0237,0.0274423
19.0237,0.027387
19.025,0.0273387
19.025,0.0272963
19.026,0.0272593
19.026,0.0272269
19.0271,0.0273235
19.0271,0.0274081
19.0282,0.0274821
19.0282,0.0275468
19.0294,0.0276035
19.0294,0.027653
19.0305,0.0275714
19.0305,0.0275
19.0317,0.0274375
19.0317,0.0273828
19.0329,0.0273349
19.0329,0.0272931
19.034,0.0272564
19.034,0.0272244
19.0351,0.0273213
19.0351,0.0274062
19.0362,0.0274804
19.0362,0.0275453
19.0374,0.0276022
19.0374,0.0276519
19.0386,0.0275704
19.0386,0.0274991
19.0397,0.0274367
19.0397,0.0273821
19.0409,0.0273344
19.0409,0.0272926
19.042,0.027256
19.042,0.027224
19.0431,0.027321
19.0431,0.0274059
19.0442,0.0274801
19.0442,0.0275451
19.0454,0.027602
19.0454,0.0276517
19.0466,0.0275703
19.0466,0.027499
19.0477,0.0274366
19.0477,0.027382
19.0489,0.0273343
19.0489,0.0272925
19.05,0.0272559
19.05,0.0272239
19.0511,0.0273209
19.0511,0.0274058
19.0522,0.0274801
19.0522,0.0275451
19.0535,0.0276019
19.0535,0.0276517
19.0546,0.0275702
19.0546,0.027499
19.0557,0.0274366
19.0557,0.027382
19.0569,0.0273343
19.0569,0.0272925
19.058,0.0272559
19.058,0.0272239
19.0591,0.0274459
19.0591,0.0275152
19.0602,0.0277008
19.0602,0.0277382
19.0615,0.0278959
19.0615,0.0279089
19.0626,0.0280453
19.0626,0.0279146
19.0637,0.0279253
19.0637,0.0278097
19.065,0.0278334
19.065,0.0277293
19.066,0.0277631
19.066,0.0276677
19.0671,0.0278343
19.0671,0.027855
19.0684,0.0279981
19.0684,0.0279983
19.0695,0.0281235
19.0695,0.0281081
19.0706,0.0282196
19.0706,0.0280671
19.0717,0.0280587
19.0717,0.0279264
19.0729,0.0279356
19.0729,0.0278187
19.074,0.0278413
19.074,0.0277362
19.0752,0.0278941
19.0752,0.0279074
19.0764,0.0280439
19.0764,0.0280385
19.0775,0.0281586
19.0775,0.0281388
19.0786,0.0282465
19.0786,0.0280907
19.0797,0.0280793
19.0797,0.0279444
19.0809,0.0279514
19.0809,0.0278324
19.082,0.0278534
19.082,0.0277467
19.0832,0.0279034
19.0832,0.0279154
19.0844,0.028051
19.0844,0.0280446
19.0856,0.0281641
19.0856,0.0281435
19.0866,0.0282506
19.0866,0.0280943
19.0877,0.0280825
19.0877,0.0279472
19.0889,0.0279538
19.0889,0.0278346
19.0901,0.0279802
19.0901,0.0279827
19.0912,0.0281099
19.0912,0.0280961
19.0924,0.0282091
19.0924,0.028183
19.0935,0.0282851
19.0935,0.0282495
19.0946,0.0283433
19.0946,0.0281754
19.0957,0.0281535
19.0957,0.0280093
19.0969,0.0280081
19.0969,0.0278821
19.0981,0.0280218
19.0981,0.0280191
19.0992,0.0281417
19.0992,0.028124
19.1004,0.0282335
19.1004,0.0282043
19.1015,0.0283038
19.1015,0.0282658
19.1026,0.0283576
19.1026,0.0281879
19.1037,0.0281644
19.1037,0.0280188
19.105,0.0280165
19.105,0.0278894
19.1061,0.0280282
19.1061,0.0280247
19.1072,0.0281466
19.1072,0.0281283
19.1084,0.0282373
19.1084,0.0282076
19.1095,0.0283066
19.1095,0.0282683
19.1106,0.0283598
19.1106,0.0281898
19.1117,0.0281661
19.1117,0.0280203
19.113,0.0280178
19.113,0.0278906
19.1141,0.0280292
19.1141,0.0280256
19.1152,0.0281474
19.1152,0.028129
19.117,0.0282378
19.117,0.0282081
19.1175,0.0283071
19.1175,0.0281437
19.1186,0.0281257
19.1186,0.027985
19.1199,0.0279869
19.1199,0.0278635
19.121,0.0278806
19.121,0.0277705
19.1221,0.0279242
19.1221,0.0279337
19.1232,0.028067
19.1232,0.0280586
19.1244,0.0281763
19.1244,0.0281542
19.1262,0.028385
19.1262,0.0283368
19.1266,0.0282947
19.1266,0.0281329
19.1279,0.0281163
19.1279,0.0279767
19.129,0.0279796
19.129,0.0278572
19.1301,0.028
19.1301,0.028
19.1312,0.028125
19.1312,0.0281094
19.1324,0.0282207
19.1324,0.0281931
19.1335,0.028294
19.1335,0.0281322
19.1347,0.0281157
19.1347,0.0279762
19.1359,0.0279792
19.1359,0.0278568
19.137,0.0278747
19.137,0.0277654
19.1381,0.0279197
19.1381,0.0279297
19.1392,0.0280635
19.1392,0.0280556
19.1404,0.0281736
19.1404,0.0281519
19.1416,0.0282579
19.1416,0.0281007
19.1427,0.0280881
19.1427,0.0279521
19.1439,0.0279581
19.1439,0.0278383
19.145,0.0278585
19.145,0.0277512
19.1461,0.0279073
19.1461,0.0279189
19.1472,0.028054
19.1472,0.0280473
19.1484,0.0281664
19.1484,0.0281456
19.1496,0.0282524
19.1496,0.0280958
19.1507,0.0280838
19.1507,0.0279484
19.1519,0.0279548
19.1519,0.0279605
19.153,0.0279654
19.153,0.0279697
19.1541,0.0279735
19.1541,0.0279768
19.1552,0.0281047
19.1552,0.0282166
19.1565,0.0283146
19.1565,0.0284002
19.1576,0.0284752
19.1576,0.0285408
19.1587,0.0284732
19.1587,0.028414
19.1599,0.0283623
19.1599,0.028317
19.161,0.0282774
19.161,0.0282427
19.1621,0.0283374
19.1621,0.0284202
19.1632,0.0284927
19.1632,0.0285561
19.1645,0.0286116
19.1645,0.0286601
19.1656,0.0287026
19.1656,0.0287398
19.1674,0.0287723
19.1674,0.0288008
19.1679,0.0287007
19.1679,0.0286131
19.169,0.0285365
19.169,0.0284694
19.1701,0.0285357
19.1701,0.0285938
19.1714,0.0286445
19.1714,0.028689
19.1725,0.0287278
19.1725,0.0287619
19.1736,0.0287916
19.1736,0.0288177
19.1747,0.0287155
19.1747,0.028626
19.1759,0.0285478
19.1759,0.0284793
19.177,0.0284194
19.177,0.028367
19.1781,0.0284461
19.1781,0.0285153
19.1794,0.0285759
19.1794,0.0286289
19.1811,0.0288003
19.1811,0.0289503
19.1816,0.0289565
19.1816,0.0289619
19.1827,0.0288417
19.1827,0.0287365
19.1839,0.0286444
19.1839,0.0285639
19.185,0.0284934
19.185,0.0284317
19.1862,0.0285027
19.1862,0.0285649
19.1874,0.0286193
19.1874,0.0286669
19.1885,0.0287085
19.1885,0.028745
19.1896,0.0287768
19.1896,0.0288047
19.1907,0.0287041
19.1907,0.0286161
19.1919,0.0285391
19.1919,0.0284717
19.193,0.0284128
19.193,0.0283612
19.1948,0.028441
19.1949,0.0285109
19.1954,0.028447
19.1954,0.0283911
19.1965,0.0284673
19.1965,0.0285338
19.1976,0.0285921
19.1976,0.0286431
19.1987,0.0285627
19.1987,0.0284924
19.1999,0.0284308
19.1999,0.028377
19.2011,0.0284548
19.2011,0.028523
19.2022,0.0285826
19.2022,0.0286348
19.2034,0.0286804
19.2034,0.0287204
19.2045,0.0287553
19.2045,0.0287859
19.2056,0.0288127
19.2056,0.0288361
19.2067,0.0287316
19.2067,0.0286401
19.2079,0.0285601
19.2079,0.0284901
19.2091,0.0284288
19.2091,0.0283752
19.2102,0.0284533
19.2102,0.0285217
19.2114,0.0285815
19.2114,0.0286338
19.2125,0.0286796
19.2125,0.0287196
19.2136,0.0287547
19.2136,0.0287853
19.2147,0.0286872
19.2147,0.0286013
19.216,0.0285261
19.216,0.0284603
19.2171,0.0285278
19.2171,0.0285868
19.2182,0.0286385
19.2182,0.0286837
19.2194,0.0287232
19.2194,0.0287578
19.2205,0.0287881
19.2205,0.0288146
19.2216,0.0288377
19.2216,0.028858
19.2229,0.0287508
19.2229,0.0286569
19.224,0.0285748
19.224,0.028503
19.2251,0.0285651
19.2251,0.0286195
19.2262,0.028667
19.2262,0.0287086
19.2274,0.0287451
19.2274,0.0287769
19.2285,0.0288048
19.2285,0.0288292
19.2296,0.0287256
19.2296,0.0286349
19.2309,0.0285555
19.2309,0.0284861
19.232,0.0284253
19.232,0.0283721
19.2331,0.0284506
19.2331,0.0285193
19.2342,0.0285794
19.2342,0.028632
19.2354,0.028678
19.2354,0.0287182
19.2365,0.0287534
19.2365,0.0287843
19.2377,0.0286862
19.2377,0.0286004
19.2389,0.0285254
19.2389,0.0284597
19.24,0.0284023
19.24,0.028352
19.2411,0.028433
19.2411,0.0285039
19.2422,0.0285659
19.2422,0.0286201
19.2434,0.0286676
19.2434,0.0287092
19.2445,0.0287455
19.2445,0.0287773
19.2457,0.0286802
19.2457,0.0285951
19.2469,0.0285207
19.2469,0.0284557
19.248,0.0285237
19.248,0.0284582
19.2491,0.028651
19.2491,0.0286946
19.2502,0.0288578
19.2502,0.0288755
19.2514,0.0290161
19.2514,0.0290141
19.2526,0.0291373
19.2526,0.0291202
19.2537,0.0292301
19.2537,0.0290764
19.255,0.0290668
19.255,0.0289335
19.256,0.0289418
19.256,0.0288241
19.2571,0.0289711
19.2571,0.0289747
19.2582,0.0291028
19.2582,0.02909
19.2594,0.0292037
19.2594,0.0291783
19.2606,0.029281
19.2606,0.0292459
19.2617,0.0293401
19.2617,0.0291726
19.2629,0.029151
19.2629,0.0290072
19.264,0.0290063
19.264,0.0288805
19.2651,0.0290204
19.2651,0.0290179
19.2662,0.0291406
19.2662,0.0291231
19.2675,0.0292327
19.2675,0.0292036
19.2686,0.0293031
19.2686,0.0292652
19.2697,0.0293571
19.2697,0.0291875
19.2709,0.029164
19.2709,0.0290185
19.272,0.0290162
19.272,0.0288892
19.2731,0.029028
19.2731,0.0290245
19.2742,0.0291465
19.2742,0.0291282
19.2756,0.0292371
19.2756,0.0292075
19.2766,0.0293066
19.2766,0.0292682
19.2777,0.0293597
19.2777,0.0291897
19.2789,0.029166
19.2789,0.0290203
19.28,0.0290177
19.28,0.0288905
19.2811,0.0290292
19.2811,0.0290256
19.2824,0.0291474
19.2824,0.0291289
19.2835,0.0292378
19.2835,0.0292081
19.2846,0.0293071
19.2846,0.0292687
19.2857,0.0293601
19.2857,0.0291901
19.2869,0.0291663
19.2869,0.0290205
19.288,0.029018
19.288,0.0288907
19.2892,0.0290294
19.2892,0.0290257
19.2904,0.0291475
19.2904,0.0291291
19.2915,0.0292379
19.2915,0.0292082
19.2926,0.0293072
19.2926,0.0292688
19.2937,0.0293602
19.2937,0.0291901
19.295,0.0291664
19.295,0.0290206
19.296,0.029018
19.296,0.0288908
19.2972,0.0290294
19.2972,0.0290257
19.2984,0.0291475
19.2984,0.0291291
19.2995,0.0292379
19.2995,0.0292082
19.3006,0.0293072
19.3006,0.0292688
19.3017,0.0293602
19.3017,0.0291902
19.3029,0.0291664
19.3029,0.0290206
19.3041,0.029143
19.3041,0.0291251
19.3052,0.0292345
19.3052,0.0292052
19.3064,0.0293045
19.3064,0.0292665
19.3075,0.0293582
19.3075,0.0293134
19.3086,0.0293992
19.3086,0.0293493
19.3097,0.0294306
19.3097,0.0292518
19.3109,0.0292203
19.3109,0.0290678
19.3121,0.0291843
19.3121,0.0291613
19.3132,0.0292661
19.3132,0.0292329
19.3144,0.0293287
19.3144,0.0292877
19.3156,0.0293767
19.3156,0.0293296
19.3166,0.0294134
19.3166,0.0293617
19.3177,0.0294415
19.3177,0.0292613
19.319,0.0292287
19.319,0.0290751
19.3201,0.0291907
19.3201,0.0291669
19.3212,0.029271
19.3212,0.0292371
19.3224,0.0293325
19.3224,0.0292909
19.3235,0.0293796
19.3235,0.0293321
19.3246,0.0294156
19.3246,0.0293636
19.3257,0.0294432
19.3257,0.0292628
19.327,0.0292299
19.327,0.0290762
19.3281,0.0291917
19.3281,0.0291677
19.3292,0.0292717
19.3292,0.0292378
19.3304,0.0293331
19.3304,0.0292914
19.3315,0.02938
19.3315,0.0293325
19.3326,0.0294159
19.3326,0.0292389
19.3339,0.0292091
19.3339,0.0290579
19.335,0.0290507
19.335,0.0289194
19.3361,0.0290544
19.3361,0.0290476
19.3372,0.0291667
19.3372,0.0291458
19.3384,0.0292526
19.3384,0.029221
19.3395,0.0293184
19.3395,0.0292786
19.3406,0.0293688
19.3406,0.0291977
19.3419,0.029173
19.3419,0.0290263
19.343,0.0290231
19.343,0.0288952
19.3441,0.0290333
19.3441,0.0290291
19.3452,0.0291505
19.3452,0.0291317
19.3464,0.0292402
19.3464,0.0292102
19.3475,0.0293089
19.3475,0.0292703
19.3487,0.0293615
19.3487,0.0294413
19.3499,0.0293862
19.3499,0.0293379
19.351,0.0292956
19.351,0.0292587
19.3521,0.0293514
19.3521,0.0294324
19.3532,0.0295034
19.3532,0.0295655
19.3544,0.0296198
19.3544,0.0296673
19.3556,0.0297089
19.3556,0.0297453
19.3567,0.0297771
19.3567,0.029805
19.3579,0.0297044
19.3579,0.0296163
19.359,0.0295393
19.359,0.0294719
19.3601,0.0295379
19.3601,0.0295956
19.3612,0.0296462
19.3612,0.0296904
19.3624,0.0297291
19.3624,0.029763
19.3636,0.0297926
19.3636,0.0298185
19.3647,0.0298412
19.3647,0.0298611
19.3659,0.0297534
19.3659,0.0296592
19.367,0.0295768
19.367,0.0295047
19.3681,0.0295666
19.3681,0.0296208
19.3692,0.0296682
19.3692,0.0297097
19.3705,0.029746
19.3705,0.0297777
19.3716,0.0298055
19.3716,0.0298298
19.3727,0.0298511
19.3727,0.0298697
19.3739,0.029761
19.3739,0.0296659
19.375,0.0295826
19.375,0.0295098
19.3761,0.0295711
19.3761,0.0296247
19.3772,0.0296716
19.3772,0.0297127
19.3785,0.0297486
19.3785,0.02978
19.3796,0.0298075
19.3796,0.0298316
19.3807,0.0298526
19.3807,0.029871
19.3819,0.0297622
19.3819,0.0296669
19.383,0.0295835
19.383,0.0295106
19.3841,0.0295718
19.3841,0.0296253
19.3854,0.0296721
19.3854,0.0297131
19.3865,0.029749
19.3865,0.0297804
19.3876,0.0298078
19.3876,0.0298318
19.3887,0.0298529
19.3887,0.0298712
19.3899,0.0297623
19.3899,0.029667
19.391,0.0295837
19.391,0.0295107
19.3921,0.0295719
19.3921,0.0296254
19.3934,0.0296722
19.3934,0.0297132
19.3945,0.029749
19.3945,0.0297804
19.3956,0.0298079
19.3956,0.0298319
19.3967,0.0298529
19.3967,0.0298713
19.3979,0.0297624
19.3979,0.0296671
19.399,0.0295837
19.399,0.0295107
19.4002,0.0295719
19.4002,0.0296254
19.4014,0.0296722
19.4014,0.0297132
19.4025,0.029749
19.4025,0.0297804
19.4036,0.0298079
19.4036,0.0298319
19.4047,0.0298529
19.4047,0.0298713
19.4059,0.0297624
19.4059,0.0296671
19.407,0.0295837
19.407,0.0295107
19.4082,0.0295719
19.4082,0.0296254
19.4094,0.0296722
19.4094,0.0297132
19.4105,0.029749
19.4105,0.0297804
19.4116,0.0298079
19.4116,0.0298319
19.4127,0.0298529
19.4127,0.0298713
19.4139,0.0297624
19.4139,0.0296671
19.4151,0.0297087
19.4151,0.0297451
19.4162,0.029777
19.4162,0.0298048
19.4174,0.0298292
19.4174,0.0298506
19.4185,0.0298693
19.4185,0.0298856
19.4196,0.0298999
19.4196,0.0299124
19.4207,0.0299234
19.4207,0.0299329
19.4219,0.0298163
19.4219,0.0297143
19.4231,0.02975
19.4231,0.0297812
19.4242,0.0298086
19.4242,0.0298325
19.4254,0.0298535
19.4254,0.0298718
19.4265,0.0298878
19.4265,0.0299018
19.4276,0.0299141
19.4276,0.0299248
19.4287,0.0299342
19.4287,0.0299424
19.43,0.0298246
19.43,0.0297216
19.4311,0.0297564
19.4311,0.0297868
19.4322,0.0298135
19.4322,0.0298368
19.4334,0.0298572
19.4334,0.029875
19.4345,0.0298907
19.4345,0.0299043
19.4356,0.0299163
19.4356,0.0299267
19.4369,0.0299359
19.4369,0.0299439
19.438,0.0298259
19.438,0.0297227
19.4391,0.0297573
19.4391,0.0297877
19.4402,0.0298142
19.4402,0.0298374
19.4414,0.0298578
19.4414,0.0298755
19.4425,0.0298911
19.4425,0.0299047
19.4436,0.0299166
19.4436,0.029927
19.445,0.0298112
19.445,0.0297098
19.446,0.029621
19.446,0.0295434
19.4471,0.0296005
19.4471,0.0296504
19.4482,0.0296941
19.4482,0.0297324
19.4494,0.0297658
19.4494,0.0297951
19.4505,0.0298207
19.4505,0.0298431
19.4517,0.0298627
19.4517,0.0298799
19.4529,0.0297699
19.4529,0.0296737
19.454,0.0295894
19.454,0.0295158
19.4551,0.0295763
19.4551,0.0296293
19.4562,0.0298006
19.4562,0.0298255
19.4574,0.0299723
19.4574,0.0299758
19.4585,0.0301038
19.4585,0.0300908
19.4597,0.0302045
19.4597,0.0301789
19.4609,0.0302816
19.4609,0.0301214
19.462,0.0301062
19.462,0.0299679
19.4631,0.0300969
19.4631,0.0300848
19.4642,0.0301992
19.4642,0.0301743
19.4654,0.0302775
19.4654,0.0302428
19.4666,0.0303375
19.4666,0.0302953
19.4677,0.0303834
19.4677,0.0303355
19.4689,0.0304185
19.4689,0.0302412
19.47,0.0302111
19.47,0.0300597
19.4711,0.0301772
19.4711,0.0301551
19.4722,0.0302607
19.4722,0.0302281
19.4734,0.0303246
19.4734,0.030284
19.4746,0.0303735
19.4746,0.0303268
19.4757,0.030411
19.4757,0.0303596
19.4769,0.0304396
19.4769,0.0302597
19.478,0.0302272
19.478,0.0300738
19.4791,0.0301896
19.4791,0.0301659
19.4802,0.0302702
19.4802,0.0302364
19.4815,0.0303318
19.4815,0.0302904
19.4826,0.0303791
19.4826,0.0303317
19.4837,0.0304152
19.4837,0.0303633
19.485,0.0304429
19.485,0.0302625
19.486,0.0302297
19.486,0.030076
19.4871,0.0301915
19.4871,0.0301676
19.4882,0.0302716
19.4882,0.0302377
19.4895,0.030333
19.4895,0.0302913
19.4906,0.0303799
19.4906,0.0303324
19.4917,0.0304159
19.4917,0.0303639
19.4929,0.0304434
19.4929,0.030263
19.494,0.0302301
19.494,0.0300763
19.4951,0.0301918
19.4951,0.0301678
19.4964,0.0302718
19.4964,0.0302379
19.4975,0.0303331
19.4975,0.0302915
19.4986,0.0303801
19.4986,0.0303325
19.4997,0.030416
19.4997,0.030364
19.5009,0.0304435
19.5009,0.030263
19.502,0.0302302
19.502,0.0300764
19.5031,0.0301918
19.5031,0.0301679
19.5044,0.0302719
19.5044,0.0302379
19.5056,0.0303332
19.5056,0.0302915
19.5066,0.0303801
19.5066,0.0303326
19.5077,0.030416
19.5077,0.030364
19.5089,0.0304435
19.5089,0.0302631
19.51,0.0302302
19.51,0.0300764
19.5112,0.0301919
19.5112,0.0301679
19.5124,0.0302719
19.5124,0.0302379
19.5135,0.0303332
19.5135,0.0302915
19.5146,0.0303801
19.5146,0.0303326
19.5157,0.030416
19.5157,0.030364
19.5169,0.0304435
19.5169,0.0302631
19.5181,0.0303552
19.5181,0.0303108
19.5192,0.0303969
19.5192,0.0303473
19.5204,0.0304289
19.5204,0.0303753
19.5215,0.0304534
19.5215,0.0303967
19.5226,0.0304721
19.5226,0.0304131
19.5237,0.0304865
19.5237,0.0304257
19.5256,0.0306224
19.5256,0.0305446
19.5261,0.0306016
19.5261,0.0305264
19.5272,0.0305856
19.5272,0.0305124
19.5284,0.0305733
19.5284,0.0305017
19.5295,0.030564
19.5295,0.0304935
19.5306,0.0305568
19.5306,0.0304872
19.5317,0.0305513
19.5317,0.0304824
19.533,0.0305471
19.533,0.0303537
19.5341,0.0304345
19.5341,0.0303802
19.5352,0.0304576
19.5352,0.0304004
19.5364,0.0304754
19.5364,0.030416
19.5375,0.030489
19.5375,0.0304278
19.5386,0.0304994
19.5386,0.0304369
19.5397,0.0305073
19.5397,0.0304439
19.541,0.0305134
19.541,0.0303242
19.5421,0.0304087
19.5421,0.0303576
19.5432,0.0304379
19.5432,0.0303832
19.545,0.0304603
19.545,0.0304027
19.5456,0.0304774
19.5456,0.0304177
19.5466,0.0304905
19.5466,0.0304292
19.5479,0.0305005
19.5479,0.030313
19.549,0.0302739
19.549,0.0301146
19.5501,0.0302253
19.5501,0.0301971
19.5512,0.0302975
19.5512,0.0302603
19.5524,0.0303528
19.5524,0.0303087
19.5535,0.0303951
19.5535,0.0303457
19.5546,0.0304275
19.5546,0.030249
19.5559,0.0302179
19.5559,0.0300657
19.557,0.0300575
19.557,0.0299253
19.5581,0.0300596
19.5581,0.0300522
19.5592,0.0301706
19.5592,0.0301493
19.5604,0.0302557
19.5604,0.0302237
19.5615,0.0303207
19.5615,0.0302806
19.5627,0.0303706
19.5627,0.0303242
19.5639,0.0304087
19.5639,0.0302326
19.565,0.0302035
19.565,0.0300531
19.5661,0.0301715
19.5661,0.03015
19.5672,0.0302563
19.5672,0.0302242
19.5684,0.0303212
19.5684,0.0304061
19.5695,0.0304803
19.5695,0.0305453
19.5707,0.0306021
19.5707,0.0306518
19.5719,0.0306954
19.5719,0.0307334
19.573,0.0306418
19.573,0.0305615
19.5741,0.0306163
19.5741,0.0306643
19.5752,0.0307063
19.5752,0.030743
19.5764,0.0307751
19.5764,0.0308032
19.5776,0.0308278
19.5776,0.0308493
19.5787,0.0308682
19.5787,0.0308846
19.5799,0.0308991
19.5799,0.0309117
19.581,0.0307977
19.581,0.030698
19.5821,0.0307358
19.5821,0.0307688
19.5832,0.0307977
19.5832,0.030823
19.5845,0.0308451
19.5845,0.0308645
19.5856,0.0308814
19.5856,0.0308962
19.5867,0.0309092
19.5867,0.0309206
19.5879,0.0309305
19.5879,0.0309392
19.589,0.0308218
19.589,0.0307191
19.5901,0.0307542
19.5901,0.0307849
19.5912,0.0308118
19.5912,0.0308353
19.5925,0.0308559
19.5925,0.0308739
19.5936,0.0308897
19.5936,0.0309035
19.5947,0.0309155
19.5947,0.0309261
19.5959,0.0309353
19.5959,0.0309434
19.5976,0.0309505
19.5976,0.0309567
19.5981,0.0309621
19.5981,0.0309668
19.5994,0.030971
19.5994,0.0309746
19.6011,0.0311028
19.6011,0.0312149
19.6016,0.0311881
19.6016,0.0311646
19.6027,0.031144
19.6027,0.031126
19.6039,0.0311102
19.6039,0.0310965
19.605,0.0309594
19.605,0.0308395
19.6061,0.0308595
19.6061,0.0308771
19.6074,0.0308925
19.6074,0.0309059
19.6085,0.0309177
19.6085,0.030928
19.6096,0.030937
19.6096,0.0309448
19.6107,0.0309517
19.6107,0.0309578
19.6119,0.030963
19.6119,0.0309677
19.613,0.0308467
19.613,0.0307409
19.6142,0.0307733
19.6142,0.0308016
19.6154,0.0308264
19.6154,0.0308481
19.6165,0.0308671
19.6165,0.0308837
19.6176,0.0308982
19.6176,0.030911
19.6187,0.0309221
19.6187,0.0309318
19.6199,0.0309403
19.6199,0.0309478
19.621,0.0308293
19.621,0.0307257
19.6222,0.03076
19.6222,0.03079
19.6234,0.0308162
19.6234,0.0308392
19.6245,0.0308593
19.6245,0.0308769
19.6256,0.0308923
19.6256,0.0309057
19.6267,0.0309175
19.6267,0.0309278
19.6279,0.0308118
19.6279,0.0307104
19.6291,0.0307466
19.6291,0.0307782
19.6302,0.030806
19.6302,0.0308302
19.6314,0.0307264
19.6314,0.0306356
19.6325,0.0306812
19.6325,0.030721
19.6336,0.0307559
19.6336,0.0307864
19.6347,0.0308131
19.6347,0.0308365
19.6359,0.0308569
19.6359,0.0308748
19.6371,0.0308904
19.6371,0.0309041
19.6382,0.0309161
19.6382,0.0309266
19.6394,0.0309358
19.6394,0.0309438
19.6405,0.0309508
19.6405,0.030957
19.6416,0.0309624
19.6416,0.0309671
19.6427,0.0309712
19.6427,0.0309748
19.644,0.0309779
19.644,0.0309807
19.6451,0.0309831
19.6451,0.0309852
19.6462,0.0309871
19.6462,0.0309887
19.6474,0.0309901
19.6474,0.0309913
19.6485,0.0309924
19.6485,0.0309934
19.6496,0.0309942
19.6496,0.0309949
19.6507,0.0309956
19.6507,0.0309961
19.652,0.0309966
19.652,0.030997
19.6531,0.0309974
19.6531,0.0309977
19.6542,0.030998
19.6542,0.0309983
19.6554,0.0309985
19.6554,0.0309987
19.6565,0.0309988
19.6565,0.030999
19.6576,0.0309991
19.6576,0.0309992
19.6589,0.0309993
19.6589,0.0309994
19.66,0.0308745
19.66,0.0307652
19.6611,0.0307945
19.6611,0.0308202
19.6622,0.0308427
19.6622,0.0308623
19.6634,0.0308795
19.6634,0.0308946
19.6645,0.0309078
19.6645,0.0309193
19.6657,0.0309294
19.6657,0.0309382
19.6669,0.0309459
19.6669,0.0309527
19.668,0.0308336
19.668,0.0307294
19.6691,0.0307632
19.6691,0.0307928
19.6702,0.0308187
19.6702,0.0308414
19.6714,0.0308612
19.6714,0.0308786
19.6725,0.0308937
19.6725,0.030907
19.6737,0.0309186
19.6737,0.0309288
19.675,0.0309377
19.675,0.0309455
19.676,0.0308273
19.676,0.0307239
19.6771,0.0307584
19.6771,0.0307886
19.6782,0.030815
19.6782,0.0308382
19.6794,0.0308584
19.6794,0.0308761
19.6806,0.0308916
19.6806,0.0309051
19.6817,0.030917
19.6817,0.0309274
19.6829,0.0309364
19.6829,0.0309444
19.684,0.0308263
19.684,0.030723
19.6851,0.0307577
19.6851,0.030788
19.6862,0.0308145
19.6862,0.0308377
19.6874,0.0309829
19.6874,0.0309851
19.6886,0.0311119
19.6886,0.0310979
19.6897,0.0312107
19.6897,0.0311844
19.6909,0.0312863
19.6909,0.0312505
19.692,0.0313442
19.692,0.0311762
19.6931,0.0312792
19.6931,0.0312443
19.6942,0.0313387
19.6942,0.0312964
19.6956,0.0313843
19.6956,0.0313363
19.6966,0.0314193
19.6966,0.0313669
19.6977,0.031446
19.6977,0.0313902
19.6989,0.0314665
19.6989,0.0314082
19.7,0.0314821
19.7,0.0312969
19.7011,0.0313848
19.7011,0.0313367
19.7022,0.0314196
19.7022,0.0313671
19.7035,0.0314462
19.7035,0.0313905
19.7046,0.0314667
19.7046,0.0314083
19.7057,0.0314823
19.7057,0.031422
19.7069,0.0314942
19.7069,0.0314325
19.708,0.0315034
19.708,0.0313155
19.7091,0.031401
19.7091,0.0313509
19.7104,0.031432
19.7104,0.031378
19.7115,0.0314558
19.7115,0.0313988
19.7126,0.031474
19.7126,0.0314147
19.7137,0.0314879
19.7137,0.0314269
19.715,0.0314985
19.715,0.0314362
19.716,0.0315067
19.716,0.0313183
19.7171,0.0314036
19.7171,0.0313531
19.7184,0.031434
19.7184,0.0313797
19.7195,0.0314573
19.7195,0.0314001
19.7206,0.0314751
19.7206,0.0314157
19.7217,0.0314887
19.7217,0.0314276
19.7229,0.0314992
19.7229,0.0314368
19.724,0.0315072
19.724,0.0313188
19.7252,0.0314039
19.7252,0.0313534
19.7264,0.0314343
19.7264,0.03138
19.7275,0.0314575
19.7275,0.0314003
19.7286,0.0314753
19.7286,0.0314159
19.7297,0.0314889
19.7297,0.0314278
19.7309,0.0314993
19.7309,0.0314369
19.7321,0.0316323
19.7321,0.0315532
19.7332,0.0316091
19.7332,0.0315329
19.7344,0.0315913
19.7344,0.0315174
19.7356,0.0315777
19.7356,0.0315055
19.7366,0.0315673
19.7366,0.0314964
19.7377,0.0315594
19.7377,0.0314894
19.7389,0.0315533
19.7389,0.0314841
19.7401,0.0316736
19.7401,0.0315894
19.7412,0.0316407
19.7412,0.0315606
19.7424,0.0316155
19.7424,0.0315386
19.7435,0.0315963
19.7435,0.0315217
19.7446,0.0315815
19.7446,0.0315088
19.7457,0.0315702
19.7457,0.0314989
19.747,0.0315616
19.747,0.0314914
19.7481,0.03168
19.7481,0.031595
19.7492,0.0316456
19.7492,0.0315649
19.7504,0.0316193
19.7504,0.0315419
19.7515,0.0315991
19.7515,0.0315242
19.7526,0.0315837
19.7526,0.0315107
19.7537,0.0315719
19.7537,0.0315004
19.755,0.0315629
19.755,0.0314925
19.7561,0.0316809
19.7561,0.0315958
19.7572,0.0316463
19.7572,0.0315656
19.7584,0.0316199
19.7584,0.0315424
19.7595,0.0315996
19.7595,0.0315246
19.7606,0.0315841
19.7606,0.031511
19.7619,0.0315722
19.7619,0.0315006
19.763,0.0315631
19.763,0.0313677
19.7641,0.0314467
19.7641,0.0313909
19.7652,0.031467
19.7652,0.0314086
19.7664,0.0314826
19.7664,0.0314222
19.7675,0.0314945
19.7675,0.0314327
19.7686,0.0315036
19.7686,0.0314406
19.7699,0.0315105
19.7699,0.0314467
19.771,0.0315159
19.771,0.0313264
19.7721,0.0314106
19.7721,0.0313593
19.7732,0.0314394
19.7732,0.0313844
19.7744,0.0314614
19.7744,0.0314037
19.7756,0.0314782
19.7756,0.0314185
19.7767,0.0314912
19.7767,0.0314298
19.7779,0.031501
19.7779,0.0314384
19.779,0.0315086
19.779,0.03132
19.7801,0.031405
19.7801,0.0313544
19.7812,0.0314351
19.7812,0.0313807
19.7824,0.0314581
19.7824,0.0314009
19.7835,0.0314757
19.7835,0.0314163
19.7847,0.0314892
19.7847,0.0314281
19.7859,0.0314996
19.7859,0.0314371
19.787,0.0315075
19.787,0.0313191
19.7881,0.0314042
19.7881,0.0313536
19.7892,0.0314344
19.7892,0.0313801
19.7904,0.0314576
19.7904,0.0314004
19.7916,0.0314754
19.7916,0.0314159
19.7927,0.0314889
19.7927,0.0314278
19.7939,0.0314994
19.7939,0.0314369
19.795,0.0315073
19.795,0.0313189
19.7961,0.031404
19.7961,0.0313535
19.7972,0.0314343
19.7972,0.03138
19.7984,0.0314575
19.7984,0.0314003
19.7996,0.0314753
19.7996,0.0314159
19.8007,0.0314889
19.8007,0.0314278
19.8019,0.0314993
19.8019,0.0314369
19.803,0.0315073
19.803,0.0313189
19.8041,0.031404
19.8041,0.0313535
19.8052,0.0314343
19.8052,0.03138
19.8065,0.0314575
19.8065,0.0314003
19.8076,0.0314753
19.8076,0.0314159
19.8087,0.0314889
19.8087,0.0314278
19.8099,0.0314993
19.8099,0.0314369
19.811,0.0315073
19.811,0.0313189
19.8121,0.031404
19.8121,0.0313535
19.8134,0.0314343
19.8134,0.03138
19.8145,0.0314575
19.8145,0.0314003
19.8156,0.0314753
19.8156,0.0315409
19.8167,0.0315983
19.8167,0.0316485
19.8179,0.0316924
19.8179,0.0317309
19.8196,0.0318895
19.8196,0.0320283
19.8201,0.0320248
19.8201,0.0320217
19.8214,0.032019
19.8214,0.0320166
19.8225,0.0320145
19.8225,0.0320127
19.8236,0.0320111
19.8236,0.0320097
19.8247,0.0320085
19.8247,0.0320074
19.8259,0.0320065
19.8259,0.0320057
19.827,0.032005
19.827,0.0320044
19.8282,0.0320038
19.8282,0.0320033
19.8294,0.0320029
19.8294,0.0320026
19.8305,0.0320022
19.8305,0.032002
19.8316,0.0320017
19.8316,0.0320015
19.8327,0.0320013
19.8327,0.0320011
19.8339,0.032001
19.8339,0.0320009
19.835,0.0320008
19.835,0.0320007
19.8362,0.0320006
19.8362,0.0320005
19.8374,0.0320004
19.8374,0.0320004
19.8385,0.0320003
19.8385,0.0320003
19.8396,0.0320003
19.8396,0.0320002
19.8407,0.0320002
19.8407,0.0320002
19.8419,0.0320002
19.8419,0.0320001
19.8431,0.0321251
19.8431,0.0322345
19.8442,0.0322052
19.8442,0.0321795
19.8454,0.0321571
19.8454,0.0321374
19.8465,0.0321203
19.8465,0.0321052
19.8476,0.0320921
19.8476,0.0320806
19.8487,0.0320705
19.8487,0.0320617
19.8499,0.032054
19.8499,0.0320472
19.8511,0.0320413
19.8511,0.0320362
19.8522,0.0320316
19.8522,0.0320277
19.8534,0.0320242
19.8534,0.0320212
19.8545,0.0320185
19.8545,0.0320162
19.8556,0.0320142
19.8556,0.0320124
19.8567,0.0320109
19.8567,0.0320095
19.858,0.0320083
19.858,0.0320073
19.8591,0.0321314
19.8591,0.0322399
19.8602,0.03221
19.8602,0.0321837
19.8614,0.0321607
19.8614,0.0321407
19.8625,0.0321231
19.8625,0.0321077
19.8636,0.0320942
19.8636,0.0320824
19.8647,0.0320721
19.8647,0.0320631
19.866,0.0320552
19.866,0.0320483
19.8671,0.0321673
19.8671,0.0322714
19.8682,0.0322375
19.8682,0.0322078
19.8694,0.0321818
19.8694,0.0321591
19.8705,0.0321392
19.8705,0.0321218
19.8716,0.0321066
19.8716,0.0320932
19.8729,0.0320816
19.8729,0.0320714
19.874,0.0320625
19.874,0.0320547
19.8751,0.0320478
19.8751,0.0320418
19.8762,0.0320366
19.8762,0.032032
19.8774,0.032028
19.8774,0.0320245
19.8785,0.0320215
19.8785,0.0320188
19.8797,0.0320164
19.8797,0.0320144
19.8809,0.0320126
19.8809,0.032011
19.882,0.0320096
19.882,0.0320084
19.8831,0.0320074
19.8831,0.0320064
19.8842,0.0320056
19.8842,0.0320049
19.8854,0.0320043
19.8854,0.0320038
19.8865,0.0320033
19.8865,0.0320029
19.8877,0.0320025
19.8877,0.0320022
19.8889,0.0320019
19.8889,0.0320017
19.89,0.0320015
19.89,0.0320013
19.8911,0.0320011
19.8911,0.032001
19.8922,0.0320009
19.8922,0.0320008
19.8934,0.0320007
19.8934,0.0320006
19.8946,0.0320005
19.8946,0.0320004
19.8957,0.0320004
19.8957,0.0320003
19.8969,0.0320003
19.8969,0.0320003
19.898,0.0320002
19.898,0.0320002
19.8991,0.0320002
19.8991,0.0320001
19.9002,0.0320001
19.9002,0.0320001
19.9014,0.0320001
19.9014,0.0320001
19.9026,0.0320001
19.9026,0.0320001
19.9037,0.0320001
19.9037,0.032
19.905,0.032
19.905,0.032
19.906,0.032
19.906,0.032
19.9071,0.032
19.9071,0.032
19.9082,0.032
19.9082,0.032
19.9095,0.032
19.9095,0.032
19.9106,0.032
19.9106,0.032
19.9117,0.032
19.9117,0.032
19.9129,0.032
19.9129,0.032
19.914,0.032
19.914,0.032
19.9151,0.032
19.9466,0.032125
19.9466,0.0322344
19.9472,0.0322051
19.9472,0.0321794
19.9484,0.032157
19.9484,0.0321374
19.9495,0.0321202
19.9495,0.0321052
19.9506,0.032092
19.9506,0.0320805
19.9517,0.0320705
19.9517,0.0320617
19.9529,0.0321789
19.9529,0.0321566
19.9541,0.032387
19.9541,0.0324636
19.9552,0.0326557
19.9552,0.0325737
19.9564,0.032627
19.9564,0.0325486
19.9575,0.032605
19.9575,0.0325294
19.9586,0.0325882
19.9586,0.0325147
19.9597,0.0325754
19.9597,0.0325034
19.961,0.0325655
19.961,0.0324948
19.9621,0.032683
19.9621,0.0327226
19.9632,0.0328823
19.9632,0.032772
19.9644,0.0328005
19.9644,0.0327004
19.9656,0.0327379
19.9656,0.0326456
19.9666,0.0326899
19.9666,0.0326037
19.9677,0.0326532
19.9677,0.0325716
19.969,0.0326251
19.969,0.032547
19.9701,0.0327286
19.9701,0.0327625
19.9712,0.0329172
19.9712,0.0328026
19.9724,0.0328272
19.9724,0.0327238
19.9735,0.0327584
19.9735,0.0326636
19.9746,0.0327056
19.9746,0.0326174
19.9759,0.0326652
19.9759,0.0325821
19.977,0.0326343
19.977,0.032555
19.9781,0.0327357
19.9781,0.0326437
19.9792,0.0326882
19.9792,0.0326022
19.9804,0.0326519
19.9804,0.0325704
19.9815,0.0326241
19.9815,0.0325461
19.9826,0.0326028
19.9826,0.0325275
19.9839,0.0325866
19.9839,0.0325132
19.985,0.0325741
19.985,0.0325023
19.9861,0.0326895
19.9861,0.0326033
19.9872,0.0326529
19.9872,0.0325713
19.9884,0.0326249
19.9884,0.0325468
19.9895,0.0326034
19.9895,0.032528
19.9907,0.032587
19.9907,0.0325136
19.9919,0.0325744
19.9919,0.0325026
19.993,0.0325648
19.993,0.0324942
19.9941,0.0326824
19.9941,0.0325971
19.9952,0.0326475
19.9952,0.0325665
19.9964,0.0326207
19.9964,0.0325431
19.9975,0.0326002
19.9975,0.0325252
19.9987,0.0325846
19.9987,0.0325115
20.0005,0.0326976
20.0005,0.0327354
20.001,0.0327684
20.001,0.0326724
20.0021,0.0328383
20.0021,0.0327335
20.0032,0.0327668
20.0032,0.032671
20.0044,0.0327121
20.0044,0.0326231
20.0056,0.0326702
20.0056,0.0325864
20.0067,0.0326381
20.0067,0.0325584
20.0079,0.0326136
20.0079,0.0325369
20.009,0.0325948
20.009,0.0325204
20.0101,0.0327054
20.0101,0.0326172
20.0112,0.032665
20.0112,0.0325819
20.0124,0.0326342
20.0124,0.0325549
20.0136,0.0326105
20.0136,0.0325342
20.0147,0.0325924
20.0147,0.0325184
20.0159,0.0325786
20.0159,0.0325063
20.017,0.032568
20.017,0.032497
20.0187,0.0326849
20.0187,0.0325993
20.0192,0.0326493
20.0192,0.0325682
20.0205,0.0326222
20.0205,0.0325444
20.0216,0.0326013
20.0216,0.0325262
20.0227,0.0325854
20.0227,0.0325122
20.0239,0.0325732
20.0239,0.0325015
20.025,0.0325639
20.025,0.0324934
20.0261,0.0326817
20.0261,0.0325965
20.0274,0.0326469
20.0274,0.0325661
20.0285,0.0326203
20.0285,0.0325428
20.0296,0.0325999
20.0296,0.0325249
20.0307,0.0325843
20.0307,0.0325113
20.0325,0.0326974
20.0325,0.0326102
20.033,0.0325339
20.033,0.0324672
20.0341,0.0326588
20.0341,0.0325764
20.0354,0.0326294
20.0354,0.0325507
20.0365,0.0326069
20.0365,0.032531
20.0376,0.0325896
20.0376,0.0325159
20.0387,0.0325764
20.0387,0.0325044
20.0399,0.0325663
20.0399,0.0324955
20.041,0.0325586
20.041,0.0324888
20.0422,0.0326777
20.0422,0.032593
20.0434,0.0326438
20.0434,0.0325634
20.0445,0.0326179
20.0445,0.0325407
20.0456,0.0325981
20.0456,0.0325233
20.0467,0.0325829
20.0467,0.0325101
20.0479,0.0325713
20.0479,0.0324999
20.049,0.0325624
20.049,0.0324921
20.0502,0.0326806
20.0502,0.0325955
20.0514,0.0326461
20.0514,0.0325653
20.0525,0.0326197
20.0525,0.0325422
20.0536,0.0325994
20.0536,0.0325245
20.0547,0.0325839
20.0547,0.0325109
20.0559,0.0325721
20.0559,0.0325006
20.0571,0.032688
20.0571,0.032727
20.0582,0.0328861
20.0582,0.0327754
20.0594,0.0328034
20.0594,0.032703
20.0605,0.0327401
20.0605,0.0326476
20.0616,0.0326917
20.0616,0.0326052
20.0627,0.0326545
20.0627,0.0325727
20.0639,0.0326261
20.0639,0.0324229
20.0651,0.032495
20.0651,0.0325581
20.0662,0.0327384
20.0662,0.0326461
20.0674,0.0326903
20.0674,0.032604
20.0685,0.0326535
20.0685,0.0325718
20.0696,0.0326254
20.0696,0.0325472
20.0714,0.0327288
20.0714,0.0327627
20.072,0.0327923
20.072,0.0326933
20.0731,0.0328566
20.0731,0.0328746
20.0742,0.0330152
20.0742,0.0328883
20.0754,0.0329023
20.0754,0.0327895
20.0765,0.0328158
20.0765,0.0327138
20.0776,0.0327496
20.0776,0.0326559
20.0787,0.0326989
20.0787,0.0326116
20.08,0.0326601
20.08,0.0325776
20.0811,0.0327554
20.0811,0.032786
20.0822,0.0329377
20.0822,0.0328205
20.0834,0.0328429
20.0834,0.0327376
20.0845,0.0327704
20.0845,0.0326741
20.0856,0.0327148
20.0856,0.0326255
20.0869,0.0326723
20.0869,0.0325882
20.088,0.0326397
20.088,0.0325597
20.0891,0.0327398
20.0891,0.0326473
20.0902,0.0326914
20.0902,0.032605
20.0914,0.0326543
20.0914,0.0325726
20.0925,0.032626
20.0925,0.0325477
20.0936,0.0326043
20.0936,0.0325287
20.095,0.0325876
20.095,0.0325142
20.096,0.0325749
20.096,0.032503
20.0971,0.0326902
20.0971,0.0326039
20.0982,0.0326534
20.0982,0.0325717
20.0994,0.0326253
20.0994,0.0325471
20.1005,0.0326037
20.1005,0.0325283
20.1017,0.0325872
20.1017,0.0326388
20.1029,0.032684
20.1029,0.0327235
20.104,0.032633
20.104,0.0325539
20.1051,0.0327347
20.1051,0.0328928
20.1062,0.0329062
20.1062,0.0329179
20.1074,0.0329282
20.1074,0.0329372
20.1086,0.032945
20.1086,0.0329519
20.1097,0.0329579
20.1097,0.0329632
20.1109,0.0329678
20.1109,0.0329718
20.112,0.0329753
20.112,0.0329784
20.1131,0.0331061
20.1131,0.0332178
20.1142,0.0331906
20.1142,0.0331668
20.1154,0.0331459
20.1154,0.0331277
20.1166,0.0331117
20.1166,0.0330978
20.1184,0.0332105
20.1184,0.0333092
20.1189,0.0332706
20.1189,0.0332368
20.1206,0.0333322
20.1206,0.0334156
20.1211,0.0334887
20.1211,0.0335526
20.1222,0.0334835
20.1222,0.0334231
20.1235,0.0333702
20.1235,0.0333239
20.1246,0.0332834
20.1246,0.033248
20.1257,0.033217
20.1257,0.0331899
20.1269,0.0331661
20.1269,0.0331454
20.128,0.0331272
20.128,0.0331113
20.1291,0.0332224
20.1291,0.0333196
20.1302,0.0332796
20.1302,0.0332447
20.1315,0.0332141
20.1315,0.0331873
20.1326,0.0331639
20.1326,0.0331434
20.1337,0.0331255
20.1337,0.0331098
20.135,0.0330961
20.135,0.0330841
20.136,0.0330736
20.136,0.0330644
20.1371,0.0331813
20.1371,0.0332837
20.1384,0.0332482
20.1384,0.0332172
20.1395,0.03319
20.1395,0.0331663
20.1406,0.0331455
20.1406,0.0331273
20.1417,0.0331114
20.1417,0.0330975
20.1429,0.0330853
20.1429,0.0330746
20.144,0.0330653
20.144,0.0330571
20.1451,0.033175
20.1451,0.0332781
20.1464,0.0332433
20.1464,0.0332129
20.1475,0.0331863
20.1475,0.033163
20.1486,0.0331426
20.1486,0.0331248
20.1497,0.0331092
20.1497,0.0330956
20.1509,0.0329586
20.1509,0.0328388
20.152,0.0328589
20.152,0.0328766
20.1532,0.032892
20.1532,0.0329055
20.1544,0.0329173
20.1544,0.0329276
20.1556,0.0329367
20.1556,0.0329446
20.1566,0.0329515
20.1566,0.0329576
20.1577,0.0329629
20.1577,0.0329675
20.1589,0.0329716
20.1589,0.0329751
20.16,0.0329782
20.16,0.032981
20.1612,0.0331083
20.1612,0.0332198
20.1624,0.0331923
20.1624,0.0331683
20.1635,0.0331472
20.1635,0.0331288
20.1646,0.0331127
20.1646,0.0330986
20.1657,0.0330863
20.1657,0.0330755
20.1669,0.0330661
20.1669,0.0330578
20.1681,0.0331756
20.1681,0.0332786
20.1692,0.0333688
20.1692,0.0334477
20.1704,0.0333917
20.1704,0.0333428
20.1715,0.0332999
20.1715,0.0332624
20.1726,0.0332296
20.1726,0.0332009
20.1737,0.0331758
20.1737,0.0331538
20.175,0.0331346
20.175,0.0331178
20.1761,0.0332281
20.1761,0.0333245
20.1772,0.033409
20.1772,0.0334829
20.1784,0.0334225
20.1784,0.0333697
20.1795,0.0333235
20.1795,0.033283
20.1806,0.0332477
20.1806,0.0332167
20.1817,0.0331896
20.1817,0.0331659
20.183,0.0331452
20.183,0.033127
20.1841,0.0332361
20.1841,0.0333316
20.1852,0.0334152
20.1852,0.0334883
20.1864,0.0334272
20.1864,0.0333738
20.1875,0.0333271
20.1875,0.0332862
20.1886,0.0332504
20.1886,0.0332191
20.1899,0.0331917
20.1899,0.0331678
20.191,0.0331468
20.191,0.0331285
20.1921,0.0332374
20.1921,0.0333327
20.1932,0.0334161
20.1932,0.0334891
20.1944,0.033428
20.1944,0.0333745
20.1956,0.0333277
20.1956,0.0332867
20.1966,0.0332509
20.1966,0.0332195
20.1985,0.0333171
20.1985,0.0334024
20.199,0.0333521
20.199,0.0333081
20.2001,0.0333946
20.2001,0.0334703
20.2012,0.0334115
20.2012,0.0333601
20.2024,0.033315
20.2024,0.0332757
20.2035,0.0332412
20.2035,0.0332111
20.2047,0.0331847
20.2047,0.0331616
20.2059,0.0331414
20.2059,0.0331237
20.207,0.0331082
20.207,0.0330947
20.2081,0.0332079
20.2081,0.0333069
20.2092,0.0332685
20.2092,0.033235
20.2104,0.0332056
20.2104,0.0331799
20.2115,0.0331574
20.2115,0.0331377
20.2127,0.0331205
20.2127,0.0331054
20.2139,0.0330923
20.2139,0.0330807
20.215,0.0330706
20.215,0.0330618
20.2161,0.0331791
20.2161,0.0332817
20.2172,0.0332465
20.2172,0.0332157
20.2184,0.0331887
20.2184,0.0331651
20.2196,0.0331445
20.2196,0.0331264
20.2207,0.0331106
20.2207,0.0330968
20.2219,0.0330847
20.2219,0.0330741
20.223,0.0330648
20.223,0.0330567
20.2241,0.0331746
20.2241,0.0332778
20.2252,0.0332431
20.2252,0.0332127
20.2264,0.0331861
20.2264,0.0331628
20.2276,0.0331425
20.2276,0.0331247
20.2287,0.0331091
20.2287,0.0330955
20.2299,0.0330835
20.2299,0.0330731
20.231,0.0329389
20.231,0.0328216
20.2321,0.0329689
20.2321,0.0330978
20.2332,0.0330855
20.2332,0.0330749
20.2345,0.0330655
20.2345,0.0330573
20.2356,0.0330501
20.2356,0.0330439
20.2367,0.0330384
20.2367,0.0330336
20.2379,0.0330294
20.2379,0.0330257
20.239,0.0330225
20.239,0.0330197
20.2401,0.0331422
20.2401,0.0332494
20.2412,0.0332183
20.2412,0.033191
20.2425,0.0331671
20.2425,0.0331462
20.2436,0.0331279
20.2436,0.033112
20.2447,0.033098
20.2447,0.0330857
20.2459,0.033075
20.2459,0.0330656
20.247,0.0330574
20.247,0.0330502
20.2481,0.033169
20.2481,0.0332728
20.2494,0.0332387
20.2494,0.0332089
20.2505,0.0331828
20.2505,0.0331599
20.2516,0.0331399
20.2516,0.0331224
20.2527,0.0331071
20.2527,0.0330937
20.2539,0.033082
20.2539,0.0330718
20.255,0.0330628
20.255,0.033055
20.2562,0.0331731
20.2562,0.0332764
20.2574,0.0332419
20.2574,0.0332117
20.2585,0.0331852
20.2585,0.033162
20.2596,0.0331418
20.2596,0.0331241
20.2607,0.0331086
20.2607,0.033095
20.2619,0.0330831
20.2619,0.0330727
20.263,0.0330636
20.263,0.0330557
20.2642,0.0331737
20.2642,0.033277
20.2654,0.0332424
20.2654,0.0332121
20.2665,0.0333106
20.2665,0.0332717
20.2676,0.0333628
20.2676,0.0333174
20.2687,0.0334028
20.2687,0.0333524
20.2699,0.0334334
20.2699,0.0333792
20.2711,0.0335818
20.2711,0.0336341
20.2722,0.0338048
20.2722,0.0338292
20.2734,0.0339756
20.2734,0.0338536
20.2745,0.0338719
20.2745,0.0337629
20.2756,0.0337926
20.2756,0.0336935
20.2767,0.0337318
20.2767,0.0336403
20.2779,0.0336853
20.2779,0.0335996
20.2791,0.0337747
20.2791,0.0338028
20.2802,0.0339525
20.2802,0.0339584
20.2814,0.0340886
20.2814,0.0339525
20.2825,0.0339585
20.2825,0.0338387
20.2836,0.0338588
20.2836,0.0337515
20.2847,0.0337825
20.2847,0.0336847
20.286,0.0337241
20.286,0.0336336
20.2871,0.0338044
20.2871,0.0338289
20.2882,0.0339753
20.2882,0.0339783
20.2894,0.0341061
20.2894,0.0339678
20.2905,0.0339718
20.2905,0.0338503
20.2916,0.033869
20.2916,0.0337604
20.2927,0.0337904
20.2927,0.0336916
20.294,0.0337301
20.294,0.0336389
20.2951,0.033809
20.2951,0.0338329
20.2962,0.0339788
20.2962,0.0339814
20.2974,0.0341087
20.2974,0.0339701
20.2985,0.0339739
20.2985,0.0338521
20.2996,0.0338706
20.2996,0.0337618
20.3009,0.0337916
20.3009,0.0336926
20.302,0.033731
20.302,0.0336397
20.3031,0.0338097
20.3031,0.0338335
20.3042,0.0339793
20.3042,0.0338569
20.3054,0.0338748
20.3054,0.0337654
20.3065,0.0337948
20.3065,0.0336954
20.3076,0.0337335
20.3076,0.0336418
20.3089,0.0336866
20.3089,0.0336007
20.31,0.0336507
20.31,0.0335693
20.3111,0.0337482
20.3111,0.0337796
20.3122,0.0339322
20.3122,0.0338157
20.3134,0.0338387
20.3134,0.0337339
20.3145,0.0337671
20.3145,0.0336712
20.3157,0.0337123
20.3157,0.0336233
20.3169,0.0336704
20.3169,0.0335866
20.318,0.0336383
20.318,0.0335585
20.3191,0.0337387
20.3191,0.0337713
20.3202,0.0339249
20.3202,0.0338093
20.3214,0.0338331
20.3214,0.033729
20.3226,0.0337629
20.3226,0.0336675
20.3237,0.0337091
20.3237,0.0336204
20.325,0.0336679
20.325,0.0335844
20.326,0.0336363
20.326,0.0335568
20.3271,0.0337372
20.3271,0.0337701
20.3282,0.0339238
20.3282,0.0338083
20.3294,0.0338323
20.3294,0.0337282
20.3306,0.0337622
20.3306,0.0336669
20.3317,0.0337086
20.3317,0.03362
20.3329,0.0336675
20.3329,0.0335841
20.334,0.0336361
20.334,0.0335565
20.3351,0.033737
20.3351,0.0337699
20.3362,0.0339236
20.3362,0.0338082
20.3375,0.0338321
20.3375,0.0337281
20.3386,0.0337621
20.3386,0.0336668
20.3397,0.0337085
20.3397,0.0336199
20.3409,0.0336674
20.3409,0.033584
20.342,0.033636
20.342,0.0335565
20.3431,0.0337369
20.3431,0.0337698
20.3442,0.0339236
20.3442,0.0338081
20.3456,0.0338321
20.3456,0.0337281
20.3466,0.0337621
20.3466,0.0336668
20.3477,0.0337085
20.3477,0.0336199
20.3489,0.0336674
20.3489,0.033584
20.35,0.033636
20.35,0.0335565
20.3511,0.0337369
20.3511,0.0337698
20.3524,0.0339236
20.3524,0.0338081
20.3535,0.0338321
20.3535,0.0337281
20.3546,0.0337621
20.3546,0.0336668
20.3557,0.0337085
20.3557,0.0336199
20.3569,0.0336674
20.3569,0.033584
20.358,0.033636
20.358,0.0335565
20.3591,0.0337369
20.3591,0.0337698
20.3604,0.0339236
20.3604,0.0338081
20.3615,0.0338321
20.3615,0.0337281
20.3626,0.0337621
20.3626,0.0336668
20.3637,0.0337085
20.3637,0.0336199
20.365,0.0336674
20.365,0.033584
20.366,0.033636
20.366,0.0335565
20.3672,0.0337369
20.3672,0.0337698
20.3684,0.0339236
20.3684,0.0338081
20.3695,0.0338321
20.3695,0.0337281
20.3706,0.0337621
20.3706,0.0336668
20.3717,0.0337085
20.3717,0.0336199
20.3729,0.0336674
20.3729,0.033584
20.374,0.033636
20.374,0.0335565
20.3752,0.0337369
20.3752,0.0337698
20.3764,0.0339236
20.3764,0.0338081
20.3775,0.0338321
20.3775,0.0337281
20.3786,0.0337621
20.3786,0.0336668
20.3797,0.0337085
20.3797,0.0336199
20.3809,0.0336674
20.3809,0.033584
20.3821,0.033761
20.3821,0.0337909
20.3832,0.033942
20.3832,0.0339493
20.3844,0.0340806
20.3844,0.0339455
20.3856,0.0339523
20.3856,0.0338333
20.3866,0.0338541
20.3866,0.0337474
20.3877,0.0337789
20.3877,0.0336816
20.3889,0.0337214
20.3889,0.0336312
20.3901,0.0338023
20.3901,0.033827
20.3912,0.0339736
20.3912,0.0339769
20.3924,0.0341048
20.3924,0.0339667
20.3935,0.0339709
20.3935,0.0338495
20.3946,0.0338683
20.3946,0.0337598
20.3957,0.0337898
20.3957,0.0336911
20.397,0.0337297
20.397,0.0336385
20.3981,0.0338087
20.3981,0.0338326
20.3992,0.0339785
20.3992,0.0339812
20.4004,0.0341085
20.4004,0.03397
20.4015,0.0339737
20.4015,0.033852
20.4026,0.0338705
20.4026,0.0337617
20.4039,0.0337915
20.4039,0.0336925
20.405,0.033731
20.405,0.0336396
20.4061,0.0338097
20.4061,0.0338334
20.4072,0.0339793
20.4072,0.0339819
20.4084,0.0341091
20.4084,0.0339705
20.4095,0.0339742
20.4095,0.0338524
20.4106,0.0338709
20.4106,0.033762
20.4119,0.0337917
20.4119,0.0336928
20.413,0.0337312
20.413,0.0336398
20.4141,0.0338098
20.4141,0.0338336
20.4152,0.0339794
20.4152,0.033857
20.4164,0.0338748
20.4164,0.0337655
20.4175,0.0337948
20.4175,0.0336954
20.4187,0.0337335
20.4187,0.0336418
20.4199,0.0336866
20.4199,0.0336008
20.421,0.0336507
20.421,0.0335693
20.4221,0.0337482
20.4221,0.0337797
20.4232,0.0339322
20.4232,0.0338157
20.4244,0.0338387
20.4244,0.0337339
20.4256,0.0337671
20.4256,0.0336712
20.4267,0.0337123
20.4267,0.0336233
20.4279,0.0336704
20.4279,0.0335866
20.429,0.0336383
20.429,0.0336835
20.4301,0.033848
20.4301,0.033992
20.4312,0.034118
20.4312,0.0342283
20.4324,0.0341997
20.4324,0.0341748
20.4336,0.0341529
20.4336,0.0341338
20.4347,0.0341171
20.4347,0.0341024
20.4359,0.0340896
20.4359,0.0340784
20.437,0.0340686
20.437,0.0340601
20.4381,0.0341775
20.4381,0.0342804
20.4392,0.0343703
20.4392,0.034449
20.4404,0.0343929
20.4404,0.0343438
20.4416,0.0343008
20.4416,0.0342632
20.4427,0.0342303
20.4427,0.0342015
20.4439,0.0341763
20.4439,0.0341543
20.445,0.034135
20.445,0.0341181
20.4461,0.0342284
20.4461,0.0343248
20.4472,0.0344092
20.4472,0.0344831
20.4485,0.0344227
20.4485,0.0343698
20.4496,0.0343236
20.4496,0.0342832
20.4507,0.0342478
20.4507,0.0342168
20.4519,0.0341897
20.4519,0.034166
20.453,0.0341452
20.453,0.0341271
20.4541,0.0342362
20.4541,0.0343317
20.4552,0.0344152
20.4552,0.0344883
20.4565,0.0344273
20.4565,0.0343739
20.4576,0.0343271
20.4576,0.0342862
20.4587,0.0342505
20.4587,0.0342191
20.4599,0.0341918
20.4599,0.0341678
20.461,0.0341468
20.461,0.0341285
20.4621,0.0342374
20.4621,0.0343327
20.4634,0.0344161
20.4634,0.0344891
20.4645,0.034428
20.4645,0.0343745
20.4656,0.0343277
20.4656,0.0342867
20.4667,0.0342509
20.4667,0.0342195
20.4679,0.0341921
20.4679,0.0341681
20.469,0.0341471
20.469,0.0341287
20.4702,0.0342376
20.4702,0.0343329
20.4714,0.0344163
20.4714,0.0344892
20.4725,0.0344281
20.4725,0.0343746
20.4736,0.0343278
20.4736,0.0342868
20.4754,0.0343759
20.4754,0.0344539
20.4759,0.0343972
20.4759,0.0343475
20.477,0.0343041
20.477,0.0342661
20.4782,0.0343578
20.4782,0.0344381
20.4794,0.0345083
20.4794,0.0345698
20.4805,0.0344986
20.4805,0.0344362
20.4816,0.0343817
20.4816,0.034334
20.4827,0.0342923
20.4827,0.0342557
20.4839,0.0342238
20.4839,0.0341958
20.4851,0.0342963
20.4851,0.0343843
20.4862,0.0344612
20.4862,0.0345286
20.4874,0.0345875
20.4874,0.0346391
20.4885,0.0345592
20.4885,0.0344893
20.4896,0.0344281
20.4896,0.0343746
20.4907,0.0343278
20.4907,0.0342868
20.4919,0.034251
20.4919,0.0342196
20.4931,0.0343171
20.4931,0.0344025
20.4942,0.0344772
20.4942,0.0345425
20.4954,0.0345997
20.4954,0.0346498
20.4965,0.0345685
20.4965,0.0344975
20.4976,0.0344353
20.4976,0.0343809
20.4987,0.0343333
20.4987,0.0342916
20.5,0.0342552
20.5,0.0342233
20.5011,0.0343204
20.5011,0.0344053
20.5022,0.0344796
20.5022,0.0345447
20.5034,0.0346016
20.5034,0.0346514
20.5045,0.03457
20.5045,0.0344987
20.5056,0.0344364
20.5056,0.0343818
20.5067,0.0343341
20.5067,0.0342923
20.508,0.0342558
20.508,0.0342238
20.5091,0.0341958
20.5091,0.0341714
20.5102,0.0342749
20.5102,0.0343656
20.5114,0.0344449
20.5114,0.0345143
20.5125,0.03445
20.5125,0.0343937
20.5136,0.0343445
20.5136,0.0343015
20.515,0.0342638
20.515,0.0342308
20.516,0.034202
20.516,0.0341767
20.5171,0.0342796
20.5171,0.0343697
20.5182,0.0344485
20.5182,0.0345174
20.5194,0.0344527
20.5194,0.0343961
20.5205,0.0343466
20.5205,0.0343033
20.5216,0.0342654
20.5216,0.0342322
20.5229,0.0342032
20.5229,0.0341778
20.524,0.0341556
20.524,0.0341361
20.5251,0.0342441
20.5251,0.0343386
20.5262,0.0344213
20.5262,0.0344936
20.5274,0.0344319
20.5274,0.0343779
20.5291,0.0344557
20.5291,0.0345237
20.5297,0.0344582
20.5297,0.034401
20.5309,0.0343508
20.5309,0.034307
20.532,0.0342686
20.532,0.034235
20.5331,0.0343307
20.5331,0.0344143
20.5342,0.0344875
20.5342,0.0345516
20.5354,0.0344826
20.5354,0.0344223
20.5365,0.0343695
20.5365,0.0343233
20.5377,0.0342829
20.5377,0.0342476
20.5389,0.0342166
20.5389,0.0341895
20.54,0.0341658
20.54,0.0341451
20.5411,0.034252
20.5411,0.0343455
20.5422,0.0344273
20.5422,0.0344989
20.5434,0.0344365
20.5434,0.034382
20.5446,0.0343342
20.5446,0.0342924
20.5457,0.0342559
20.5457,0.0342239
20.5469,0.0341959
20.5469,0.0341714
20.548,0.03415
20.548,0.0341312
20.5491,0.0342398
20.5491,0.0343349
20.5502,0.034418
20.5502,0.0344907
20.5515,0.0344294
20.5515,0.0343757
20.5526,0.0343288
20.5526,0.0342877
20.5537,0.0342517
20.5537,0.0342202
20.555,0.0341927
20.555,0.0341686
20.556,0.0341475
20.556,0.0341291
20.5571,0.034238
20.5571,0.0343332
20.5582,0.0345416
20.5582,0.0345989
20.5595,0.034774
20.5595,0.0346773
20.5606,0.0347176
20.5606,0.0346279
20.5617,0.0346744
20.5617,0.0345901
20.5629,0.0346413
20.5629,0.0344362
20.564,0.0343817
20.564,0.0343339
20.5651,0.0345422
20.5651,0.0345994
20.5664,0.0347745
20.5664,0.0348027
20.5675,0.0349523
20.5675,0.0348333
20.5686,0.0348541
20.5686,0.0347474
20.5697,0.034779
20.5697,0.0346816
20.5709,0.0347214
20.5709,0.0346312
20.572,0.0346773
20.572,0.0345926
20.5731,0.0347686
20.5731,0.0347975
20.5744,0.0349478
20.5744,0.0349543
20.5762,0.03521
20.5762,0.0351838
20.5766,0.0351608
20.5766,0.0350157
20.5777,0.0350137
20.5777,0.034887
20.5789,0.0349011
20.5789,0.0347885
20.58,0.0348149
20.58,0.0347131
20.5812,0.0348739
20.5812,0.0348897
20.5824,0.0350285
20.5824,0.0350249
20.5835,0.0351468
20.5835,0.0350035
20.5846,0.035003
20.5846,0.0348776
20.5857,0.0348929
20.5857,0.0347813
20.5869,0.0348087
20.5869,0.0347076
20.588,0.0347441
20.588,0.0346511
20.5892,0.0348197
20.5892,0.0348423
20.5904,0.034987
20.5904,0.0349886
20.5915,0.035115
20.5915,0.0349756
20.5926,0.0349787
20.5926,0.0348564
20.5937,0.0348743
20.5937,0.034765
20.595,0.0347944
20.595,0.0346951
20.5961,0.0348582
20.5961,0.0348759
20.5972,0.0350164
20.5972,0.0350144
20.5984,0.0351376
20.5984,0.0351204
20.5995,0.0352303
20.5995,0.0350765
20.6006,0.035067
20.6006,0.0349336
20.6017,0.0349419
20.6017,0.0348242
20.6029,0.0348461
20.6029,0.0347404
20.6041,0.0348978
20.6041,0.0349106
20.6052,0.0350468
20.6052,0.0350409
20.6064,0.0351608
20.6064,0.0351407
20.6075,0.0352481
20.6075,0.0350921
20.6086,0.0350806
20.6086,0.0349455
20.6097,0.0349523
20.6097,0.0347083
20.611,0.0346197
20.611,0.0345423
20.6121,0.0347245
20.6121,0.0347589
20.6132,0.0349141
20.6132,0.0349248
20.6144,0.0350592
20.6144,0.0350518
20.6156,0.0351703
20.6156,0.035024
20.6166,0.035021
20.6166,0.0348934
20.6179,0.0349067
20.6179,0.0347934
20.619,0.0348192
20.619,0.0347168
20.6201,0.0348772
20.6201,0.0348926
20.6212,0.035031
20.6212,0.0350271
20.6224,0.0351487
20.6224,0.0351301
20.6235,0.0352389
20.6235,0.035084
20.6246,0.0350735
20.6246,0.0349393
20.6259,0.0349469
20.6259,0.0348285
20.627,0.03485
20.627,0.0347437
20.6281,0.0349008
20.6281,0.0349132
20.6292,0.035049
20.6292,0.0350429
20.6304,0.0351625
20.6304,0.0350172
20.6315,0.0350151
20.6315,0.0348882
20.6327,0.0349022
20.6327,0.0347894
20.6339,0.0348157
20.6339,0.0347137
20.635,0.0347495
20.635,0.0346558
20.6361,0.0348239
20.6361,0.0348459
20.6372,0.0349901
20.6372,0.0349914
20.6384,0.0351174
20.6384,0.0349778
20.6395,0.0349805
20.6395,0.034858
20.6407,0.0348757
20.6407,0.0347663
20.6419,0.0347955
20.6419,0.034696
20.643,0.034734
20.643,0.0346423
20.6441,0.034812
20.6441,0.0348355
20.6452,0.0349811
20.6452,0.0349834
20.6464,0.0351105
20.6464,0.0349717
20.6476,0.0349752
20.6476,0.0348533
20.6487,0.0348717
20.6487,0.0347627
20.6499,0.0347924
20.6499,0.0346933
20.651,0.0347317
20.651,0.0346402
20.6521,0.0348102
20.6521,0.0348339
20.6532,0.0349797
20.6532,0.0349822
20.6544,0.0351094
20.6544,0.0349707
20.6556,0.0349744
20.6556,0.0348526
20.6567,0.034871
20.6567,0.0347621
20.6579,0.0347919
20.6579,0.0346929
20.659,0.0347313
20.659,0.0346399
20.6601,0.0348099
20.6601,0.0348337
20.6612,0.0349794
20.6612,0.034982
20.6625,0.0351093
20.6625,0.0349706
20.6636,0.0349743
20.6636,0.0348525
20.6647,0.0348709
20.6647,0.0347621
20.6659,0.0347918
20.6659,0.0346928
20.667,0.0347312
20.667,0.0346398
20.6681,0.0348098
20.6681,0.0348336
20.6692,0.0349794
20.6692,0.034982
20.6705,0.0351092
20.6705,0.0349706
20.6716,0.0349743
20.6716,0.0348525
20.6727,0.0348709
20.6727,0.034762
20.6739,0.0347918
20.6739,0.0346928
20.675,0.0347312
20.675,0.0346398
20.6761,0.0348098
20.6761,0.0348336
20.6774,0.0349794
20.6774,0.034982
20.6785,0.0351092
20.6785,0.0349706
20.6796,0.0349743
20.6796,0.0348525
20.6807,0.0348709
20.6807,0.034762
20.6819,0.0347918
20.6819,0.0346928
20.683,0.0347312
20.683,0.0346398
20.6841,0.0348098
20.6841,0.0348336
20.6854,0.0349794
20.6854,0.034982
20.6865,0.0351092
20.6865,0.0349706
20.6876,0.0349743
20.6876,0.0348525
20.6887,0.0348709
20.6887,0.034887
20.6899,0.0349012
20.6899,0.0349135
20.691,0.0349243
20.691,0.0349338
20.6922,0.0350671
20.6922,0.0351837
20.6934,0.0352857
20.6934,0.035375
20.6945,0.0354531
20.6945,0.0355215
20.6956,0.0354563
20.6956,0.0353993
20.6967,0.0353494
20.6967,0.0353057
20.6979,0.0352675
20.6979,0.035234
20.6991,0.0353298
20.6991,0.0354136
20.7002,0.0354869
20.7002,0.035551
20.7014,0.0356071
20.7014,0.0356562
20.7025,0.0356992
20.7025,0.0357368
20.7036,0.0356447
20.7036,0.0355641
20.7047,0.0354936
20.7047,0.0354319
20.7059,0.0353779
20.7059,0.0353307
20.7071,0.0354143
20.7071,0.0354875
20.7082,0.0355516
20.7082,0.0356076
20.7094,0.0356567
20.7094,0.0356996
20.7105,0.0357372
20.7105,0.03577
20.7122,0.0357988
20.7122,0.0358239
20.7127,0.0357209
20.7127,0.0356308
20.714,0.035552
20.714,0.035483
20.7151,0.0355476
20.7151,0.0356041
20.7162,0.0356536
20.7162,0.0356969
20.7174,0.0357348
20.7174,0.035768
20.7185,0.035797
20.7185,0.0358223
20.7196,0.0357195
20.7196,0.0356296
20.7207,0.0355509
20.7207,0.035482
20.722,0.0354218
20.722,0.0353691
20.7231,0.0354479
20.7231,0.0355169
20.7242,0.0355773
20.7242,0.0356302
20.7254,0.0356764
20.7254,0.0357168
20.7265,0.0357522
20.7265,0.0357832
20.7276,0.0356853
20.7276,0.0355996
20.7289,0.0355247
20.7289,0.0354591
20.73,0.0354017
20.73,0.0353515
20.7311,0.0354326
20.7311,0.0355035
20.7322,0.0355656
20.7322,0.0356199
20.7334,0.0356674
20.7334,0.035709
20.7345,0.0356203
20.7345,0.0355428
20.7356,0.0354749
20.7356,0.0354156
20.7369,0.0353636
20.7369,0.0353182
20.738,0.0352784
20.738,0.0352436
20.7391,0.0353381
20.7391,0.0354209
20.7402,0.0354933
20.7402,0.0355566
20.7414,0.035612
20.7414,0.0356605
20.7425,0.035578
20.7425,0.0355057
20.7437,0.0354425
20.7437,0.0353872
20.745,0.0353388
20.745,0.0352964
20.746,0.0352594
20.746,0.035227
20.7471,0.0351986
20.7471,0.0351738
20.7482,0.035277
20.7482,0.0353674
20.7494,0.0354465
20.7494,0.0355157
20.7505,0.0354512
20.7505,0.0353948
20.7517,0.0353455
20.7517,0.0353023
20.7529,0.0352645
20.7529,0.0352314
20.754,0.0352025
20.754,0.0351772
20.7551,0.03528
20.7551,0.03537
20.7562,0.0354488
20.7562,0.0355177
20.7574,0.035578
20.7574,0.0356307
20.7586,0.0355519
20.7586,0.0354829
20.7597,0.0354225
20.7597,0.0353697
20.7609,0.0353235
20.7609,0.0352831
20.7626,0.0353727
20.7626,0.0354511
20.7631,0.0355197
20.7631,0.0355797
20.7642,0.0356323
20.7642,0.0356782
20.7656,0.0357185
20.7656,0.0357537
20.7666,0.0356594
20.7666,0.035577
20.7677,0.0355049
20.7677,0.0354418
20.7689,0.0353866
20.7689,0.0353382
20.77,0.035296
20.77,0.035259
20.7717,0.0353516
20.7717,0.0354326
20.7722,0.0355036
20.7722,0.0355656
20.7735,0.0356199
20.7735,0.0356674
20.7746,0.035584
20.7746,0.035511
20.7757,0.0354471
20.7757,0.0353912
20.7769,0.0353423
20.7769,0.0352995
20.778,0.0352621
20.778,0.0352293
20.7791,0.0353257
20.7791,0.03541
20.7804,0.0354837
20.7804,0.0355482
20.7815,0.0356047
20.7815,0.0356541
20.7826,0.0355724
20.7826,0.0355008
20.7837,0.0354382
20.7837,0.0353834
20.785,0.0353355
20.785,0.0352936
20.786,0.0352569
20.786,0.0352248
20.7871,0.0353217
20.7871,0.0354065
20.7884,0.0354806
20.7884,0.0355456
20.7901,0.0357274
20.7901,0.0358864
20.7906,0.0357756
20.7906,0.0356787
20.7917,0.0355939
20.7917,0.0355196
20.7935,0.0355797
20.7935,0.0356322
20.794,0.0355532
20.794,0.035484
20.7952,0.0355485
20.7952,0.035605
20.7964,0.0356543
20.7964,0.0356975
20.7975,0.0356104
20.7975,0.0355341
20.7986,0.0354673
20.7986,0.0354089
20.7997,0.0353578
20.7997,0.0353131
20.8009,0.0352739
20.8009,0.0352397
20.802,0.0352097
20.802,0.0351835
20.8032,0.0352856
20.8032,0.0353749
20.8044,0.035453
20.8044,0.0355214
20.8056,0.0355812
20.8056,0.0356336
20.8066,0.0355544
20.8066,0.0354851
20.8077,0.0354244
20.8077,0.0353714
20.8089,0.035325
20.8089,0.0352843
20.8101,0.0353738
20.8101,0.0354521
20.8112,0.0355206
20.8112,0.0355805
20.8124,0.0356329
20.8124,0.0356788
20.8141,0.035844
20.8141,0.0359885
20.8146,0.0358649
20.8146,0.0357568
20.8157,0.0356622
20.8157,0.0355794
20.8169,0.035507
20.8169,0.0354436
20.8181,0.0355132
20.8181,0.035574
20.8192,0.0356273
20.8192,0.0356739
20.8204,0.0357146
20.8204,0.0357503
20.8215,0.0359065
20.8215,0.0359182
20.8226,0.0360534
20.8226,0.0359217
20.8237,0.0359315
20.8237,0.0358151
20.825,0.0358382
20.825,0.0356084
20.8261,0.0356574
20.8261,0.0357002
20.8272,0.0358627
20.8272,0.0358798
20.8284,0.0360199
20.8284,0.0358924
20.8295,0.0359058
20.8295,0.0359176
20.8312,0.0361779
20.8312,0.0361557
20.8317,0.0361362
20.8317,0.0359942
20.833,0.0359949
20.833,0.0358705
20.8341,0.0360117
20.8341,0.0360103
20.8359,0.036134
20.8359,0.0361172
20.8364,0.0362276
20.8364,0.0361991
20.8375,0.0362992
20.8375,0.0362618
20.8386,0.0363541
20.8386,0.0361848
20.8399,0.0361617
20.8399,0.0360165
20.841,0.0360145
20.841,0.0358876
20.8421,0.0360267
20.8421,0.0360234
20.8432,0.0361454
20.8432,0.0361273
20.8444,0.0362363
20.8444,0.0362068
20.8456,0.036306
20.8456,0.0361427
20.8467,0.0361249
20.8467,0.0359843
20.8479,0.0359862
20.8479,0.0358629
20.849,0.0358801
20.849,0.0356451
20.8501,0.0356894
20.8501,0.0357283
20.8512,0.0358872
20.8512,0.0359013
20.8524,0.0360387
20.8524,0.0360338
20.8535,0.0361546
20.8535,0.0360103
20.8547,0.036009
20.8547,0.0358829
20.8559,0.0358975
20.8559,0.0357853
20.857,0.0358122
20.857,0.0357106
20.8581,0.0358718
20.8581,0.0358878
20.8592,0.0360268
20.8592,0.0360235
20.8604,0.0361456
20.8604,0.0361274
20.8616,0.0362364
20.8616,0.0360819
20.8627,0.0360716
20.8627,0.0359377
20.8639,0.0359455
20.8639,0.0358273
20.865,0.0358489
20.865,0.0357428
20.8661,0.0358999
20.8661,0.0357874
20.8672,0.035814
20.8672,0.0358373
20.8684,0.0359826
20.8684,0.0359848
20.8696,0.0361117
20.8696,0.0359727
20.8707,0.0359761
20.8707,0.0358541
20.8719,0.0358723
20.8719,0.0357633
20.873,0.0357929
20.873,0.0356938
20.8741,0.0358571
20.8741,0.0358749
20.8752,0.0360156
20.8752,0.0360136
20.8765,0.0361369
20.8765,0.0361198
20.8776,0.0362298
20.8776,0.0360761
20.8787,0.0360666
20.8787,0.0359333
20.8799,0.0359416
20.8799,0.0358239
20.881,0.0358459
20.881,0.0357402
20.8821,0.0358977
20.8821,0.0359104
20.8832,0.0360466
20.8832,0.0360408
20.8845,0.0361607
20.8845,0.0361406
20.8856,0.036248
20.8856,0.036092
20.8867,0.0360805
20.8867,0.0359455
20.8879,0.0359523
20.8879,0.0358332
20.889,0.0358541
20.889,0.0357473
20.8901,0.0359039
20.8901,0.0359159
20.8914,0.0360514
20.8914,0.036045
20.8925,0.0361644
20.8925,0.0361438
20.8936,0.0362509
20.8936,0.0360945
20.8947,0.0360827
20.8947,0.0359473
20.8959,0.0359539
20.8959,0.0358347
20.897,0.0358553
20.897,0.0357484
20.8981,0.0359049
20.8981,0.0359168
20.8994,0.0360522
20.8994,0.0360456
20.9005,0.0361649
20.9005,0.0361443
20.9016,0.0362513
20.9016,0.0360949
20.9027,0.036083
20.9027,0.0359476
20.9039,0.0359542
20.9039,0.0358349
20.905,0.0358555
20.905,0.0357486
20.9062,0.035905
20.9062,0.0359169
20.9074,0.0360523
20.9074,0.0360457
20.9085,0.036165
20.9085,0.0361444
20.9096,0.0362514
20.9096,0.0360949
20.9107,0.0360831
20.9107,0.0359477
20.9119,0.0359542
20.9119,0.0358349
20.9131,0.0359806
20.9131,0.035983
20.9142,0.0361101
20.9142,0.0360964
20.9154,0.0362093
20.9154,0.0361831
20.9165,0.0362853
20.9165,0.0362496
20.9176,0.0363434
20.9176,0.0361755
20.9187,0.0361535
20.9187,0.0360093
20.9199,0.0360082
20.9199,0.0358822
20.9211,0.0360219
20.9211,0.0360191
20.9222,0.0361418
20.9222,0.036124
20.9234,0.0362335
20.9234,0.0362043
20.9245,0.0363038
20.9245,0.0362658
20.9256,0.0363576
20.9256,0.0361879
20.9267,0.0361644
20.9267,0.0360189
20.928,0.0360165
20.928,0.0358894
20.9291,0.0360283
20.9291,0.0360247
20.9302,0.0361466
20.9302,0.0361283
20.9314,0.0362373
20.9314,0.0362076
20.9325,0.0363067
20.9325,0.0362683
20.9336,0.0363598
20.9336,0.0361898
20.9347,0.0361661
20.9347,0.0360203
20.936,0.0360178
20.936,0.0358906
20.9371,0.0360292
20.9371,0.0360256
20.9382,0.0361474
20.9382,0.036129
20.9394,0.0362378
20.9394,0.0362081
20.9405,0.0363071
20.9405,0.0362687
20.9416,0.0363601
20.9416,0.0361901
20.9429,0.0361663
20.9429,0.0360205
20.944,0.036018
20.944,0.0358907
20.9451,0.0360294
20.9451,0.0360257
20.9462,0.0361475
20.9462,0.0361291
20.9474,0.0362379
20.9474,0.0362082
20.9485,0.0363072
20.9485,0.0361438
20.9496,0.0361258
20.9496,0.0359851
20.9509,0.0359869
20.9509,0.0358636
20.952,0.0358806
20.952,0.0357705
20.9531,0.0359242
20.9531,0.0359337
20.9542,0.036067
20.9542,0.0360586
20.9554,0.0361763
20.9554,0.0361542
20.9565,0.03626
20.9565,0.0363525
20.9577,0.0363084
20.9577,0.0362699
20.9589,0.0362361
20.9589,0.0362066
20.96,0.0361808
20.96,0.0361582
20.9611,0.0362634
20.9611,0.0363555
20.9622,0.036436
20.9622,0.0365065
20.9634,0.0365682
20.9634,0.0366222
20.9645,0.0366694
20.9645,0.0367107
20.9657,0.0366219
20.9657,0.0365442
20.9669,0.0364761
20.9669,0.0364166
20.968,0.0363645
20.968,0.036319
20.9691,0.0364041
20.9691,0.0364786
20.9702,0.0365438
20.9702,0.0366008
20.9714,0.0366507
20.9714,0.0366944
20.9726,0.0367326
20.9726,0.036766
20.9737,0.0366702
20.9737,0.0365865
20.975,0.0365132
20.975,0.036449
20.976,0.0363929
20.976,0.0363438
20.9771,0.0364258
20.9771,0.0364976
20.9782,0.0365604
20.9782,0.0366153
20.9794,0.0366634
20.9794,0.0367055
20.9806,0.0367423
20.9806,0.0367745
20.9817,0.0366777
20.9817,0.036593
20.9829,0.0365189
20.9829,0.036454
20.984,0.0363973
20.984,0.0363476
20.9851,0.0364291
20.9851,0.0365005
20.9862,0.0365629
20.9862,0.0366176
20.9875,0.0366654
20.9875,0.0367072
21.0246,0.0366188
21.0252,0.0365415
21.0257,0.0364738
21.0264,0.0364145
21.0269,0.0363627
21.0275,0.0364424
21.0281,0.0366371
21.0286,0.0368075
21.0292,0.0365815
21.0297,0.0352588
21.0304,0.0341015
21.0309,0.0329638
21.0315,0.0320933
21.0321,0.0313317
21.0326,0.0306652
21.0332,0.030082
21.0337,0.0295718
21.0344,0.0291253
21.035,0.0286097
21.0356,0.0282834
21.0361,0.027998
21.0366,0.0277483
21.0372,0.0275297
21.0377,0.0273385
21.0384,0.0271712
21.039,0.0268998
21.0395,0.0267873
21.0401,0.0266889
21.0406,0.0266028
21.0412,0.0265274
21.0417,0.0264615
21.0424,0.0264038
21.043,0.0262283
21.0435,0.0261998
21.0441,0.0261748
21.0446,0.026153
21.0452,0.0261338
21.0457,0.0259921
21.0464,0.0259931
21.047,0.025869
21.0475,0.0258853
21.0481,0.0258997
21.0486,0.0259122
21.0492,0.0259232
21.0499,0.0258078
21.0504,0.0258318
21.051,0.0257278
21.0515,0.0257619
21.0521,0.0259166
21.0526,0.025927
21.0532,0.0260612
21.0539,0.0260535
21.0544,0.0260468
21.055,0.026041
21.0556,0.0260359
21.0561,0.0261564
21.0566,0.0261368
21.0572,0.0262447
21.0579,0.0262141
21.0584,0.0261874
21.059,0.0261639
21.0595,0.0261434
21.0601,0.0262505
21.0607,0.0262192
21.0612,0.0263168
21.0619,0.0262772
21.0624,0.0262425
21.063,0.0262122
21.0635,0.0261857
21.0641,0.0262875
21.0647,0.0262516
21.0652,0.0263451
21.0659,0.026302
21.0664,0.0262642
21.067,0.0262312
21.0675,0.0262023
21.0681,0.026302
21.0687,0.0262643
21.0692,0.0263562
21.0699,0.0263117
21.0704,0.0262727
21.071,0.0262386
21.0715,0.0262088
21.0721,0.0263077
21.0727,0.0262692
21.0732,0.0263606
21.0739,0.0263155
21.0744,0.0262761
21.075,0.0262416
21.0756,0.0262114
21.0761,0.0263099
21.0767,0.0262712
21.0772,0.0263623
21.0779,0.026317
21.0784,0.0262774
21.079,0.0262427
21.0796,0.0262124
21.0801,0.0263108
21.0807,0.026272
21.0812,0.026363
21.0819,0.0263176
21.0824,0.0262779
21.083,0.0262432
21.0836,0.0262128
21.0841,0.0263112
21.0847,0.0262723
21.0852,0.0263632
21.0859,0.0263178
21.0864,0.0262781
21.087,0.0262433
21.0876,0.0262129
21.0881,0.0263113
21.0887,0.0262724
21.0892,0.0263633
21.0899,0.0263179
21.0905,0.0262782
21.091,0.0262434
21.0916,0.026213
21.0921,0.0263114
21.0927,0.0262724
21.0932,0.0263634
21.0939,0.026318
21.0945,0.0262782
21.095,0.0262434
21.0956,0.026213
21.0961,0.0263114
21.0967,0.0262725
21.0972,0.0263634
21.0979,0.026318
21.0985,0.0262782
21.099,0.0262434
21.0996,0.026213
21.1001,0.0263114
21.1007,0.0262725
21.1014,0.0263634
21.1019,0.026318
21.1025,0.0262782
21.103,0.0262435
21.1036,0.026213
21.1041,0.0263114
21.1047,0.0262725
21.1054,0.0263634
21.1059,0.026318
21.1065,0.0262782
21.107,0.0262435
21.1076,0.026213
21.1081,0.0263114
21.1087,0.0262725
21.1094,0.0263634
21.1099,0.026318
21.1105,0.0262782
21.111,0.0262435
21.1116,0.026213
21.1121,0.0263114
21.1127,0.0262725
21.1134,0.0263634
21.1139,0.026318
21.1145,0.0262782
21.115,0.0262435
21.1156,0.026213
21.1162,0.0263114
21.1167,0.0262725
21.1174,0.0263634
21.1179,0.026318
21.1191,0.0264032
21.1191,0.0264778
21.1196,0.0264181
21.1202,0.0264908
21.1207,0.0264295
21.1214,0.0265008
21.1219,0.0264382
21.1225,0.0263834
21.123,0.0263355
21.1236,0.0262936
21.1242,0.0263819
21.1247,0.0263341
21.1254,0.0264174
21.1259,0.0263652
21.1265,0.0263195
21.127,0.0262796
21.1276,0.0262447
21.1282,0.0263391
21.1287,0.0262967
21.1294,0.0263846
21.1299,0.0263365
21.1305,0.0262945
21.1311,0.0263826
21.1316,0.0263348
21.1322,0.026418
21.1327,0.0263657
21.1334,0.026445
21.1339,0.0263894
21.1345,0.0263407
21.1351,0.0264231
21.1356,0.0263702
21.1362,0.0264489
21.1367,0.0263928
21.1374,0.0264687
21.1379,0.0264101
21.1385,0.0263589
21.1391,0.026439
21.1396,0.0263841
21.1402,0.0264611
21.1407,0.0264035
21.1414,0.026478
21.142,0.0264183
21.1425,0.026366
21.1431,0.0264452
21.1436,0.0263896
21.1442,0.0264659
21.1447,0.0262827
21.1454,0.0262473
21.146,0.0262164
21.1465,0.0261894
21.1471,0.0262907
21.1482,0.0263794
21.1484,0.0264569
21.1487,0.0263998
21.1494,0.0264748
21.15,0.0264155
21.1505,0.0263635
21.1511,0.0264431
21.1516,0.0263877
21.1522,0.0264643
21.1527,0.0264062
21.1534,0.0264804
21.154,0.0264204
21.1545,0.0263678
21.1551,0.0264469
21.1556,0.026391
21.1562,0.0264671
21.1569,0.0264087
21.1574,0.0263576
21.158,0.0263129
21.1585,0.0262738
21.1591,0.0263646
21.1596,0.026319
21.1602,0.0264041
21.1609,0.0263536
21.1614,0.0263094
21.162,0.0262707
21.1625,0.0262369
21.1631,0.0263323
21.1636,0.0262907
21.1642,0.0263794
21.1654,0.026457
21.1654,0.0263999
21.1665,0.0264749
21.1665,0.0264155
21.1677,0.0264886
21.1677,0.0264275
21.1689,0.0264991
21.1689,0.0264367
21.17,0.0263821
21.17,0.0263343
21.1711,0.0264175
21.1711,0.0264903
21.1722,0.0266791
21.1722,0.0267192
21.1734,0.0268793
21.1734,0.0268944
21.1745,0.0269076
21.1745,0.0267941
21.1757,0.0268199
21.1757,0.0268424
21.1769,0.0268621
21.1769,0.0268793
21.178,0.0268944
21.178,0.0267826
21.1791,0.0269348
21.1791,0.0269429
21.1802,0.0270751
21.1802,0.0270657
21.1814,0.0271825
21.1814,0.0271597
21.1826,0.0271397
21.1826,0.0271222
21.1837,0.027107
21.1837,0.0270936
21.185,0.0270819
21.185,0.0270717
21.186,0.0270627
21.186,0.0269299
21.1871,0.0270636
21.1871,0.0270557
21.1882,0.0271737
21.1882,0.027152
21.1894,0.027258
21.1894,0.0272257
21.1906,0.0271975
21.1906,0.0271728
21.1917,0.0271512
21.1917,0.0270073
21.1929,0.0270064
21.1929,0.0268806
21.194,0.0268955
21.194,0.0267836
21.1951,0.0269356
21.1951,0.0269437
21.1962,0.0270757
21.1962,0.0270663
21.1975,0.027183
21.1975,0.0270351
21.1986,0.0270307
21.1986,0.0269019
21.1997,0.0269141
21.1997,0.0267999
21.3039,0.0395749
21.3039,0.050753
21.3039,0.0604089
21.3039,0.0688578
21.3039,0.0761256
21.3039,0.0824849
21.3039,0.0879243
21.3039,0.0926837
21.3039,0.0965983
21.3039,0.100023
21.304,0.102896
21.304,0.105409
21.304,0.107483
21.304,0.109297
21.304,0.11076
21.304,0.112165
21.304,0.113269
21.304,0.114236
21.304,0.114956
21.304,0.115587
21.3041,0.116013
21.3041,0.116387
21.3041,0.116463
21.3041,0.11653
21.3041,0.116464
21.3041,0.116406
21.3041,0.11623
21.3041,0.116077
21.3041,0.115817
21.3041,0.11559
21.3042,0.115266
21.3042,0.114983
21.3042,0.11461
21.3042,0.114284
21.3042,0.113873
21.3042,0.113514
21.3042,0.11295
21.3042,0.112456
21.3042,0.111899
21.3043,0.111412
21.3043,0.11086
21.3043,0.110378
21.3043,0.109831
21.3043,0.109352
21.3043,0.108808
21.3043,0.108332
21.3075,0.0952903
21.3082,0.084004
21.3082,0.0741285
21.3084,0.0654874
21.3084,0.0579265
21.3092,0.0514357
21.3104,0.0458812
21.3119,0.0411461
21.3119,0.0370028
21.3119,0.0333775
21.312,0.0302053
21.3137,0.0276796
21.3137,0.0254697
21.3141,0.023661
21.3156,0.0222033
21.3159,0.0209279
21.3159,0.0198119
21.316,0.0187104
21.3174,0.0179966
21.3177,0.0173721
21.3189,0.0169505
21.3189,0.0165817
21.3189,0.016259
21.32,0.0161016
21.3207,0.0160889
21.3211,0.0162028
21.3212,0.0163025
21.322,0.0163897
21.3229,0.0165909
21.3232,0.0168921
21.3237,0.0171556
21.3241,0.0175111
21.3248,0.0178222
21.3252,0.0182195
21.3261,0.018692
21.3265,0.0191055
21.328,0.0195923
21.328,0.0200183
21.3289,0.020516
21.329,0.0209515
21.3292,0.0214576
21.3297,0.0219004
21.3305,0.0224128
21.3317,0.0229862
21.3319,0.0234879
21.3326,0.0240519
21.3326,0.0245455
21.3331,0.0251023
21.3354,0.0254645
21.3354,0.0256564
21.3354,0.0258244
21.3357,0.0259713
21.3361,0.0262249
21.337,0.0263218
21.3374,0.0264066
21.3382,0.0264807
21.3384,0.0265457
21.3391,0.0267274
21.3401,0.0270115
21.3401,0.0270101
21.3417,0.0271338
21.3417,0.0271171
21.3417,0.0269775
21.3431,0.0271053
21.3436,0.0272171
21.3436,0.027315
21.3447,0.0272756
21.345,0.0272411
21.3457,0.027336
21.3457,0.027294
21.3466,0.0273823
21.3477,0.0275845
21.3477,0.0276364
21.3481,0.0276819
21.3491,0.0277216
21.3494,0.0277564
21.3502,0.0279119
21.3504,0.0279229
21.352,0.0279325
21.352,0.027941
21.3525,0.0279483
21.3535,0.0280798
21.3537,0.0280698
21.3537,0.0279361
21.3542,0.0279441
21.355,0.0278261
21.3565,0.0279728
21.3566,0.0279762
21.357,0.0279792
21.357,0.0278568
21.3585,0.0279997
21.3585,0.0279997
21.359,0.0278748
21.3604,0.0280154
21.3604,0.0280135
21.3607,0.0280118
21.3617,0.0280103
21.3617,0.027759
21.3629,0.0276642
21.363,0.0275811
21.3648,0.0277585
21.3649,0.0277887
21.3649,0.0278151
21.366,0.0278382
21.366,0.0277334
21.3671,0.0278918
21.3671,0.0279053
21.3676,0.0277921
21.3685,0.0278181
21.3686,0.0277158
21.3696,0.0277514
21.3697,0.0277824
21.3712,0.0278096
21.3712,0.0278334
21.3714,0.0278543
21.3726,0.0278725
21.3729,0.0278884
21.3739,0.0279024
21.3747,0.0280396
21.3747,0.0280346
21.375,0.0279053
21.3761,0.0280421
21.3769,0.0280369
21.3769,0.0279073
21.378,0.0279188
21.3789,0.027929
21.3789,0.0279379
21.3789,0.0278206
21.3801,0.0279681
21.3801,0.027972
21.3805,0.0278505
21.382,0.0278692
21.3831,0.0281356
21.3831,0.0282436
21.3832,0.0283382
21.3834,0.0281709
21.3851,0.0282745
21.3851,0.0283652
21.3854,0.0284446
21.3865,0.028389
21.3869,0.0283404
21.3876,0.0284228
21.3877,0.028245
21.3879,0.0280893
21.3894,0.0282032
21.3895,0.0281778
21.3905,0.0282806
21.3907,0.0282455
21.3907,0.0282148
21.3922,0.0281879
21.393,0.0281645
21.3934,0.0282689
21.3934,0.0282353
21.3937,0.0282059
21.3948,0.0280551
21.3959,0.0280482
21.3962,0.0281672
21.3966,0.0281463
21.397,0.028128
21.3977,0.028112
21.3989,0.028223
21.3989,0.0280701
21.399,0.0279364
21.3999,0.0279443
21.4006,0.0279513
21.4014,0.0280824
21.4021,0.0281971
21.4025,0.0281724
21.403,0.0281509
21.4044,0.028382
21.4044,0.0283343
21.4044,0.0282925
21.4057,0.0283809
21.406,0.0283333
21.406,0.0281666
21.4076,0.0282708
21.4079,0.028362
21.4084,0.0283167
21.4087,0.0282771
21.4089,0.0282425
21.4097,0.0282122
21.4111,0.0281857
21.4116,0.0281624
21.4116,0.0281421
21.4116,0.0281244
21.4124,0.0279838
21.4135,0.0279858
21.4144,0.0281126
21.4147,0.0280985
21.4147,0.0280862
21.4159,0.0280754
21.4159,0.028066
21.4161,0.0281828
21.4177,0.0281599
21.4177,0.0281399
21.4186,0.0281224
21.4187,0.0281071
21.419,0.0280937
21.4204,0.028082
21.4204,0.0280718
21.4212,0.0280628
21.423,0.0281799
21.423,0.0282825
21.423,0.0282471
21.423,0.0282163
21.4248,0.0281892
21.4249,0.0281656
21.4249,0.0281449
21.4259,0.0281268
21.4261,0.0281109
21.4262,0.028097
21.4281,0.0283349
21.4286,0.0284181
21.4296,0.0284908
21.4296,0.0284294
21.4296,0.0282508
21.43,0.0280944
21.4305,0.0280826
21.4315,0.0279473
21.4324,0.0279539
21.4331,0.0280846
21.4342,0.0281991
21.4345,0.0282992
21.4345,0.0283868
21.4345,0.0282134
21.4362,0.0283118
21.4366,0.0282728
21.4366,0.0282387
21.4381,0.0284588
21.439,0.0286515
21.4391,0.0288201
21.4391,0.0287175
21.4394,0.0286279
21.4394,0.0285494
21.4401,0.0286057
21.4409,0.02853
21.4416,0.0284637
21.4421,0.0284058
21.4432,0.02848
21.4432,0.028545
21.4447,0.0286019
21.4447,0.0286517
21.4447,0.0285702
21.4459,0.0284989
21.446,0.0284366
21.4476,0.028507
21.4487,0.0286936
21.4487,0.0288569
21.4491,0.0288748
21.4491,0.0288905
21.4506,0.0289041
21.4507,0.0287911
21.4507,0.0286922
21.4521,0.0288557
21.4521,0.0288737
21.4535,0.0288895
21.454,0.0289033
21.454,0.0289154
21.455,0.028926
21.4555,0.0289352
21.4555,0.0289433
21.456,0.0287004
21.4569,0.0286129
21.4569,0.0284113
21.4587,0.0284848
21.4587,0.0285492
21.4597,0.0287306
21.4602,0.0288893
21.4602,0.0289031
21.4606,0.0287902
21.4622,0.0288164
21.4626,0.0287144
21.4626,0.0286251
21.463,0.028547
21.4645,0.0287286
21.4645,0.0286375
21.4645,0.0285578
21.4648,0.0284881
21.4659,0.0283021
21.4661,0.0282643
21.4675,0.0282313
21.4676,0.0282024
21.469,0.0283021
21.469,0.0283893
21.469,0.0283406
21.4697,0.0284231
21.4697,0.0283702
21.4705,0.0283239
21.4712,0.0282834
21.472,0.028248
21.4729,0.028217
21.4739,0.0283149
21.4739,0.0284005
21.4746,0.0284754
21.4751,0.028666
21.476,0.0285828
21.476,0.0283849
21.477,0.0283368
21.478,0.0282947
21.4781,0.0283829
21.4789,0.028335
21.4797,0.0284181
21.4799,0.0284909
21.4809,0.0284295
21.4816,0.0285008
21.4816,0.0284382
21.4819,0.0283834
21.4836,0.0285855
21.4844,0.0287623
21.4844,0.028792
21.4844,0.028818
21.4846,0.0288408
21.4854,0.0288607
21.4856,0.0288781
21.487,0.0287683
21.4874,0.0287973
21.4884,0.0288226
21.4891,0.0288448
21.4891,0.0288642
21.4891,0.0288812
21.4907,0.028771
21.4907,0.0286746
21.4907,0.0285903
21.4922,0.0287665
21.4922,0.0286707
21.4936,0.0287119
21.4936,0.0287479
21.4936,0.0287794
21.4937,0.028682
21.4959,0.0287217
21.4966,0.0287565
21.4966,0.0287869
21.4966,0.0286886
21.4982,0.0288525
21.4986,0.0289959
21.4986,0.0289964
21.4987,0.0289969
21.4996,0.0289973
21.5006,0.0289976
21.5015,0.0291229
21.5022,0.0292326
21.5022,0.0292035
21.5025,0.029178
21.5026,0.0290308
21.504,0.0289019
21.5045,0.0289142
21.5059,0.0290499
21.5062,0.0291687
21.5062,0.0291476
21.5062,0.0290041
21.5076,0.0290036
21.5081,0.0290032
21.5081,0.0290028
21.5096,0.0290024
21.5104,0.0290021
21.5104,0.0290019
21.5112,0.0291266
21.5116,0.0289858
21.5124,0.0288626
21.5124,0.0287547
21.5131,0.0287854
21.5135,0.0288122
21.5145,0.0288357
21.5152,0.0289812
21.5152,0.0289836
21.5162,0.0289856
21.5166,0.0288624
21.5166,0.0286296
21.518,0.0285509
21.518,0.0284821
21.518,0.0282968
21.519,0.0282597
21.5207,0.0284772
21.5209,0.0284176
21.5209,0.0283654
21.5224,0.0284447
21.5225,0.0285141
21.5225,0.0285749
21.5235,0.028753
21.5242,0.0287839
21.5251,0.0288109
21.5251,0.0288345
21.5256,0.0288552
21.5259,0.0286233
21.5275,0.0286704
21.5275,0.0287116
21.5285,0.0288726
21.529,0.0288886
21.529,0.0287775
21.5294,0.0286803
21.5307,0.0285953
21.5307,0.0285209
21.5307,0.0284557
21.5319,0.0285238
21.5324,0.0285833
21.534,0.0287604
21.5341,0.0289153
21.5341,0.0289259
21.5345,0.0288102
21.536,0.0288339
21.5364,0.0289797
21.5364,0.0289822
21.5364,0.0288594
21.5382,0.029002
21.5385,0.0290018
21.539,0.0288765
21.539,0.028767
21.5405,0.0287961
21.5412,0.0289466
21.5412,0.0289533
21.5424,0.0290841
21.5431,0.0291986
21.5432,0.0292988
21.5432,0.0292614
21.5441,0.0292287
21.545,0.0292001
21.5452,0.0291751
21.5464,0.0292782
21.5464,0.0293685
21.5471,0.0294474
21.5471,0.0295165
21.549,0.0297019
21.549,0.0297392
21.549,0.0295218
21.5504,0.0295816
21.5504,0.0296339
21.5507,0.0294296
21.5516,0.0293759
21.5517,0.0293289
21.5517,0.0291628
21.5527,0.0290175
21.5546,0.0290153
21.555,0.0290134
21.555,0.0290117
21.555,0.0290102
21.5565,0.029009
21.5565,0.0290078
21.5582,0.0291319
21.5584,0.0292404
21.5584,0.0293353
21.5586,0.0292934
21.5602,0.0293817
21.5604,0.029459
21.5604,0.0295266
21.5612,0.0295858
21.5621,0.0296376
21.5622,0.0295579
21.5639,0.0294881
21.564,0.0294271
21.564,0.0293737
21.5642,0.029327
21.5659,0.0292861
21.566,0.0292504
21.5667,0.0293441
21.5667,0.0291761
21.5676,0.0291541
21.5679,0.0291348
21.5686,0.0292429
21.5696,0.0292126
21.5697,0.029061
21.5705,0.0290534
21.5712,0.0290467
21.5715,0.0289159
21.5726,0.0289264
21.5731,0.0290606
21.5734,0.029053
21.5734,0.0290464
21.5742,0.0290406
21.5754,0.0290355
21.5757,0.0290311
21.5757,0.0289022
21.5771,0.0290394
21.5774,0.0290345
21.5781,0.0291552
21.5781,0.0292608
21.5796,0.0292282
21.5801,0.0293247
21.5801,0.0294091
21.5804,0.0293579
21.5821,0.0295632
21.5825,0.0297428
21.5825,0.0297749
21.5829,0.0295531
21.584,0.0294839
21.5844,0.0295485
21.5847,0.0296049
21.5862,0.0296543
21.5866,0.0296975
21.5866,0.0294853
21.5867,0.0292996
21.5877,0.0292622
21.5881,0.0293544
21.5885,0.0291851
21.59,0.029162
21.5904,0.0292667
21.5904,0.0292334
21.5907,0.0290792
21.5924,0.0291943
21.5925,0.02917
21.5925,0.0291488
21.5934,0.0292552
21.5934,0.0292233
21.5955,0.0293204
21.5959,0.0294053
21.5959,0.0293547
21.597,0.0294353
21.597,0.0293809
21.5972,0.0294583
21.5974,0.029401
21.5991,0.0294759
21.5996,0.0295414
21.5996,0.0294737
21.6007,0.0294145
21.601,0.0293627
21.6011,0.0293174
21.6015,0.0291527
21.603,0.0291336
21.6032,0.0292419
21.6032,0.0292117
21.6047,0.0291852
21.6048,0.029162
21.6051,0.0292668
21.6059,0.0291084
21.6067,0.0290949
21.607,0.028958
21.6085,0.0290883
21.6085,0.0290772
21.6085,0.0289426
21.6085,0.0288248
21.6104,0.0289717
21.6105,0.0288502
21.612,0.0288689
21.6122,0.0290103
21.6122,0.029134
21.6124,0.0291173
21.6131,0.0291026
21.6142,0.0292148
21.6146,0.0290629
21.6146,0.0289301
21.616,0.0289388
21.6162,0.0290715
21.6167,0.0290625
21.6177,0.0290547
21.6181,0.0291729
21.6185,0.0291513
21.6195,0.0291324
21.62,0.0291158
21.6204,0.0292263
21.6204,0.029073
21.6219,0.0290639
21.6222,0.0291809
21.6224,0.0291583
21.6224,0.0291385
21.6232,0.0289962
21.624,0.0288717
21.6256,0.0290127
21.6256,0.0290111
21.6259,0.0290097
21.6267,0.0290085
21.627,0.0290075
21.6275,0.0288815
21.6286,0.0288963
21.6289,0.0289093
21.6294,0.0289206
21.6304,0.0290555
21.6312,0.0291736
21.6312,0.0292769
21.6315,0.0292423
21.6322,0.029212
21.6326,0.0291855
21.6334,0.0291623
21.6342,0.029267
21.6345,0.0293586
21.635,0.0293138
21.6364,0.0295246
21.6367,0.029584
21.6367,0.029636
21.6371,0.0295565
21.6386,0.0296119
21.6387,0.0296605
21.6387,0.0297029
21.6397,0.029615
21.6402,0.0296632
21.6416,0.0297053
21.6421,0.0297421
21.6421,0.0297743
21.6424,0.0298025
21.644,0.0298272
21.6442,0.0298488
21.6442,0.0298677
21.6445,0.0298843
21.6462,0.0300237
21.647,0.0300208
21.647,0.0300182
21.647,0.0298909
21.6477,0.0297795
21.6477,0.0296821
21.6486,0.0295968
21.6495,0.0296472
21.6502,0.0296913
21.6514,0.0298549
21.6519,0.029873
21.6519,0.0297639
21.6519,0.0296684
21.6529,0.0297099
21.6536,0.0297461
21.6537,0.0297779
21.6547,0.0296806
21.6562,0.0298456
21.6562,0.0299899
21.6562,0.0299911
21.6574,0.0301172
21.6577,0.0301026
21.6579,0.0299648
21.6581,0.0299692
21.6597,0.029973
21.6599,0.0298514
21.6606,0.029745
21.6606,0.0296518
21.6616,0.0296954
21.6617,0.0296084
21.6625,0.0296574
21.664,0.0297002
21.6644,0.0297377
21.6651,0.0298955
21.6654,0.0300335
21.6654,0.0299043
21.6655,0.0297913
21.6672,0.0299424
21.6674,0.0299496
21.6694,0.0300809
21.6694,0.0301958
21.6694,0.0302963
21.6694,0.0302593
21.6696,0.0301019
21.6714,0.0300891
21.6714,0.029953
21.6714,0.0298339
21.673,0.0298546
21.6731,0.0298728
21.6732,0.0297637
21.6754,0.0299182
21.6754,0.0300535
21.6754,0.0299218
21.6774,0.0300566
21.6774,0.0301745
21.6774,0.0302777
21.6774,0.030243
21.6795,0.0304626
21.6795,0.0305298
21.6795,0.0304635
21.6795,0.0302806
21.6815,0.0302455
21.6815,0.0302148
21.6815,0.030188
21.683,0.0302895
21.683,0.0302533
21.6831,0.0302216
21.6834,0.0301939
21.6848,0.0301697
21.685,0.0298985
21.6852,0.0297862
21.6867,0.0298129
21.6869,0.0297113
21.6885,0.0298724
21.6886,0.0300133
21.6887,0.0300117
21.6887,0.0298852
21.689,0.0297746
21.6905,0.0298027
21.6906,0.0298274
21.6909,0.029724
21.6929,0.0298835
21.6929,0.029898
21.6929,0.0297858
21.6944,0.0298126
21.6944,0.029711
21.6945,0.0296221
21.6946,0.0295443
21.6962,0.0297263
21.6964,0.0296355
21.6966,0.0295561
21.6982,0.0294866
21.6984,0.0294257
21.6984,0.0293725
21.7001,0.029576
21.7001,0.029754
21.7002,0.0296597
21.7005,0.0295773
21.7025,0.0297551
21.7025,0.0297857
21.704,0.0298125
21.704,0.0298359
21.7041,0.0297314
21.7041,0.02964
21.7044,0.02956
21.7065,0.02949
21.7082,0.0296788
21.7082,0.0298439
21.7082,0.0299884
21.7084,0.0298649
21.7084,0.0297568
21.7084,0.0296622
21.7102,0.0298294
21.7105,0.0297257
21.7105,0.029635
21.712,0.0296806
21.712,0.0295955
21.7121,0.0296461
21.7124,0.0295653
21.7144,0.0297447
21.7157,0.0299016
21.7159,0.0300389
21.7159,0.030034
21.716,0.0299048
21.716,0.0297917
21.7167,0.0295677
21.7184,0.0296218
21.7191,0.029794
21.7199,0.0299448
21.7199,0.0300767
21.7199,0.0299421
21.7201,0.0299493
21.721,0.0299557
21.7219,0.0298362
21.722,0.0297317
21.7236,0.0298902
21.7237,0.0297789
21.7237,0.0296816
21.724,0.0295964
21.7256,0.0297718
21.7257,0.0296753
21.7266,0.0297159
21.7275,0.0298764
21.7275,0.0297669
21.7276,0.029671
21.7292,0.0298371
21.7294,0.0297325
21.7294,0.0296409
21.7296,0.0295608
21.7304,0.0296157
21.7321,0.0296638
21.733,0.0297058
21.733,0.0296176
21.7337,0.0296654
21.7337,0.0295822
21.7339,0.0295094
21.7348,0.0295707
21.7364,0.0296244
21.7371,0.0295463
21.7371,0.0294781
21.7371,0.0294183
21.7379,0.029366
21.7379,0.0293203
21.7392,0.0295302
21.7397,0.0294639
21.7397,0.029406
21.7409,0.0294802
21.7411,0.0296702
21.7416,0.0297114
21.7416,0.0297475
21.743,0.029779
21.7434,0.0299317
21.7437,0.0298152
21.7448,0.0297133
21.7452,0.0297491
21.7456,0.0297805
21.7456,0.0298079
21.7471,0.0300819
21.7479,0.0301967
21.7479,0.0300471
21.7481,0.0299162
21.7486,0.0298017
21.75,0.0298265
21.7505,0.0299732
21.7505,0.0299765
21.7507,0.0299795
21.753,0.030107
21.7532,0.0303436
21.7532,0.0303007
21.7532,0.0302631
21.7541,0.0303552
21.7551,0.0305608
21.7552,0.0304907
21.7562,0.0305544
21.7567,0.0304851
21.757,0.0302994
21.757,0.030137
21.7579,0.0301199
21.759,0.0299799
21.7594,0.0299824
21.7594,0.0299846
21.7607,0.0301115
21.7609,0.0300976
21.761,0.0298354
21.7627,0.029856
21.7629,0.029874
21.763,0.0297647
21.763,0.0296691
21.7645,0.0298355
21.7645,0.0298561
21.7659,0.029749
21.7666,0.0296554
21.7666,0.0295735
21.7669,0.0295018
21.7685,0.0296891
21.7686,0.0298529
21.7686,0.0297463
21.7696,0.029778
21.7704,0.0299308
21.7706,0.0299394
21.7721,0.030072
21.7722,0.030188
21.7739,0.0304145
21.774,0.0304877
21.774,0.0304267
21.7741,0.0304984
21.7744,0.0304361
21.7759,0.0303816
21.776,0.0303339
21.7762,0.0304171
21.7767,0.03024
21.7784,0.030335
21.7791,0.0305431
21.7791,0.0306002
21.7791,0.0306502
21.78,0.0305689
21.7809,0.0304978
21.7811,0.0305606
21.7814,0.0306155
21.7816,0.0304136
21.7836,0.0303619
21.7836,0.0303166
21.785,0.0304021
21.7851,0.0304768
21.7851,0.0304172
21.7854,0.0303651
21.7869,0.0303194
21.787,0.0302795
21.7884,0.0304946
21.7887,0.0306827
21.7889,0.0307224
21.7889,0.0306321
21.7892,0.0305531
21.7907,0.0306089
21.791,0.0305328
21.7921,0.0307162
21.7921,0.0308767
21.7926,0.0307671
21.7926,0.0306712
21.7945,0.0308373
21.7947,0.0309827
21.7947,0.0308598
21.7948,0.0307523
21.7965,0.0307833
21.7967,0.0306854
21.7972,0.0307247
21.7972,0.0307591
21.7984,0.0306642
21.7986,0.0305812
21.7991,0.0306336
21.8007,0.0306794
21.8007,0.0305944
21.8007,0.0305201
21.8021,0.0304551
21.8024,0.0303982
21.8026,0.0302234
21.8044,0.0303205
21.8044,0.0304055
21.8045,0.0303548
21.8047,0.0303104
21.8062,0.0303966
21.8064,0.030472
21.8066,0.030413
21.8084,0.0306114
21.8084,0.030535
21.8084,0.0303431
21.8086,0.0301752
21.8101,0.0302783
21.8102,0.0303685
21.8105,0.0303225
21.812,0.0302822
21.8121,0.0303719
21.8122,0.0304504
21.8144,0.0305191
21.8144,0.0305792
21.8144,0.0305068
21.8159,0.0304435
21.8159,0.030388
21.816,0.0303395
21.8162,0.0302971
21.8167,0.0302599
21.8184,0.0302275
21.8191,0.030324
21.8192,0.0304085
21.8192,0.0304825
21.8201,0.0305471
21.8201,0.0304788
21.8221,0.0306689
21.8221,0.0305853
21.8221,0.0305121
21.8225,0.0304481
21.8239,0.0305171
21.824,0.0303275
21.8244,0.0302865
21.8255,0.0303757
21.8257,0.0304537
21.8259,0.030272
21.8274,0.030363
21.8276,0.0303176
21.8277,0.0302779
21.8292,0.0303682
21.8295,0.0304472
21.8296,0.0303913
21.83,0.0302174
21.8311,0.0303152
21.8314,0.0304008
21.8315,0.0302257
21.833,0.0301975
21.8332,0.0302978
21.8334,0.0301356
21.8348,0.0301186
21.8351,0.0302288
21.8352,0.0303252
21.8356,0.0301595
21.8371,0.0302646
21.8374,0.0303565
21.8379,0.030187
21.8379,0.0300386
21.8392,0.0301588
21.8395,0.0302639
21.84,0.0301059
21.84,0.0299677
21.8415,0.0300967
21.8422,0.0302096
21.8422,0.0301834
21.8434,0.0302855
21.8437,0.0301248
21.8437,0.0299842
21.8445,0.0299862
21.8455,0.0299879
21.8456,0.0299894
21.8466,0.0301157
21.8471,0.0302263
21.8474,0.030323
21.8485,0.0302826
21.8492,0.0302473
21.8492,0.0302164
21.8494,0.0301893
21.8501,0.0301657
21.8512,0.03027
21.8516,0.0301112
21.8516,0.0299723
21.8527,0.0299758
21.8531,0.0301038
21.8531,0.0302158
21.8546,0.0303138
21.855,0.0303996
21.855,0.0303497
21.8565,0.030431
21.8567,0.0305021
21.8572,0.0306893
21.8572,0.0306032
21.8589,0.0306528
21.8594,0.0308212
21.8596,0.0307185
21.8596,0.0306287
21.8612,0.0308001
21.8612,0.0309501
21.8622,0.0309563
21.8622,0.0309618
21.8626,0.0309666
21.8634,0.0309707
21.8642,0.0309744
21.8645,0.0309776
21.865,0.0308554
21.8664,0.0308735
21.8667,0.0308893
21.8667,0.0309031
21.8671,0.0307902
21.8686,0.0308165
21.8687,0.0308394
21.8687,0.0308595
21.8705,0.030877
21.8706,0.0308924
21.8706,0.0309059
21.871,0.0309176
21.873,0.0309279
21.873,0.0308119
21.8739,0.0308354
21.8744,0.030856
21.8744,0.030874
21.8746,0.0308898
21.876,0.0309035
21.8762,0.0309156
21.8765,0.0309261
21.8779,0.0309354
21.8781,0.0309435
21.8786,0.0309505
21.8786,0.0308317
21.88,0.0307277
21.8802,0.0307618
21.8802,0.0307916
21.8816,0.0308176
21.8819,0.0307154
21.8821,0.030751
21.8835,0.0309071
21.8837,0.0309187
21.884,0.0308039
21.8842,0.0308284
21.8857,0.0308498
21.8859,0.0308686
21.8859,0.030885
21.8867,0.0307744
21.8879,0.0308026
21.8882,0.0308273
21.8882,0.0308489
21.8896,0.0308678
21.8897,0.0307593
21.8899,0.0306644
21.8907,0.0307063
21.8915,0.030618
21.8922,0.0306658
21.8922,0.0305826
21.8942,0.0307597
21.8942,0.0309148
21.8942,0.0309254
21.8959,0.0309347
21.8959,0.0309429
21.8962,0.031075
21.8962,0.0309407
21.8977,0.0309481
21.8979,0.0309546
21.8986,0.0309602
21.9001,0.0310902
21.9001,0.0312039
21.9005,0.0313034
21.9005,0.0311405
21.9016,0.0311229
21.9019,0.0311076
21.902,0.0310941
21.9035,0.0310824
21.9037,0.0310721
21.9039,0.0309381
21.9042,0.0308208
21.9052,0.0308432
21.9056,0.0308628
21.9072,0.0310049
21.9072,0.0310043
21.9076,0.0310038
21.9076,0.0308783
21.9092,0.0308935
21.9094,0.0309068
21.9115,0.0311685
21.9115,0.0312724
21.9115,0.0312384
21.9115,0.0312086
21.913,0.0311825
21.9131,0.0312847
21.9131,0.0312491
21.9134,0.031093
21.915,0.0310813
21.9151,0.0311962
21.916,0.0311716
21.9174,0.0312752
21.9174,0.0313658
21.9174,0.0314451
21.9187,0.0315144
21.9189,0.0314501
21.9189,0.0312689
21.9192,0.0312353
21.9207,0.0312058
21.9209,0.0311801
21.9211,0.0312826
21.9216,0.0312473
21.9226,0.0312164
21.9227,0.0310643
21.9235,0.0310563
21.925,0.0309242
21.925,0.0308087
21.925,0.0307076
21.9254,0.0306192
21.9271,0.0307918
21.9274,0.0308178
21.9274,0.0308406
21.9289,0.0308605
21.9289,0.0308779
21.9292,0.0308932
21.9292,0.0306565
21.9312,0.0306995
21.9312,0.030737
21.9312,0.0307699
21.9327,0.0307987
21.933,0.0308238
21.9331,0.0309709
21.9335,0.0308495
21.935,0.0308683
21.9352,0.0310098
21.9352,0.0310086
21.9367,0.0310075
21.9369,0.0310065
21.9371,0.0308807
21.9379,0.0307706
21.9387,0.0307993
21.939,0.0308244
21.9404,0.0308463
21.9405,0.0308655
21.9406,0.0306324
21.9409,0.0304283
21.9422,0.0304998
21.9424,0.0305623
21.9425,0.030492
21.9441,0.0305555
21.9442,0.0306111
21.9444,0.0306597
21.946,0.0307022
21.9462,0.0307394
21.9462,0.030772
21.9467,0.0305505
21.9485,0.0306067
21.9485,0.0306559
21.9485,0.0305739
21.9489,0.0305021
21.9502,0.0306894
21.9504,0.0307282
21.9505,0.0306372
21.9521,0.0308075
21.9522,0.0308316
21.9524,0.0308526
21.954,0.0308711
21.9541,0.0310122
21.9556,0.0311357
21.9557,0.0311187
21.9559,0.0311039
21.9559,0.0310909
21.9567,0.0310795
21.9567,0.0308196
21.9585,0.0308421
21.9594,0.0309869
21.9594,0.0309885
21.9596,0.0309899
21.9596,0.0308662
21.9615,0.0310079
21.9615,0.0308819
21.9615,0.0307717
21.9615,0.0306752
21.963,0.0305908
21.9632,0.030642
21.9637,0.0305617
21.9657,0.0307415
21.9657,0.0307738
21.9657,0.0306771
21.9666,0.0307175
21.9671,0.0307528
21.9675,0.0307837
21.968,0.0306857
21.969,0.030725
21.9695,0.0307594
21.9695,0.0307895
21.9709,0.0306908
21.9717,0.0307294
21.9717,0.0307632
21.9717,0.0307928
21.9727,0.0306937
21.9735,0.030732
21.9739,0.0307655
21.9754,0.0310448
21.9755,0.0310392
21.9755,0.0310343
21.9756,0.03103
21.9774,0.0311513
21.9775,0.0311324
21.9777,0.0311158
21.9791,0.0313513
21.9792,0.0313074
21.9792,0.031269
21.9796,0.0312354
21.9811,0.0314559
21.9812,0.031399
21.9815,0.0313491
21.9829,0.0314304
21.983,0.0312516
21.9831,0.0312202
21.9847,0.0313177
21.9848,0.031278
21.9862,0.0313682
21.9864,0.0313222
21.9866,0.0312819
21.9867,0.0312467
21.9871,0.0313408
21.9885,0.0314232
21.9889,0.0314953
21.9889,0.0313084
21.9896,0.0311449
21.9904,0.0311268
21.9917,0.0312359
21.9919,0.0313314
21.9919,0.031165
21.9922,0.0311444
21.9937,0.0312513
21.9941,0.0314699
21.9941,0.0315362
21.9945,0.0314691
21.9962,0.0316605
21.9967,0.0315779
21.9967,0.0315057
21.997,0.0314425
21.9977,0.0313872
21.9989,0.0313388
21.9991,0.0314214
21.9996,0.0314937
22.0007,0.031557
22.001,0.0314874
22.0015,0.0315515
22.0015,0.0314825
22.0035,0.0315472
22.0044,0.0317288
22.0044,0.0318877
22.0044,0.0319018
22.0054,0.031914
22.0055,0.0319248
22.0055,0.0316842
22.0072,0.0317237
22.0074,0.0317582
22.0074,0.0317884
22.0077,0.0315649
22.0092,0.0316193
22.0095,0.0316669
22.0095,0.0314585
22.0102,0.0314012
22.0114,0.031476
22.0114,0.0315415
22.0131,0.0315988
22.0131,0.031649
22.0131,0.0316929
22.014,0.0316063
22.0148,0.0316555
22.015,0.0315735
22.0166,0.0316268
22.0167,0.0316735
22.0167,0.0314643
22.017,0.0312813
22.0186,0.0313711
22.0187,0.0314497
22.0189,0.0313935
22.0196,0.0313443
22.0196,0.0313013
22.022,0.0315136
22.0222,0.0316994
22.0222,0.031737
22.023,0.0316449
22.023,0.0315643
22.0234,0.0316187
22.0241,0.0316664
22.0256,0.0317081
22.0257,0.0316196
22.0257,0.0315421
22.0271,0.0317244
22.0275,0.0316338
22.0275,0.0315546
22.0279,0.0314853
22.0294,0.0316746
22.0295,0.0317153
22.0297,0.0316259
22.0305,0.0315476
22.0314,0.0316042
22.0316,0.0315287
22.0327,0.0315876
22.0331,0.0316391
22.0332,0.0316842
22.0335,0.0314737
22.035,0.0312895
22.0352,0.0312533
22.036,0.0312216
22.036,0.0310689
22.0367,0.0310603
22.0371,0.0311778
22.0386,0.0311556
22.0387,0.0311361
22.039,0.0311191
22.0397,0.0312292
22.0406,0.0312006
22.0409,0.0311755
22.0422,0.0314036
22.0424,0.0314781
22.0425,0.0314183
22.0427,0.031366
22.0445,0.0313203
22.0448,0.0312803
22.0449,0.0312452
22.0466,0.0314646
22.0466,0.0315315
22.0466,0.0315901
22.0467,0.0313913
22.0487,0.0314674
22.0487,0.031534
22.0487,0.0315922
22.0509,0.0316432
22.051,0.0316878
22.051,0.0317268
22.051,0.031636
22.053,0.0318065
22.053,0.0317057
22.053,0.0314925
22.053,0.0314309
22.055,0.031502
22.055,0.0315643
22.0554,0.0316187
22.0565,0.0316664
22.0567,0.0315831
22.0567,0.0315102
22.0569,0.0314464
22.0584,0.0313906
22.0586,0.0313418
22.0587,0.0312991
22.0602,0.0315117
22.0605,0.0314477
22.0606,0.0313918
22.061,0.0313428
22.0625,0.0314249
22.0627,0.0313718
22.0627,0.0313253
22.0635,0.0312847
22.0642,0.0312491
22.0646,0.031218
22.0662,0.0314407
22.0662,0.0315106
22.0665,0.0314468
22.0667,0.0313909
22.0676,0.0314671
22.0686,0.0315337
22.0691,0.031592
22.0691,0.031518
22.0695,0.0314532
22.0716,0.0316466
22.0719,0.0316908
22.0719,0.0316044
22.072,0.0315289
22.0727,0.0313377
22.0736,0.0312955
22.0739,0.0312586
22.0744,0.0313513
22.0761,0.0314324
22.0761,0.0315033
22.0762,0.0315654
22.0777,0.0314947
22.0779,0.0314329
22.0779,0.0313788
22.078,0.0313314
22.0796,0.03129
22.0797,0.0312537
22.08,0.031222
22.0815,0.0311943
22.0816,0.03117
22.0817,0.0311487
22.0839,0.0313801
22.0839,0.0313326
22.0839,0.031291
22.0854,0.0315047
22.0854,0.0315666
22.0855,0.0314958
22.0857,0.0314338
22.0872,0.0315046
22.0874,0.0314415
22.0876,0.0313863
22.0881,0.031463
22.0892,0.0316551
22.0895,0.0315732
22.0895,0.0315016
22.091,0.0315639
22.0911,0.0314934
22.0914,0.0314317
22.0919,0.0313778
22.0935,0.0315805
22.0942,0.031633
22.0942,0.0316789
22.0942,0.031719
22.0966,0.0318791
22.0966,0.0318942
22.0966,0.0319075
22.0967,0.031669
22.0982,0.0317104
22.0982,0.0317466
22.0985,0.0317783
22.1,0.031806
22.1001,0.0318302
22.1001,0.0318515
22.1004,0.031745
22.1022,0.0319019
22.1024,0.0320392
22.1025,0.0319093
22.1045,0.0320456
22.1045,0.0321649
22.1045,0.0322693
22.1045,0.0322356
22.106,0.0322062
22.1062,0.0323054
22.1064,0.0322672
22.1067,0.0319838
22.1082,0.0319858
22.1085,0.0319876
22.1085,0.0318642
22.1092,0.0318811
22.1106,0.032021
22.1106,0.0321434
22.1115,0.0321255
22.112,0.0321098
22.1122,0.032221
22.1125,0.0320684
22.1134,0.0320599
22.1145,0.0321774
22.1152,0.0321552
22.1152,0.0321358
22.1155,0.0321188
22.116,0.031854
22.1177,0.0318722
22.1179,0.0318882
22.1179,0.0319022
22.1181,0.0317894
22.1196,0.0318157
22.1197,0.0318388
22.12,0.0317339
22.1214,0.0317672
22.1215,0.0317963
22.1216,0.0318217
22.1236,0.031969
22.1236,0.0319729
22.1236,0.0319763
22.1257,0.0322292
22.1257,0.0322006
22.1257,0.0320505
22.1258,0.0319192
22.1277,0.0320543
22.1277,0.0319225
22.1277,0.0318072
22.1292,0.0319563
22.1292,0.0320868
22.1294,0.0319509
22.1295,0.0318321
22.1311,0.031978
22.1312,0.0319808
22.133,0.0319832
22.133,0.0319853
22.1331,0.0321121
22.1331,0.0319731
22.1354,0.0321015
22.1354,0.0322138
22.1369,0.0321871
22.1369,0.0321637
22.1369,0.0321432
22.137,0.0321253
22.1371,0.0321097
22.1387,0.0320959
22.1391,0.032209
22.1406,0.0324328
22.1406,0.0323787
22.1407,0.0323314
22.1407,0.03229
22.141,0.0321287
22.1431,0.0322376
22.1445,0.0324579
22.1445,0.0325257
22.1445,0.032585
22.145,0.0325118
22.145,0.0324479
22.1454,0.0323919
22.147,0.0323429
22.147,0.032175
22.1472,0.0321532
22.1486,0.032259
22.1489,0.0323516
22.1489,0.0321827
22.1491,0.0321598
22.1507,0.0322649
22.1509,0.0322318
22.1512,0.0322028
22.1526,0.0323024
22.1527,0.0323896
22.1527,0.0322159
22.1531,0.0321889
22.1548,0.0322903
22.1549,0.032129
22.155,0.0319879
22.1565,0.0321144
22.1566,0.0319751
22.1567,0.0318532
22.159,0.0319966
22.159,0.032122
22.159,0.0319817
22.1607,0.032109
22.1607,0.0322204
22.1607,0.0320678
22.1608,0.0319344
22.1629,0.0320676
22.1629,0.0321841
22.1629,0.0320361
22.1629,0.0319066
22.1648,0.0319183
22.1649,0.0319285
22.1649,0.0318124
22.1664,0.0319609
22.1665,0.0318408
22.1665,0.0317357
22.1667,0.0315187
22.1687,0.0315789
22.1687,0.0316315
22.1687,0.0316776
22.1707,0.0318429
22.1707,0.0318625
22.1727,0.0320047
22.1727,0.0320041
22.1727,0.0320036
22.1728,0.0320031
22.1728,0.0320028
22.1742,0.0322524
22.1744,0.0320959
22.1745,0.0318339
22.1762,0.0318546
22.1762,0.0318728
22.1764,0.0318887
22.1765,0.0319026
22.1782,0.0320398
22.1784,0.0320348
22.1786,0.0320305
22.1804,0.0321517
22.1804,0.0321327
22.1819,0.0322411
22.182,0.032336
22.182,0.032294
22.1821,0.0322572
22.1824,0.0322251
22.1839,0.0321969
22.184,0.0320473
22.1842,0.0320414
22.1857,0.0321612
22.1859,0.0321411
22.1859,0.0319984
22.1867,0.0319986
22.1867,0.0319988
22.1885,0.031999
22.1894,0.0321241
22.1894,0.0322336
22.1901,0.0322044
22.1901,0.0321788
22.1909,0.0321565
22.1925,0.0321369
22.1925,0.0321198
22.1925,0.0321048
22.1927,0.0320917
22.193,0.0318303
22.1946,0.0318515
22.1954,0.031995
22.1964,0.0322457
22.1965,0.0322149
22.1965,0.0321881
22.1972,0.0322896
22.1972,0.0321284
22.1996,0.0322373
22.1999,0.0323327
22.1999,0.0324161
22.2,0.0322391
22.2,0.0320842
22.201,0.0320737
22.202,0.0319395
22.2034,0.032072
22.2036,0.031938
22.2036,0.0318208
22.2037,0.0317182
22.2039,0.0316284
22.2055,0.0317998
22.2056,0.0316999
22.2077,0.0318624
22.2077,0.0320046
22.2077,0.031879
22.2078,0.0317691
22.2092,0.031923
22.2094,0.0320576
22.2096,0.0319254
22.2111,0.0320597
22.2111,0.0321773
22.2112,0.0320301
22.2115,0.0319013
22.213,0.0317887
22.2131,0.0318151
22.2134,0.0318382
22.2154,0.0319834
22.2154,0.0321105
22.2167,0.0322217
22.2169,0.032319
22.2169,0.0322791
22.217,0.0321192
22.2171,0.0321043
22.2192,0.0323413
22.2192,0.0324236
22.2192,0.0324957
22.2207,0.0324337
22.2209,0.0322545
22.2209,0.0320977
22.2211,0.0319605
22.2226,0.0319654
22.2227,0.0319697
22.223,0.0317235
22.2245,0.0317581
22.2246,0.0317883
22.2247,0.0318148
22.2269,0.0320879
22.2269,0.0320769
22.2269,0.0319423
22.2289,0.0319495
22.2289,0.0319558
22.2289,0.0319614
22.2289,0.0318412
22.2304,0.031986
22.2306,0.0318628
22.2307,0.0317549
22.2311,0.0317856
22.2327,0.0319374
22.2327,0.0320702
22.2327,0.0320614
22.2344,0.0321787
22.2345,0.0320314
22.2345,0.0319025
22.2362,0.0320397
22.2364,0.0321597
22.2364,0.0322647
22.2367,0.0321067
22.2387,0.0322183
22.2387,0.032316
22.2387,0.0321515
22.2402,0.0322576
22.2402,0.0323504
22.2404,0.0324316
22.2405,0.0322526
22.2426,0.0323461
22.2426,0.0324278
22.2441,0.0324993
22.2441,0.0325619
22.2442,0.0326167
22.2442,0.0326646
22.2445,0.0325815
22.2466,0.0326338
22.248,0.0328046
22.248,0.032704
22.248,0.032616
22.2487,0.032539
22.2487,0.0324716
22.2489,0.0324127
22.2502,0.0326111
22.2504,0.0326597
22.2506,0.0324522
22.2521,0.0325207
22.2522,0.0325806
22.2522,0.032508
22.254,0.0325695
22.2541,0.0327483
22.2541,0.0327798
22.2545,0.0326823
22.256,0.032722
22.2564,0.0328818
22.2567,0.0327716
22.2584,0.0329251
22.2584,0.0330595
22.2586,0.032927
22.2586,0.0328112
22.2601,0.0329598
22.2602,0.0328398
22.2602,0.0327348
22.2622,0.032893
22.2622,0.0330313
22.2622,0.0329024
22.264,0.0329146
22.2641,0.0330503
22.2641,0.033044
22.2642,0.0329135
22.2659,0.0329243
22.266,0.0329338
22.2667,0.0328171
22.2667,0.0327149
22.2684,0.0328756
22.2684,0.0327661
22.2684,0.0326703
22.2697,0.0327116
22.27,0.0327476
22.2702,0.0326542
22.2705,0.0325724
22.2719,0.0326258
22.2721,0.0325476
22.2721,0.0324792
22.2732,0.0325443
22.2735,0.0326012
22.274,0.0324011
22.2754,0.0324759
22.2756,0.0322914
22.2759,0.03213
22.2776,0.0322388
22.2776,0.0323339
22.2776,0.0324172
22.279,0.032365
22.2791,0.0323194
22.2805,0.0324045
22.2809,0.0324789
22.281,0.032419
22.281,0.0323667
22.2814,0.0324458
22.2829,0.0323901
22.2831,0.0324663
22.2848,0.032658
22.2849,0.0325758
22.2849,0.0325038
22.2849,0.0324408
22.2866,0.0325107
22.2867,0.0324469
22.2867,0.032391
22.287,0.0323422
22.2885,0.0324244
22.2886,0.0323713
22.2889,0.0323249
22.2904,0.0322843
22.2905,0.0322488
22.2906,0.0322177
22.2922,0.0324405
22.2924,0.0323854
22.2924,0.0323372
22.2946,0.0325451
22.2946,0.0324769
22.2946,0.0324173
22.2946,0.0323652
22.2962,0.0324445
22.2964,0.0323889
22.2965,0.0323403
22.2967,0.0322978
22.2982,0.0323856
22.2984,0.0324624
22.2984,0.0324046
22.3,0.032479
22.3001,0.0324191
22.3002,0.0323667
22.3019,0.0324459
22.302,0.0323902
22.3035,0.0325914
22.3037,0.0326425
22.3039,0.0326872
22.3039,0.0326013
22.3042,0.0325261
22.3054,0.0325853
22.3054,0.0325122
22.3074,0.0326981
22.3074,0.0328609
22.3081,0.0328783
22.3081,0.0328935
22.3092,0.0330318
22.3095,0.0329028
22.31,0.03279
22.31,0.0326912
22.3115,0.0327298
22.3117,0.0326386
22.3117,0.0324338
22.3132,0.0325045
22.3134,0.0325665
22.3136,0.0326207
22.3151,0.0327931
22.3152,0.0328189
22.3152,0.0327166
22.3156,0.032502
22.3171,0.0325643
22.3174,0.0326187
22.3191,0.0329164
22.3191,0.0329268
22.3191,0.032936
22.3191,0.032944
22.3209,0.033076
22.321,0.0329415
22.321,0.0328238
22.3227,0.0329708
22.3227,0.0328495
22.3229,0.0327433
22.3231,0.0327754
22.3246,0.0326785
22.3247,0.0325936
22.325,0.0325194
22.3266,0.0324545
22.3266,0.0323977
22.327,0.032348
22.327,0.0323045
22.3285,0.0322664
22.3286,0.0322331
22.3304,0.032454
22.3304,0.0326472
22.3305,0.0325663
22.3305,0.0324955
22.3327,0.0326836
22.3327,0.0327231
22.3327,0.0326328
22.3342,0.0328037
22.3342,0.0328282
22.3344,0.0328497
22.3345,0.0326185
22.3362,0.0326662
22.3364,0.0327079
22.3365,0.0327444
22.3367,0.0326514
22.3387,0.0326949
22.3387,0.0327331
22.3387,0.0325164
22.3401,0.0325769
22.3402,0.0325048
22.3405,0.0324417
22.342,0.0323865
22.3421,0.0324632
22.3421,0.0325303
22.3425,0.032589
22.344,0.0325154
22.3442,0.0325759
22.3454,0.0327539
22.3459,0.0326597
22.3459,0.0325772
22.3467,0.0326301
22.3467,0.0324263
22.3476,0.032373
22.3476,0.0323264
22.3486,0.0324106
22.3494,0.0323593
22.3496,0.0323144
22.3505,0.0321501
22.3512,0.0321313
22.3514,0.0321149
22.3524,0.0322255
22.3531,0.0323223
22.3531,0.032407
22.3532,0.0324812
22.355,0.032421
22.3551,0.0324934
22.3552,0.0325567
22.356,0.0324871
22.357,0.0324262
22.3579,0.032498
22.3579,0.0325607
22.3587,0.0324906
22.3597,0.0325543
22.3611,0.03286
22.3611,0.0331275
22.3611,0.0331116
22.3611,0.0330976
22.3614,0.0328354
22.3636,0.032856
22.3636,0.032874
22.3641,0.0330147
22.3641,0.0328879
22.3641,0.0327769
22.3651,0.0328048
22.3659,0.0325792
22.3662,0.0325068
22.3677,0.0325684
22.3679,0.0326224
22.3679,0.0324196
22.3681,0.0323671
22.3697,0.0324463
22.3699,0.0325155
22.3715,0.032576
22.3716,0.032629
22.3716,0.0326754
22.3717,0.032466
22.3725,0.0324077
22.3747,0.0326068
22.3751,0.0327809
22.3751,0.0328083
22.3752,0.0328323
22.3752,0.0328532
22.3767,0.0328716
22.3771,0.0328876
22.3771,0.0327767
22.3775,0.0326796
22.3792,0.0328446
22.3795,0.0328641
22.3795,0.0328811
22.38,0.0327709
22.381,0.0327996
22.3811,0.0328246
22.3814,0.0327215
22.3819,0.0326313
22.3835,0.0326774
22.3842,0.0327177
22.3842,0.032753
22.3842,0.0326589
22.3851,0.0325765
22.3859,0.0325045
22.3866,0.0325664
22.3874,0.0326206
22.3881,0.032793
22.3889,0.0328189
22.3889,0.0328415
22.3896,0.0329863
22.3896,0.0329881
22.3907,0.0329895
22.3911,0.0331159
22.3921,0.0332264
22.3925,0.0331981
22.3926,0.0329233
22.3929,0.0326829
22.3945,0.0327225
22.3947,0.0327572
22.3959,0.0329126
22.3959,0.0327985
22.3962,0.0328237
22.3962,0.0327207
22.3982,0.0328806
22.3984,0.0330206
22.3986,0.033018
22.3986,0.0330157
22.3991,0.0330138
22.4007,0.033012
22.4021,0.0332605
22.4029,0.033478
22.4029,0.0335432
22.4031,0.0336003
22.4036,0.0336503
22.4054,0.033694
22.5056,0.0461072
22.5056,0.0567188
22.5056,0.065879
22.5056,0.0738941
22.5056,0.0809073
22.5057,0.0870439
22.5057,0.0922884
22.5057,0.0967524
22.5057,0.100658
22.5057,0.104076
22.5057,0.106817
22.5057,0.109214
22.5057,0.111313
22.5057,0.113149
22.5057,0.11463
22.5058,0.115801
22.5058,0.116826
22.5058,0.117723
22.5058,0.118257
22.5058,0.1186
22.5058,0.1189
22.5058,0.119163
22.5058,0.119267
22.5058,0.119359
22.5058,0.119314
22.5059,0.11915
22.5059,0.118881
22.5059,0.118646
22.5059,0.11844
22.5059,0.118135
22.5059,0.117868
22.5059,0.11751
22.5059,0.117071
22.5059,0.116562
22.506,0.116117
22.506,0.115727
22.506,0.115386
22.506,0.114838
22.506,0.114358
22.506,0.113939
22.506,0.113571
22.506,0.113125
22.506,0.112734
22.506,0.112142
22.5061,0.111625
22.5061,0.111172
22.5061,0.110775
22.5061,0.110303
22.5061,0.109765
22.5061,0.109045
22.5061,0.108414
22.5061,0.107862
22.5061,0.107255
22.5061,0.106723
22.5099,0.106382
22.5121,0.0939596
22.5121,0.0830896
22.5121,0.0735784
22.5122,0.0652561
22.5122,0.0579741
22.5122,0.0516023
22.5146,0.046277
22.515,0.0416174
22.5171,0.0379152
22.5171,0.0346758
22.5171,0.0318414
22.5172,0.0293612
22.5172,0.027191
22.5175,0.0252922
22.5196,0.0238806
22.5221,0.0230206
22.5221,0.022268
22.5221,0.0216095
22.5222,0.0210333
22.5222,0.0205291
22.5222,0.020088
22.5246,0.019952
22.5247,0.019833
22.5271,0.0201039
22.5271,0.0203409
22.5271,0.0205483
22.5272,0.0207297
22.5272,0.0208885
22.5272,0.0210275
22.5296,0.021399
22.5297,0.0217241
22.5321,0.0223836
22.5321,0.0229607
22.5321,0.0234656
22.5322,0.0239074
22.5322,0.024294
22.5324,0.0246322
22.5346,0.0251782
22.535,0.0256559
22.5371,0.0264489
22.5371,0.0271428
22.5371,0.02775
22.5372,0.0281562
22.5372,0.0285117
22.5375,0.0288227
22.5396,0.0293449
22.54,0.0298018
22.5421,0.0305766
22.5421,0.0312545
22.5421,0.0318477
22.5422,0.0323667
22.5422,0.0328209
22.5425,0.0332183
22.5452,0.033941
22.5472,0.0348234
22.5472,0.0355954
22.5472,0.036271
22.5474,0.0364871
22.5474,0.0363012
22.5474,0.0361386
22.5474,0.0359963
22.5474,0.0358717
22.5477,0.0357628
22.5477,0.0356674
22.5497,0.035584
22.5502,0.035636
22.5522,0.0355565
22.5522,0.0354869
22.5524,0.0354261
22.5524,0.0353728
22.5524,0.0353262
22.5527,0.0352854
22.5547,0.0352497
22.555,0.0352185
22.5572,0.0351912
22.5574,0.0351673
22.5574,0.0351464
22.5574,0.0351281
22.5575,0.0351121
22.5577,0.0350981
22.5599,0.0350858
22.56,0.0350751
22.5602,0.0348157
22.5622,0.0348387
22.5622,0.0348589
22.5624,0.0348765
22.5624,0.034892
22.5624,0.0349055
22.5625,0.0346673
22.5625,0.0344589
22.5625,0.0339015
22.5627,0.0334138
22.5664,0.0334871
22.5684,0.0338012
22.5684,0.0340761
22.5684,0.0343165
22.5686,0.034277
22.5686,0.0342424
22.5686,0.0338371
22.5687,0.0334824
22.5687,0.0331721
22.5687,0.0329006
22.5689,0.032663
22.5689,0.0324552
22.5709,0.0322733
22.5711,0.0322391
22.5734,0.0320842
22.5736,0.0319487
22.5736,0.0318301
22.5736,0.0317263
22.5756,0.0318855
22.5759,0.0320249
22.5761,0.0318967
22.5781,0.0317847
22.5784,0.0316866
22.5784,0.0316007
22.5786,0.0315257
22.5786,0.0314599
22.5806,0.0316525
22.5809,0.0318209
22.5809,0.0319683
22.5811,0.0322222
22.5834,0.0326945
22.5836,0.0328577
22.5836,0.0328754
22.5839,0.032641
22.6859,0.0451859
22.6859,0.0561627
22.6859,0.0657673
22.6859,0.0741714
22.6859,0.081275
22.6859,0.0874906
22.6859,0.0925543
22.6859,0.096985
22.6859,0.100862
22.6859,0.104254
22.686,0.107222
22.686,0.10982
22.686,0.111842
22.686,0.113612
22.686,0.115035
22.686,0.116156
22.686,0.117136
22.686,0.117994
22.686,0.118745
22.686,0.119402
22.6861,0.119977
22.6861,0.12048
22.6861,0.12092
22.6861,0.121305
22.6861,0.121142
22.6861,0.120749
22.6861,0.120405
22.6861,0.120105
22.6861,0.119842
22.6861,0.119611
22.6862,0.11941
22.6862,0.119234
22.6862,0.119079
22.6862,0.118945
22.6862,0.118826
22.6862,0.118723
22.6862,0.118383
22.6862,0.11796
22.6862,0.11734
22.6863,0.116797
22.6863,0.116323
22.6863,0.115907
22.6863,0.115294
22.6863,0.114757
22.6863,0.114163
22.6863,0.113392
22.6863,0.112718
22.6863,0.112128
22.6863,0.111612
22.6864,0.111161
22.6864,0.110516
22.6864,0.109951
22.6864,0.109457
22.6864,0.1089
22.6864,0.108163
22.6864,0.107517
22.6864,0.106953
22.6907,0.106959
22.693,0.0944638
22.693,0.0835308
22.693,0.0739644
22.6931,0.0657189
22.6931,0.058504
22.6931,0.052191
22.6932,0.0466671
22.6955,0.0420837
22.6959,0.0380733
22.6979,0.0348141
22.6979,0.0319624
22.698,0.0294671
22.698,0.0272837
22.698,0.0253732
22.6982,0.0238266
22.7004,0.0227232
22.7005,0.0216328
22.7022,0.0209287
22.7024,0.0203126
22.7024,0.0197736
22.7024,0.0193019
22.7032,0.0190141
22.7032,0.0187624
22.7032,0.0185421
22.7048,0.0184743
22.7062,0.018665
22.7064,0.0188319
22.7066,0.0189779
22.7074,0.0192307
22.7077,0.0194518
22.7077,0.0196454
22.7077,0.0198147
22.7089,0.0200878
22.7091,0.0204519
22.7102,0.0208954
22.7112,0.0214085
22.7114,0.0218574
22.7114,0.0222502
22.7116,0.0225939
22.7139,0.0231447
22.7139,0.0236266
22.7139,0.0240483
22.7141,0.0245423
22.7159,0.0250995
22.7162,0.025712
22.7162,0.026248
22.7164,0.026717
22.7166,0.0271274
22.7187,0.0277365
22.7189,0.0282694
22.7189,0.0287357
22.7191,0.0292688
22.7212,0.0299852
22.7212,0.030612
22.7214,0.0311605
22.7214,0.0316405
22.7237,0.0323104
22.7237,0.0328966
22.7239,0.0329095
22.7241,0.0327958
22.7256,0.0328214
22.7256,0.0328437
22.7256,0.0327382
22.7256,0.0326459
22.7256,0.0325652
22.7257,0.0324945
22.7257,0.0321827
22.7264,0.0320349
22.727,0.0316555
22.7272,0.0314486
22.7279,0.0312675
22.7285,0.0312341
22.729,0.0312048
22.7296,0.0311792
22.7301,0.0310318
22.7307,0.0309028
22.7314,0.030665
22.7319,0.0304569
22.7325,0.0303997
22.733,0.0303498
22.7336,0.0304311
22.7341,0.0305022
22.7347,0.0305644
22.7354,0.0307439
22.7359,0.0307759
22.7365,0.0306789
22.737,0.030594
22.7382,0.0307698
22.7382,0.0307985
22.7387,0.0308237
22.7394,0.0309708
22.7399,0.0310994
22.7405,0.031212
22.741,0.0311855
22.7416,0.0311623
22.7421,0.031142
22.7427,0.0311243
22.7434,0.0312337
22.7439,0.0313295
22.7445,0.0312883
22.745,0.0312523
22.7456,0.0313457
22.7462,0.0314275
22.7467,0.0313741
22.7474,0.0313273
22.7479,0.0312864
22.7485,0.0313756
22.749,0.0314537
22.7496,0.0313969
22.7502,0.0314723
22.7507,0.0315383
22.7514,0.031596
22.7519,0.0313965
22.7525,0.0313469
22.753,0.0313036
22.7536,0.0313906
22.7542,0.0313418
22.7547,0.0312991
22.7554,0.0313867
22.7559,0.0313384
22.7565,0.0312961
22.7571,0.031384
22.7576,0.031461
22.7582,0.0316534
22.7587,0.0318217
22.7594,0.032094
22.7599,0.0323323
22.7605,0.0325407
22.7611,0.0328481
22.7616,0.0329921
22.7622,0.0332431
22.7627,0.0333377
22.7634,0.0335455
22.7639,0.0336023
22.7645,0.033652
22.7651,0.0338205
22.7656,0.033843
22.7662,0.0339876
22.7667,0.0339891
22.7674,0.0341155
22.7679,0.0341011
22.7685,0.0340884
22.7691,0.0342024
22.7696,0.0341771
22.7702,0.0342799
22.7707,0.0342449
22.7714,0.0343393
22.772,0.0341719
22.7725,0.0341504
22.7731,0.0342566
22.7736,0.0342245
22.7742,0.0343215
22.7747,0.0342813
22.7754,0.0343711
22.776,0.0343247
22.7765,0.0342841
22.7771,0.0343736
22.7776,0.0343269
22.7782,0.0344111
22.7787,0.0343597
22.7794,0.0344397
22.78,0.0343847
22.7805,0.0343367
22.7811,0.0344196
22.7816,0.0343671
22.7822,0.0344462
22.7827,0.0343905
22.7834,0.0344666
22.784,0.0344083
22.7845,0.0343573
22.7851,0.0344376
22.7856,0.0343829
22.7862,0.03446
22.7869,0.0344025
22.7874,0.0344772
22.788,0.0344176
22.7885,0.0343654
22.7891,0.0344447
22.7902,0.0345141
22.7904,0.0345748
22.7909,0.034503
22.7914,0.0344401
22.792,0.0343851
22.7925,0.034337
22.7931,0.0344198
22.7936,0.0343674
22.7942,0.0344464
22.7954,0.0345156
22.7954,0.0344512
22.7965,0.0345198
22.7965,0.0344548
22.7977,0.034523
22.7977,0.0344576
22.7989,0.0345254
22.7989,0.0344597
22.8,0.0344023
22.8,0.034352
22.8017,0.034433
22.8017,0.0345039
22.8022,0.0345659
22.8022,0.0346201
22.8034,0.0346676
22.8034,0.0345842
22.8045,0.0346361
22.8045,0.0345566
22.8057,0.034612
22.8057,0.0345355
22.8069,0.0345936
22.8069,0.0345194
22.808,0.0344545
22.808,0.0343977
22.8091,0.034473
22.8091,0.0345388
22.8102,0.0345965
22.8102,0.0346469
22.8114,0.0346911
22.8114,0.0346047
22.8126,0.0346541
22.8126,0.0345723
22.8137,0.0346258
22.8137,0.0345476
22.815,0.0346041
22.815,0.0345286
22.816,0.0344625
22.816,0.0344047
22.8171,0.0344791
22.8171,0.0345442
22.8182,0.0346012
22.8182,0.0346511
22.8194,0.0346947
22.8194,0.0346078
22.8206,0.0346569
22.8206,0.0345747
22.8217,0.0346279
22.8217,0.0345494
22.8229,0.0346057
22.8229,0.03453
22.824,0.0344638
22.824,0.0342808
22.8251,0.0343707
22.8251,0.0344494
22.8262,0.0345182
22.8262,0.0345784
22.8275,0.0346311
22.8275,0.0345522
22.8286,0.0346082
22.8286,0.0345322
22.8297,0.0344656
22.8297,0.0344074
22.8309,0.0343565
22.8309,0.0343119
22.832,0.034273
22.832,0.0342388
22.8331,0.034334
22.8331,0.0344172
22.8342,0.0344901
22.8342,0.0345538
22.8356,0.0344846
22.8356,0.034424
22.8366,0.034371
22.8366,0.0343246
22.8377,0.0342841
22.8377,0.0342485
22.8389,0.0342175
22.8389,0.0341903
22.84,0.0341665
22.84,0.0341457
22.8411,0.0342525
22.8411,0.0343459
22.8424,0.0344277
22.8424,0.0344992
22.8435,0.0344368
22.8435,0.0343822
22.8446,0.0343344
22.8446,0.0342926
22.8457,0.0342561
22.8457,0.034224
22.8469,0.034196
22.8469,0.0341715
22.848,0.0341501
22.848,0.0341313
22.8491,0.0342399
22.8491,0.0343349
22.8504,0.0344181
22.8504,0.0344908
22.8515,0.0344295
22.8515,0.0343758
22.8526,0.0343288
22.8526,0.0342877
22.8537,0.0342517
22.8537,0.0342203
22.855,0.0341927
22.855,0.0341686
22.856,0.0341476
22.856,0.0341291
22.8572,0.034238
22.8572,0.0343332
22.8584,0.0344166
22.8584,0.0344895
22.8595,0.0344283
22.8595,0.0343748
22.8606,0.0343279
22.8606,0.0342869
22.8617,0.0342511
22.8617,0.0342197
22.8629,0.0341922
22.8629,0.0341682
22.864,0.0341472
22.864,0.0341288
22.8652,0.0342377
22.8652,0.034333
22.8664,0.0344163
22.8664,0.0344893
22.8675,0.0344281
22.8675,0.0343746
22.8686,0.0343278
22.8686,0.0342868
22.8697,0.034251
22.8697,0.0342196
22.8715,0.0343171
22.8715,0.0344025
22.8721,0.0344772
22.8721,0.0345425
22.8732,0.0345997
22.8732,0.0346498
22.8744,0.0346935
22.8744,0.0347318
22.8756,0.0346404
22.8756,0.0345603
22.8766,0.0344903
22.8766,0.034429
22.8777,0.0343754
22.8777,0.0343284
22.879,0.0342874
22.879,0.0342515
22.8801,0.034345
22.8801,0.0344269
22.8812,0.0344985
22.8812,0.0345612
22.8824,0.0346161
22.8824,0.0346641
22.8835,0.0345811
22.8835,0.0345084
22.8846,0.0344449
22.8846,0.0343893
22.8857,0.0343406
22.8857,0.034298
22.887,0.0342608
22.887,0.0342282
22.8881,0.0343247
22.8881,0.0344091
22.8892,0.0344829
22.8892,0.0345476
22.8904,0.0346041
22.8904,0.0346536
22.8915,0.0345719
22.8915,0.0345004
22.8926,0.0344379
22.8926,0.0343831
22.8939,0.0343352
22.8939,0.0342933
22.895,0.0342567
22.895,0.0342246
22.8961,0.0343215
22.8961,0.0344063
22.8972,0.0344805
22.8972,0.0345455
22.8984,0.0346023
22.8984,0.034652
22.8995,0.0345705
22.8995,0.0344992
22.9006,0.0344368
22.9006,0.0343822
22.9019,0.0343344
22.9019,0.0342926
22.903,0.034256
22.903,0.034224
22.9041,0.034321
22.9041,0.0344059
22.9052,0.0343552
22.9052,0.0343108
22.9064,0.0342719
22.9064,0.0342379
22.9075,0.0342082
22.9075,0.0341822
22.9087,0.0341594
22.9087,0.0341395
22.9099,0.034122
22.9099,0.0341068
22.911,0.0340934
22.911,0.0340818
22.9121,0.0341965
22.9121,0.034297
22.9139,0.0343848
22.9139,0.0344617
22.9144,0.034404
22.9144,0.0343535
22.9156,0.0343093
22.9156,0.0342707
22.9167,0.0342368
22.9167,0.0342072
22.9179,0.0341813
22.9179,0.0341587
22.919,0.0341388
22.919,0.0341215
22.9201,0.0342313
22.9201,0.0343274
22.9212,0.0344115
22.9212,0.034485
22.9224,0.0344244
22.9224,0.0343713
22.9236,0.0343249
22.9236,0.0342843
22.9247,0.0342488
22.9247,0.0342177
22.9259,0.0341905
22.9259,0.0341667
22.927,0.0341458
22.927,0.0341276
22.9281,0.0342366
22.9281,0.0343321
22.9292,0.0344156
22.9292,0.0344886
22.9304,0.0344275
22.9304,0.0343741
22.9316,0.0343273
22.9316,0.0342864
22.9327,0.0342506
22.9327,0.0342193
22.9339,0.0341919
22.9339,0.0341679
22.935,0.0341469
22.935,0.0341285
22.9361,0.0342375
22.9361,0.0343328
22.9372,0.0344162
22.9372,0.0344892
22.9385,0.034428
22.9385,0.0343745
22.9396,0.0343277
22.9396,0.0342867
22.9407,0.0342509
22.9407,0.0342195
22.9419,0.0341921
22.9419,0.0341681
22.943,0.0341471
22.943,0.0341287
22.9441,0.0342376
22.9441,0.0343329
22.9454,0.0344163
22.9454,0.0344892
22.9465,0.0346781
22.9465,0.0345933
22.9476,0.0346442
22.9476,0.0345636
22.9487,0.0346182
22.9487,0.0345409
22.9499,0.0345983
22.9499,0.0345235
22.951,0.0345831
22.951,0.0345102
22.9521,0.0346964
22.9521,0.0347344
22.9534,0.0348926
22.9534,0.034906
22.9545,0.0350427
22.9545,0.0349124
22.9556,0.0349233
22.9556,0.0348079
22.9567,0.0348319
22.9567,0.0347279
22.9585,0.034887
22.9585,0.0349011
22.959,0.0349134
22.959,0.0347993
22.9602,0.0349494
22.9602,0.0349557
22.9614,0.0350862
22.9614,0.0350754
22.9625,0.035191
22.9625,0.0350421
22.9636,0.0350369
22.9636,0.0349073
22.9647,0.0349189
22.9647,0.034804
22.9659,0.0348285
22.9659,0.0347249
22.967,0.0347593
22.967,0.0346644
22.9682,0.0348314
22.9682,0.0348524
22.9694,0.0349959
22.9694,0.0349964
22.9705,0.0351218
22.9705,0.0349816
22.9716,0.0349839
22.9716,0.0348609
22.9727,0.0348783
22.9727,0.0347685
22.9739,0.0347975
22.9739,0.0346978
22.9751,0.0348605
22.9751,0.034878
22.9762,0.0350182
22.9762,0.035016
22.9774,0.035139
22.9774,0.0351216
22.9785,0.0352314
22.9785,0.0350775
22.9796,0.0350678
22.9796,0.0349343
22.9807,0.0349425
22.9807,0.0348247
22.9825,0.0349716
22.9825,0.0349752
22.9831,0.0351033
22.9831,0.0350904
22.9842,0.0352041
22.9842,0.0351786
22.9854,0.0352812
22.9854,0.0352461
22.9865,0.0353403
22.9865,0.0351728
22.9876,0.0351512
22.9876,0.0350073
22.9887,0.0350064
22.9887,0.0348806
22.99,0.0348955
22.99,0.0347836
22.9911,0.0349356
22.9911,0.0349437
22.9922,0.0350757
22.9922,0.0349412
22.9934,0.0349486
22.9934,0.034955
22.9945,0.0350856
22.9945,0.0349499
22.9956,0.0349562
22.9956,0.0348367
22.9967,0.0348571
22.9967,0.0347499
22.998,0.0347812
22.998,0.0346836
22.9991,0.0348481
22.9991,0.0348671
23.0009,0.0350087
23.0009,0.0350076
23.0014,0.0351317
23.0014,0.0351152
23.0025,0.0352258
23.0025,0.0350726
23.0036,0.0350635
23.0036,0.0349306
23.005,0.0349392
23.005,0.0348218
23.006,0.0348441
23.006,0.0347386
23.0071,0.0348963
23.0071,0.0349092
23.0082,0.0350456
23.0082,0.0350399
23.0094,0.0351599
23.0094,0.0350149
23.0105,0.035013
23.0105,0.0348864
23.0116,0.0349006
23.0116,0.034788
23.0129,0.0348145
23.0129,0.0347127
23.014,0.0347486
23.014,0.034655
23.0151,0.0348232
23.0151,0.0348453
23.0162,0.0349896
23.0162,0.0348659
23.0174,0.0348827
23.0174,0.0347723
23.0185,0.0348008
23.0185,0.0347007
23.0197,0.0347381
23.0197,0.0346458
23.0209,0.0346901
23.0209,0.0346038
23.0226,0.0347784
23.0226,0.0348061
23.0231,0.0349553
23.0231,0.0349609
23.0242,0.0350908
23.0242,0.0350794
23.0254,0.0351945
23.0254,0.0350452
23.0266,0.0350395
23.0266,0.0349096
23.0277,0.0349209
23.0277,0.0348058
23.0289,0.0348301
23.0289,0.0347263
23.03,0.0347605
23.03,0.0346655
23.0317,0.0348323
23.0317,0.0348532
23.0322,0.0349966
23.0322,0.034997
23.0334,0.0351224
23.0334,0.0349821
23.0346,0.0349843
23.0346,0.0348613
23.0357,0.0348786
23.0357,0.0347688
23.0369,0.0347977
23.0369,0.034698
23.038,0.0347357
23.038,0.0346438
23.0391,0.0348133
23.0391,0.0348366
23.0402,0.0349821
23.0402,0.0349843
23.0421,0.0352363
23.0421,0.0352067
23.0426,0.0351809
23.0426,0.0350333
23.0437,0.0350291
23.0437,0.0349005
23.045,0.0349129
23.045,0.0347988
23.046,0.0348239
23.046,0.034721
23.0471,0.0348808
23.0471,0.0348957
23.0482,0.0350338
23.0482,0.0350295
23.0495,0.0351508
23.0495,0.035007
23.0506,0.0350061
23.0506,0.0348804
23.0517,0.0348953
23.0517,0.0347834
23.0529,0.0348105
23.0529,0.0347092
23.054,0.0347455
23.054,0.0346523
23.0551,0.0348208
23.0551,0.0348432
23.0564,0.0349878
23.0564,0.0348643
23.0575,0.0348813
23.0575,0.0347711
23.0586,0.0347997
23.0586,0.0346998
23.0597,0.0347373
23.0597,0.0346451
23.0609,0.0346895
23.0609,0.0346033
23.062,0.0346529
23.062,0.0345713
23.0631,0.0347499
23.0631,0.0347811
23.0644,0.0349335
23.0644,0.0349418
23.0656,0.0350741
23.0656,0.0349398
23.0666,0.0349473
23.0666,0.0348289
23.0677,0.0348503
23.0677,0.034744
23.0689,0.034776
23.0689,0.034679
23.07,0.0347191
23.07,0.0346292
23.0712,0.0348006
23.0712,0.0348255
23.0724,0.0349723
23.0724,0.0349758
23.0735,0.0351038
23.0735,0.0349658
23.0746,0.0349701
23.0746,0.0348488
23.0757,0.0348677
23.0757,0.0346343
23.0769,0.034555
23.0769,0.0344856
23.078,0.0345499
23.078,0.0344812
23.0792,0.034671
23.0792,0.0347121
23.0804,0.0348731
23.0804,0.034889
23.0815,0.0350279
23.0815,0.0348994
23.0826,0.034912
23.0826,0.034798
23.0837,0.0348232
23.0837,0.0347203
23.085,0.0347553
23.085,0.0346609
23.0861,0.0348283
23.0861,0.0348497
23.0872,0.0349935
23.0872,0.0349943
23.0884,0.03512
23.0884,0.035105
23.0901,0.0353419
23.0901,0.0352992
23.0906,0.0352618
23.0906,0.035104
23.0917,0.035091
23.0917,0.0349547
23.093,0.0349603
23.093,0.0348403
23.0941,0.0349852
23.0941,0.0349871
23.0952,0.0351137
23.0952,0.0350995
23.0964,0.0352121
23.0964,0.0351855
23.0975,0.0352874
23.0975,0.0351264
23.0986,0.0351106
23.0986,0.0349718
23.0997,0.0349753
23.0997,0.0348534
23.101,0.0348717
23.101,0.0347628
23.1021,0.0349174
23.1021,0.0349277
23.1032,0.0350618
23.1032,0.0350541
23.1044,0.0351723
23.1044,0.0351508
23.1056,0.0352569
23.1056,0.0350998
23.1066,0.0350873
23.1066,0.0349514
23.1079,0.0349575
23.1079,0.0348378
23.109,0.0348581
23.109,0.0347508
23.1101,0.034907
23.1101,0.0349186
23.1112,0.0350538
23.1112,0.035047
23.1124,0.0351662
23.1124,0.0351454
23.1135,0.0352522
23.1135,0.0350957
23.1146,0.0350837
23.1146,0.0349483
23.1159,0.0349547
23.1159,0.0348354
23.1176,0.034981
23.1176,0.0349833
23.1181,0.0351104
23.1181,0.0350966
23.1199,0.0352095
23.1199,0.0351834
23.1204,0.0352854
23.1204,0.0351248
23.1215,0.0351092
23.1215,0.0349705
23.1227,0.0349742
23.1227,0.0348524
23.1239,0.0348709
23.1239,0.034637
23.125,0.0345574
23.125,0.0344877
23.1261,0.0346767
23.1261,0.0347172
23.1272,0.0348775
23.1272,0.0348928
23.1284,0.0350312
23.1284,0.0349023
23.1295,0.0349145
23.1295,0.0348002
23.1307,0.0348252
23.1307,0.034722
23.1319,0.0347568
23.1319,0.0346622
23.133,0.0347044
23.133,0.0346164
23.1341,0.0347893
23.1341,0.0348156
23.1352,0.0349637
23.1352,0.0349682
23.1364,0.0350972
23.1364,0.03496
23.1376,0.034965
23.1376,0.0348444
23.1387,0.0348639
23.1387,0.0347559
23.1399,0.0347864
23.1399,0.0346881
23.141,0.0347271
23.141,0.0346362
23.1421,0.0348067
23.1421,0.0348308
23.1432,0.034977
23.1432,0.0349799
23.1444,0.0351074
23.1444,0.034969
23.1456,0.0349728
23.1456,0.0348512
23.1467,0.0348698
23.1467,0.0347611
23.1479,0.034791
23.1479,0.0346921
23.149,0.0347306
23.149,0.0346393
23.1501,0.0348093
23.1501,0.0348332
23.1512,0.034979
23.1512,0.0348567
23.1525,0.0348746
23.1525,0.0347652
23.1536,0.0347946
23.1536,0.0346953
23.1547,0.0347334
23.1547,0.0346417
23.1559,0.0346865
23.1559,0.0346007
23.157,0.0346506
23.157,0.0345693
23.1581,0.0347481
23.1581,0.0347796
23.1592,0.0349321
23.1592,0.0349406
23.1611,0.035198
23.1611,0.0351733
23.1616,0.0351516
23.1616,0.0350077
23.1627,0.0350067
23.1627,0.0348809
23.1639,0.0348958
23.1639,0.0347838
23.165,0.0348108
23.165,0.0347095
23.1661,0.0348708
23.1661,0.0348869
23.1674,0.0350261
23.1674,0.0350228
23.1685,0.035145
23.1685,0.0350018
23.1696,0.0350016
23.1696,0.0348764
23.1707,0.0348919
23.1707,0.0347804
23.1719,0.0348078
23.1719,0.0347068
23.173,0.0347435
23.173,0.0346506
23.1742,0.0348192
23.1742,0.0348418
23.1754,0.0349866
23.1754,0.0349883
23.1765,0.0351147
23.1765,0.0349754
23.1776,0.0349785
23.1776,0.0348562
23.1787,0.0348741
23.1787,0.0347649
23.1799,0.0347943
23.1799,0.034695
23.181,0.0347331
23.181,0.0346415
23.1822,0.0348113
23.1822,0.0348349
23.1834,0.0349805
23.1834,0.0349829
23.1845,0.0351101
23.1845,0.0349713
23.1856,0.0349749
23.1856,0.034853
23.1867,0.0348714
23.1867,0.0347625
23.1879,0.0347922
23.1879,0.0346931
23.1891,0.0348565
23.1891,0.0348744
23.1902,0.0350151
23.1902,0.0350132
23.1914,0.0351366
23.1914,0.0351195
23.1931,0.0353546
23.1931,0.0353103
23.1936,0.0352715
23.1936,0.0351125
23.1947,0.0350985
23.1947,0.0350862
23.1959,0.0349504
23.1959,0.0348316
23.1971,0.0349776
23.1971,0.0351054
23.1982,0.0352173
23.1982,0.0353151
23.1994,0.0354007
23.1994,0.0354756
23.2011,0.0356662
23.2011,0.0358329
23.2016,0.0357288
23.2016,0.0356377
23.2027,0.035558
23.2027,0.0354882
23.204,0.0354272
23.204,0.0353738
23.2051,0.0354521
23.2051,0.0355206
23.2062,0.0355805
23.2062,0.0356329
23.2074,0.0356788
23.2074,0.035719
23.2085,0.0357541
23.2085,0.0357848
23.2096,0.0356867
23.2096,0.0356009
23.2107,0.0355258
23.2107,0.0354601
23.212,0.0354025
23.212,0.0353522
23.2131,0.0354332
23.2131,0.035504
23.2142,0.035566
23.2142,0.0356203
23.2154,0.0356677
23.2154,0.0357093
23.2165,0.0357456
23.2165,0.0357774
23.2176,0.0356802
23.2176,0.0355952
23.2189,0.0355208
23.2189,0.0354557
23.22,0.0353987
23.22,0.0353489
23.2211,0.0354303
23.2211,0.0355015
23.2222,0.0355638
23.2222,0.0356183
23.2234,0.035666
23.2234,0.0357078
23.2245,0.0356193
23.2245,0.0355419
23.2256,0.0354742
23.2256,0.0354149
23.2269,0.035363
23.2269,0.0353176
23.228,0.0351529
23.228,0.0350088
23.2291,0.0351327
23.2291,0.0352411
23.2302,0.035336
23.2302,0.035419
23.2314,0.0354916
23.2314,0.0355552
23.2325,0.0354858
23.2325,0.035425
23.2337,0.0353719
23.2337,0.0353254
23.2356,0.0354097
23.2356,0.0354835
23.236,0.0352981
23.236,0.0351358
23.2371,0.0352438
23.2371,0.0353384
23.2382,0.0354211
23.2382,0.0354934
23.2394,0.0355568
23.2394,0.0356122
23.2406,0.0355356
23.2406,0.0354687
23.2417,0.0354101
23.2417,0.0353588
23.2429,0.035314
23.2429,0.0352747
23.244,0.0352404
23.244,0.0352103
23.2451,0.035309
23.2451,0.0353954
23.2462,0.035471
23.2462,0.0355371
23.2474,0.035595
23.2474,0.0356456
23.2486,0.0355649
23.2486,0.0354943
23.2497,0.0354325
23.2497,0.0353784
23.2509,0.0353311
23.2509,0.0352897
23.252,0.0352535
23.252,0.0352218
23.2531,0.0353191
23.2531,0.0354042
23.2542,0.0354787
23.2542,0.0355439
23.2556,0.0356009
23.2556,0.0356508
23.2566,0.0355694
23.2566,0.0354982
23.2577,0.035436
23.2577,0.0353815
23.2589,0.0353338
23.2589,0.0352921
23.26,0.0352555
23.26,0.0352236
23.2611,0.0353207
23.2611,0.0354056
23.2622,0.0354799
23.2622,0.0355449
23.2635,0.0356018
23.2635,0.0356516
23.2646,0.0355701
23.2646,0.0354988
23.2657,0.0354365
23.2657,0.0353819
23.2669,0.0353342
23.2669,0.0352924
23.268,0.0352559
23.268,0.0352239
23.2691,0.0353209
23.2691,0.0354058
23.2704,0.0353551
23.2704,0.0353107
23.2715,0.0353968
23.2715,0.0354722
23.2726,0.0354132
23.2726,0.0353616
23.2737,0.0353164
23.2737,0.0352768
23.275,0.0352422
23.275,0.0352119
23.276,0.0351854
23.276,0.0351623
23.2771,0.035267
23.2771,0.0353586
23.2784,0.0354388
23.2784,0.0355089
23.2795,0.0355703
23.2795,0.035624
23.2806,0.035546
23.2806,0.0354778
23.2817,0.035418
23.2817,0.0353658
23.2829,0.0353201
23.2829,0.0352801
23.284,0.035245
23.284,0.0352144
23.2852,0.0353126
23.2852,0.0353985
23.2864,0.0354737
23.2864,0.0355395
23.2875,0.0355971
23.2875,0.0356474
23.2886,0.0355665
23.2886,0.0354957
23.2897,0.0354337
23.2897,0.0353795
23.2909,0.0353321
23.2909,0.0352906
23.292,0.0352542
23.292,0.0352225
23.2932,0.0353197
23.2932,0.0354047
23.2944,0.0354791
23.2944,0.0355442
23.2956,0.0356012
23.2956,0.035651
23.2966,0.0355697
23.2966,0.0354985
23.2977,0.0354361
23.2977,0.0353816
23.2989,0.0353339
23.2989,0.0352922
23.3007,0.0353807
23.3007,0.0354581
23.3012,0.0355258
23.3012,0.0355851
23.3024,0.035637
23.3024,0.0356823
23.3035,0.035722
23.3035,0.0357568
23.3046,0.0356622
23.3046,0.0355794
23.3057,0.035507
23.3057,0.0354436
23.3069,0.0353882
23.3069,0.0353396
23.3081,0.0354222
23.3081,0.0354944
23.3092,0.0355576
23.3092,0.0356129
23.3104,0.0356613
23.3104,0.0357036
23.3115,0.0357407
23.3115,0.0357731
23.3126,0.0356765
23.3126,0.0355919
23.3137,0.0355179
23.3137,0.0354532
23.315,0.0353965
23.315,0.035347
23.3161,0.0354286
23.3161,0.0355
23.3172,0.0355625
23.3172,0.0356172
23.3184,0.035665
23.3184,0.0357069
23.3195,0.0357436
23.3195,0.0357756
23.3206,0.0356787
23.3206,0.0355938
23.3219,0.0355196
23.3219,0.0354546
23.323,0.0353978
23.323,0.0353481
23.3241,0.0354296
23.3241,0.0355009
23.3252,0.0355633
23.3252,0.0356179
23.3264,0.0356656
23.3264,0.0357074
23.3275,0.035744
23.3275,0.035776
23.3286,0.035679
23.3286,0.0355941
23.3299,0.0355199
23.3299,0.0354549
23.331,0.035398
23.331,0.0353483
23.3321,0.0354297
23.3321,0.035501
23.3332,0.0355634
23.3332,0.035618
23.3344,0.0356657
23.3344,0.0357075
23.3362,0.0357441
23.3362,0.0357761
23.3367,0.035679
23.3367,0.0355942
23.3379,0.0355199
23.3379,0.0354549
23.339,0.035398
23.339,0.0353483
23.3401,0.0354298
23.3401,0.035501
23.3412,0.0355634
23.3412,0.035618
23.3424,0.0356657
23.3424,0.0357075
23.3435,0.0356191
23.3435,0.0355417
23.3447,0.035474
23.3447,0.0354147
23.3459,0.0353629
23.3459,0.0353175
23.347,0.0352778
23.347,0.0352431
23.3481,0.0353377
23.3481,0.0354205
23.3492,0.0354929
23.3492,0.0355563
23.3504,0.0356118
23.3504,0.0356603
23.3516,0.0355778
23.3516,0.0355055
23.3527,0.0354424
23.3527,0.0353871
23.3539,0.0353387
23.3539,0.0352963
23.355,0.0352593
23.355,0.0352269
23.3561,0.0353235
23.3561,0.0354081
23.3572,0.0354821
23.3572,0.0355468
23.3584,0.0356035
23.3584,0.035653
23.3596,0.0358214
23.3596,0.0357187
23.3607,0.0357539
23.3607,0.0356596
23.3619,0.0357022
23.3619,0.0356144
23.363,0.0356626
23.363,0.0355798
23.3641,0.0357573
23.3641,0.0357876
23.3652,0.0359392
23.3652,0.0359468
23.3665,0.0360784
23.3665,0.0360686
23.3676,0.0361851
23.3676,0.0360369
23.3687,0.0360323
23.3687,0.0359033
23.3699,0.0359154
23.3699,0.0358009
23.371,0.0358258
23.371,0.0355976
23.3721,0.0356479
23.3721,0.0356919
23.3732,0.0358554
23.3732,0.0358735
23.3745,0.0360143
23.3745,0.0360125
23.3756,0.036136
23.3756,0.035994
23.3767,0.0359947
23.3767,0.0358704
23.3779,0.0358866
23.3779,0.0357758
23.379,0.0358038
23.379,0.0357033
23.3801,0.0358654
23.3801,0.0358822
23.3814,0.0360219
23.3814,0.0360192
23.3825,0.0361418
23.3825,0.0361241
23.3836,0.0362336
23.3836,0.0360794
23.3847,0.0360694
23.3847,0.0359358
23.3859,0.0359438
23.3859,0.0358258
23.387,0.0358476
23.387,0.0357416
23.3882,0.0358989
23.3882,0.0359116
23.3894,0.0360476
23.3894,0.0360417
23.3905,0.0361615
23.3905,0.0361413
23.3916,0.0362486
23.3916,0.0360925
23.3927,0.036081
23.3927,0.0359458
23.3939,0.0359526
23.3939,0.0358335
23.395,0.0358543
23.395,0.0357476
23.3962,0.0359041
23.3962,0.0359161
23.3974,0.0360516
23.3974,0.0360451
23.3985,0.0361645
23.3985,0.0361439
23.3996,0.0362509
23.3996,0.0360946
23.4007,0.0360827
23.4007,0.0359474
23.4019,0.035954
23.4019,0.0358347
23.4031,0.0359804
23.4031,0.0359828
23.4042,0.03611
23.4042,0.0360962
23.4054,0.0362092
23.4054,0.0361831
23.4065,0.0362852
23.4065,0.0362495
23.4076,0.0363433
23.4076,0.0361754
23.4087,0.0361535
23.4087,0.0360093
23.4099,0.0360081
23.4099,0.0358821
23.4111,0.0360219
23.4111,0.0360191
23.4122,0.0361417
23.4122,0.036124
23.4134,0.0362335
23.4134,0.0362043
23.4145,0.0363038
23.4145,0.0362658
23.4156,0.0363576
23.4156,0.0361879
23.4167,0.0361644
23.4167,0.0360188
23.418,0.0360165
23.418,0.0358894
23.4191,0.0360283
23.4191,0.0360247
23.4202,0.0361466
23.4202,0.0361283
23.4214,0.0362373
23.4214,0.0362076
23.4225,0.0363067
23.4225,0.0362683
23.4236,0.0363598
23.4236,0.0361898
23.4247,0.0361661
23.4247,0.0360203
23.426,0.0360178
23.426,0.0358906
23.4271,0.0360292
23.4271,0.0360256
23.4282,0.0361474
23.4282,0.036129
23.4294,0.0362378
23.4294,0.0362081
23.4305,0.0363071
23.4305,0.0362687
23.4316,0.0363601
23.4316,0.0361901
23.4329,0.0361663
23.4329,0.0360205
23.434,0.036018
23.434,0.0358907
23.4351,0.0360294
23.4351,0.0360257
23.4362,0.0361475
23.4362,0.0361291
23.4374,0.0362379
23.4374,0.0362082
23.4385,0.0363072
23.4385,0.0361438
23.4396,0.0361258
23.4396,0.0359851
23.4409,0.0359869
23.4409,0.0358636
23.442,0.0358806
23.442,0.0357705
23.4431,0.0359242
23.4431,0.0359337
23.4442,0.036067
23.4442,0.0360586
23.4454,0.0361763
23.4454,0.0361542
23.4465,0.03626
23.4465,0.0361025
23.4477,0.0360897
23.4477,0.0359535
23.4489,0.0359593
23.4489,0.0358394
23.45,0.0358594
23.45,0.035752
23.4511,0.035908
23.4511,0.0359195
23.4522,0.0360546
23.4522,0.0360477
23.4534,0.0361668
23.4534,0.0361459
23.4545,0.0362527
23.4545,0.0360961
23.4557,0.0360841
23.4557,0.0359486
23.4569,0.035955
23.4569,0.0358356
23.458,0.0358562
23.458,0.0357492
23.4591,0.0359055
23.4591,0.0359173
23.4602,0.0360527
23.4602,0.0360461
23.462,0.0361653
23.462,0.0361446
23.4632,0.0363766
23.4632,0.0363295
23.4637,0.0362883
23.4637,0.0361273
23.465,0.0361114
23.465,0.0359724
23.4666,0.0361009
23.4666,0.0360883
23.4671,0.0362022
23.4671,0.036177
23.4682,0.0362798
23.4682,0.0362449
23.4695,0.0363393
23.4695,0.0362968
23.4712,0.0365097
23.4712,0.036446
23.4717,0.0363903
23.4717,0.0362165
23.4729,0.0361894
23.4729,0.0360407
23.474,0.0360357
23.474,0.0359062
23.4751,0.0360429
23.4751,0.0360376
23.4762,0.0361579
23.4762,0.0361381
23.4775,0.0362459
23.4775,0.0362151
23.4786,0.0363132
23.4786,0.0361491
23.4797,0.0361304
23.4797,0.0359891
23.4809,0.0359905
23.4809,0.0358667
23.482,0.0358833
23.482,0.0357729
23.4831,0.0359263
23.4831,0.0359355
23.4844,0.0360686
23.4844,0.03606
23.4856,0.0361775
23.4856,0.0361553
23.4866,0.0362609
23.4866,0.0361033
23.4877,0.0360904
23.4877,0.0359541
23.4889,0.0359598
23.4889,0.0358398
23.49,0.0358599
23.49,0.0357524
23.4911,0.0359083
23.4911,0.0359198
23.4924,0.0360548
23.4924,0.036048
23.4935,0.036167
23.4935,0.0361461
23.4952,0.0363778
23.4952,0.0365806
23.4957,0.036508
23.4957,0.0364445
23.4969,0.036389
23.4969,0.0363403
23.498,0.0362978
23.498,0.0362606
23.4992,0.036228
23.4992,0.0361995
23.5004,0.0362996
23.5004,0.0363871
23.5015,0.0364637
23.5015,0.0365308
23.5026,0.0364644
23.5026,0.0364064
23.5037,0.0363556
23.5037,0.0363111
23.505,0.0362722
23.505,0.0362382
23.506,0.0362084
23.506,0.0361824
23.5072,0.0361596
23.5072,0.0361396
23.5084,0.0362472
23.5084,0.0363413
23.5095,0.0364236
23.5095,0.0364957
23.5106,0.0365587
23.5106,0.0366139
23.5117,0.0365371
23.5117,0.03647
23.5129,0.0364112
23.5129,0.0363598
23.5141,0.0364399
23.5141,0.0365099
23.5152,0.0365711
23.5152,0.0366247
23.5164,0.0366717
23.5164,0.0367127
23.5175,0.0367486
23.5175,0.03678
23.5186,0.0368075
23.5186,0.0368316
23.5197,0.0367276
23.5197,0.0366367
23.5209,0.0365571
23.5209,0.0364875
23.5221,0.0365515
23.5221,0.0366076
23.5232,0.0366566
23.5232,0.0366996
23.5244,0.0367371
23.5244,0.03677
23.5256,0.0367987
23.5256,0.0368239
23.5266,0.0368459
23.5266,0.0368652
23.5277,0.036757
23.5277,0.0366624
23.529,0.0365796
23.529,0.0365071
23.5301,0.0365687
23.5301,0.0366227
23.5312,0.0365448
23.5312,0.0364767
23.5324,0.0365421
23.5324,0.0365994
23.5335,0.0366494
23.5335,0.0366933
23.5346,0.0367316
23.5346,0.0367652
23.5365,0.0367945
23.5365,0.0368202
23.537,0.0367177
23.537,0.036628
23.5381,0.0366745
23.5381,0.0367152
23.5392,0.0367508
23.5392,0.0367819
23.5404,0.0368092
23.5404,0.036833
23.5415,0.0368539
23.5415,0.0368722
23.5426,0.0368881
23.5426,0.0369021
23.5439,0.0367894
23.5439,0.0366907
23.545,0.0366044
23.545,0.0365288
23.5461,0.0365877
23.5461,0.0366392
23.5472,0.0366843
23.5472,0.0367238
23.5484,0.0367583
23.5484,0.0367885
23.5495,0.036815
23.5495,0.0368381
23.5507,0.0367333
23.5507,0.0366417
23.5519,0.0365615
23.5519,0.0364913
23.553,0.0364299
23.553,0.0363761
23.5541,0.0364541
23.5541,0.0365223
23.5552,0.0365821
23.5552,0.0366343
23.5564,0.03668
23.5564,0.03672
23.5575,0.036755
23.5575,0.0367856
23.5587,0.0366874
23.5587,0.0366015
23.5599,0.0365263
23.5599,0.0364605
23.561,0.036403
23.561,0.0363526
23.5621,0.0364335
23.5621,0.0365043
23.5632,0.0365663
23.5632,0.0366205
23.5644,0.0366679
23.5644,0.0367094
23.5656,0.0367458
23.5656,0.0367775
23.5667,0.0366803
23.5667,0.0365953
23.5679,0.0365209
23.5679,0.0364558
23.569,0.0363988
23.569,0.036349
23.5701,0.0364303
23.5701,0.0365015
23.5712,0.0365638
23.5712,0.0366184
23.5724,0.0365411
23.5724,0.0364734
23.5736,0.0365393
23.5736,0.0365968
23.5747,0.0365222
23.5747,0.036457
23.5759,0.0363998
23.5759,0.0363499
23.577,0.0363061
23.577,0.0362679
23.5781,0.0363594
23.5781,0.0364395
23.5792,0.0365095
23.5792,0.0365708
23.5805,0.0366245
23.5805,0.0366714
23.5816,0.0367125
23.5816,0.0367484
23.5834,0.0367799
23.5834,0.0368074
23.5839,0.0367065
23.5839,0.0366182
23.585,0.0365409
23.585,0.0364733
23.5861,0.0365391
23.5861,0.0365967
23.5872,0.0366471
23.5872,0.0366912
23.5885,0.0367298
23.5885,0.0367636
23.5896,0.0367932
23.5896,0.036819
23.5907,0.0367166
23.5907,0.0366271
23.5919,0.0365487
23.5919,0.0364801
23.593,0.0364201
23.593,0.0363676
23.5941,0.0364466
23.5941,0.0365158
23.5954,0.0365763
23.5954,0.0366293
23.5965,0.0366756
23.5965,0.0367162
23.5976,0.0367516
23.5976,0.0367827
23.5987,0.0366849
23.5987,0.0365992
23.5999,0.0365243
23.5999,0.0364588
23.601,0.0364014
23.601,0.0363513
23.6021,0.0364324
23.6021,0.0365033
23.6034,0.0365654
23.6034,0.0366197
23.6045,0.0366673
23.6045,0.0367088
23.6056,0.0367452
23.6056,0.0367771
23.6067,0.03668
23.6067,0.036595
23.6079,0.0365206
23.6079,0.0364555
23.609,0.0363986
23.609,0.0363488
23.6102,0.0364302
23.6102,0.0365014
23.6114,0.0365637
23.6114,0.0366182
23.6125,0.036666
23.6125,0.0367077
23.6136,0.0367443
23.6136,0.0367762
23.6147,0.0366792
23.6147,0.0365943
23.6159,0.03652
23.6159,0.036455
23.6171,0.0365231
23.6171,0.0365827
23.6182,0.0366349
23.6182,0.0366805
23.6194,0.0365955
23.6194,0.036521
23.6205,0.0365809
23.6205,0.0366333
23.6216,0.0366791
23.6216,0.0367192
23.6227,0.0366293
23.6227,0.0365507
23.6239,0.0364818
23.6239,0.0364216
23.6251,0.0364939
23.6251,0.0365572
23.6262,0.0366125
23.6262,0.036661
23.6274,0.0367033
23.6274,0.0367404
23.6285,0.0367729
23.6285,0.0368013
23.6296,0.0368261
23.6296,0.0368478
23.6307,0.0367419
23.6678,0.0366491
23.6689,0.036693
23.6689,0.0367314
23.67,0.0367649
23.67,0.0367943
23.6711,0.036945
23.6711,0.0370769
23.6722,0.0371923
23.6722,0.0357933
23.6734,0.0345691
23.6734,0.033498
23.6746,0.0325607
23.6746,0.0317406
23.6757,0.031023
23.6757,0.0303952
23.6769,0.0298458
23.6769,0.02924
23.678,0.028835
23.678,0.0283557
23.6791,0.0280612
23.6791,0.0278036
23.6802,0.0277031
23.6802,0.0274902
23.6814,0.0273039
23.6814,0.0271409
23.6826,0.0269983
23.6826,0.0268735
23.6837,0.0267643
23.6837,0.0265438
23.685,0.0264758
23.685,0.0262913
23.686,0.0262549
23.686,0.0260981
23.6871,0.0262108
23.6871,0.0261845
23.6882,0.0262864
23.6882,0.0262506
23.6895,0.0262193
23.6895,0.0261919
23.6906,0.0261679
23.6906,0.0260219
23.6924,0.0261442
23.6924,0.0262511
23.6929,0.0262197
23.6929,0.0261923
23.694,0.0261682
23.694,0.0261472
23.6951,0.0262538
23.6951,0.0263471
23.6962,0.0264287
23.6962,0.0265001
23.6975,0.0264376
23.6975,0.0263829
23.6986,0.026335
23.6986,0.0262932
23.6997,0.0262565
23.6997,0.0262244
23.7009,0.0261964
23.7009,0.0261718
23.702,0.0261504
23.702,0.0261316
23.7031,0.0262401
23.7031,0.0263351
23.7044,0.0264182
23.7044,0.0264909
23.7056,0.0264296
23.7056,0.0263759
23.7066,0.0263289
23.7066,0.0262878
23.7077,0.0262518
23.7077,0.0262203
23.7089,0.0261928
23.7089,0.0261687
23.71,0.0261476
23.71,0.0261292
23.7112,0.026238
23.7112,0.0263333
23.7124,0.0264166
23.7124,0.0264895
23.7135,0.0264283
23.7135,0.0263748
23.7146,0.0263279
23.7146,0.0262869
23.7157,0.0262511
23.7157,0.0262197
23.7169,0.0261922
23.7169,0.0261682
23.718,0.0260222
23.718,0.0258944
23.7192,0.0260326
23.7192,0.0261535
23.7204,0.0262593
23.7204,0.0263519
23.7215,0.0263079
23.7215,0.0262694
23.7226,0.0262358
23.7226,0.0262063
23.7237,0.0261805
23.7237,0.0261579
23.725,0.0261382
23.725,0.0261209
23.7261,0.0262308
23.7261,0.026327
23.7272,0.0264111
23.7272,0.0264847
23.7284,0.0265491
23.7284,0.0266055
23.7295,0.0265298
23.7295,0.0264636
23.7306,0.0264056
23.7306,0.0263549
23.7317,0.0263105
23.7317,0.0262717
23.7329,0.0262378
23.7329,0.026208
23.7341,0.026307
23.7341,0.0263937
23.7352,0.0264694
23.7352,0.0265358
23.7364,0.0265938
23.7364,0.0266446
23.7375,0.026564
23.7375,0.0264935
23.7386,0.0264318
23.7386,0.0263778
23.7397,0.0263306
23.7397,0.0262893
23.741,0.0262531
23.741,0.0262215
23.7427,0.0263188
23.7427,0.0264039
23.7439,0.0264785
23.7439,0.0265436
23.7444,0.0266007
23.7444,0.0266506
23.7456,0.0265693
23.7456,0.0264981
23.7466,0.0264359
23.7466,0.0263814
23.7477,0.0263337
23.7477,0.026292
23.749,0.0262555
23.749,0.0262235
23.7501,0.0263206
23.7501,0.0264055
23.7512,0.0264798
23.7512,0.0265449
23.7524,0.0264768
23.7524,0.0264172
23.7535,0.026365
23.7535,0.0263194
23.7546,0.0262795
23.7546,0.0262445
23.7559,0.026214
23.7559,0.0261872
23.757,0.0261638
23.757,0.0261433
23.7581,0.0262504
23.7581,0.0263441
23.7599,0.0264261
23.7599,0.0264978
23.7604,0.0264356
23.7604,0.0263812
23.7615,0.0263335
23.7615,0.0262918
23.762,0.0261303
23.7626,0.0261141
23.7632,0.0260998
23.7639,0.0260873
23.7644,0.0260764
23.765,0.0260669
23.7656,0.0260585
23.7661,0.0261762
23.7667,0.0261542
23.7672,0.0262599
23.7679,0.0261024
23.769,0.0260896
23.7691,0.0260784
23.7695,0.0260686
23.7701,0.02606
23.7707,0.0260525
23.7712,0.026046
23.7719,0.0260402
23.7724,0.0260352
23.773,0.0260308
23.7741,0.0262769
23.7742,0.0263673
23.7747,0.0264464
23.7752,0.0265156
23.7759,0.0265762
23.7764,0.0265041
23.777,0.0264411
23.7776,0.026386
23.7781,0.0264627
23.7787,0.0264049
23.7792,0.0264793
23.7799,0.0264194
23.7804,0.0264919
23.781,0.0264305
23.7816,0.0265016
23.7821,0.0265639
23.7827,0.0266184
23.7832,0.0266661
23.7839,0.0267079
23.7844,0.0266194
23.785,0.026542
23.7856,0.0264742
23.7861,0.0265399
23.7867,0.0264724
23.7872,0.0265384
23.7879,0.0264711
23.7884,0.0265372
23.789,0.0265951
23.7896,0.0266457
23.7901,0.02669
23.7907,0.0267287
23.7912,0.0267626
23.7919,0.0267923
23.7925,0.0268183
23.793,0.026716
23.7936,0.0267515
23.7941,0.0267825
23.7947,0.0268097
23.7952,0.0268335
23.7959,0.0267293
23.7965,0.0267632
23.797,0.0266678
23.7976,0.0267093
23.7981,0.0267456
23.7994,0.0269024
23.7994,0.0269146
23.7999,0.0269253
23.8005,0.0268096
23.801,0.0267084
23.8016,0.0267449
23.8021,0.0267768
23.8027,0.0268047
23.8032,0.0268291
23.8039,0.0268504
23.8045,0.0268691
23.805,0.0267605
23.8056,0.0267904
23.8061,0.0268166
23.8067,0.0268396
23.8074,0.0268596
23.8079,0.0268772
23.8085,0.0268925
23.809,0.0267809
23.8096,0.0268083
23.8101,0.0268323
23.8107,0.0268533
23.8114,0.0268716
23.8119,0.0268876
23.8125,0.0269017
23.813,0.026789
23.8136,0.0268154
23.8141,0.0268384
23.8147,0.0268586
23.8154,0.0268763
23.8159,0.0268918
23.8165,0.0269053
23.817,0.0267921
23.8176,0.0268181
23.8182,0.0268408
23.8187,0.0268607
23.8194,0.0268781
23.8199,0.0268934
23.8205,0.0269067
23.821,0.0267934
23.8216,0.0268192
23.8222,0.0268418
23.8227,0.0268616
23.8234,0.0268789
23.8239,0.026894
23.8245,0.0269073
23.825,0.0267939
23.8256,0.0266946
23.8262,0.0267328
23.8267,0.0267662
23.8274,0.0267954
23.8279,0.026821
23.8285,0.0268434
23.829,0.0267379
23.8296,0.0267707
23.8302,0.0267994
23.8307,0.0268244
23.8314,0.0268464
23.8319,0.0268656
23.8325,0.0268824
23.8331,0.0268971
23.8336,0.02691
23.8342,0.0269212
23.8347,0.0269311
23.8354,0.0269397
23.8359,0.0269472
23.8365,0.0269538
23.8371,0.0269596
23.8376,0.0269646
23.8382,0.0269691
23.8387,0.0269729
23.8394,0.0269763
23.8399,0.0269793
23.8405,0.0269819
23.8411,0.0269841
23.8416,0.0269861
23.8422,0.0269878
23.8427,0.0269894
23.8434,0.0269907
23.8439,0.0269919
23.8445,0.0269929
23.8451,0.0269938
23.8456,0.0269945
23.8462,0.0269952
23.8467,0.0269958
23.8474,0.0269963
23.848,0.0269968
23.8485,0.0269972
23.8491,0.0269975
23.8496,0.0269979
23.8502,0.0269981
23.8507,0.0269984
23.8514,0.0269986
23.852,0.0269987
23.8525,0.0269989
23.8531,0.026999
23.8536,0.0269992
23.8542,0.0269993
23.8547,0.0269994
23.8554,0.0269994
23.856,0.0269995
23.8565,0.0271246
23.8571,0.027234
23.8576,0.0272047
23.8582,0.0273042
23.8589,0.0272661
23.8594,0.0273579
23.86,0.0273131
23.8605,0.027274
23.8611,0.0273647
23.8616,0.0273191
23.8622,0.0274043
23.8629,0.0273537
23.8634,0.0274345
23.864,0.0273802
23.8645,0.0273327
23.8651,0.0274161
23.8656,0.0273641
23.8662,0.0274436
23.8669,0.0273881
23.8674,0.0274646
23.868,0.0274065
23.8685,0.0273557
23.8691,0.0274362
23.8696,0.0273817
23.8702,0.027459
23.8709,0.0274016
23.8714,0.0274764
23.872,0.0274169
23.8725,0.0273648
23.8731,0.0274442
23.8737,0.0273886
23.8742,0.0274651
23.8754,0.0275319
23.8754,0.0275904
23.8765,0.0276416
23.8765,0.0275614
23.8777,0.0276162
23.8777,0.0275392
23.8789,0.0275968
23.8789,0.0275222
23.88,0.0275819
23.88,0.0275092
23.8811,0.0275705
23.8811,0.0276242
23.8822,0.0276712
23.8822,0.0277123
23.8834,0.0277483
23.8834,0.0277797
23.8846,0.0278073
23.8846,0.0277064
23.8857,0.0277431
23.8857,0.0276502
23.8869,0.0276939
23.8869,0.0276072
23.888,0.0276563
23.888,0.0275742
23.8891,0.0276275
23.8891,0.027674
23.8902,0.0277148
23.8902,0.0277504
23.8914,0.0277816
23.8914,0.0278089
23.8926,0.0278328
23.8926,0.0277287
23.8937,0.0277626
23.8937,0.0276673
23.895,0.0277089
23.895,0.0276203
23.896,0.0276677
23.896,0.0275843
23.8971,0.0276362
23.8971,0.0276817
23.8982,0.0277215
23.8982,0.0277563
23.8995,0.0277868
23.8995,0.0278134
23.9006,0.0278367
23.9006,0.0277321
23.9017,0.0277656
23.9017,0.0276699
23.9029,0.0275862
23.9029,0.0275129
23.904,0.0274488
23.904,0.0273927
23.9051,0.0274686
23.9051,0.027535
23.9062,0.0275932
23.9062,0.027644
23.9075,0.0276885
23.9075,0.0277274
23.9086,0.0276365
23.9086,0.0275569
23.9097,0.0274873
23.9097,0.0274264
23.9109,0.0273731
23.9109,0.0273265
23.9126,0.0274107
23.9126,0.0274843
23.9131,0.0275488
23.9131,0.0276052
23.9144,0.0276545
23.9144,0.0276977
23.9156,0.0277355
23.9156,0.0277686
23.9166,0.0276725
23.9166,0.0275884
23.9177,0.0275149
23.9177,0.0274505
23.9189,0.0273942
23.9189,0.0273449
23.92,0.0273018
23.92,0.0272641
23.9211,0.0273561
23.9211,0.0274366
23.9224,0.027507
23.9224,0.0275686
23.9235,0.0276225
23.9235,0.0276697
23.9246,0.027586
23.9246,0.0275128
23.9257,0.0274487
23.9257,0.0273926
23.9269,0.0273435
23.9269,0.0273006
23.928,0.027263
23.928,0.0272301
23.9292,0.0273264
23.9292,0.0274106
23.9304,0.0274842
23.9304,0.0275487
23.9315,0.0276051
23.9315,0.0276545
23.9332,0.0276977
23.9332,0.0277355
23.9337,0.0276435
23.9337,0.0275631
23.935,0.0274927
23.935,0.0274311
23.936,0.0273772
23.936,0.0273301
23.9372,0.0274138
23.9372,0.0274871
23.9384,0.0275512
23.9384,0.0276073
23.9395,0.0275314
23.9395,0.027465
23.9406,0.0274068
23.9406,0.027356
23.9417,0.0273115
23.9417,0.0272725
23.9429,0.0272385
23.9429,0.0272087
23.9441,0.0274326
23.9441,0.0275035
23.9452,0.0276906
23.9452,0.0277293
23.9464,0.0278881
23.9464,0.0279021
23.9475,0.0280393
23.9475,0.0280344
23.9486,0.0281551
23.9486,0.0280107
23.9497,0.0280094
23.9497,0.0278832
23.9509,0.0278978
23.9509,0.0277856
23.9521,0.0279374
23.9521,0.0279452
23.9532,0.0280771
23.9532,0.0280674
23.9544,0.028184
23.9544,0.028161
23.9556,0.0282659
23.9556,0.0282326
23.9566,0.0283286
23.9566,0.0281625
23.9577,0.0281422
23.9577,0.0279994
23.959,0.0279995
23.959,0.0278745
23.9601,0.0280152
23.9601,0.0278883
23.9612,0.0279023
23.9612,0.0279145
23.9624,0.0280502
23.9624,0.0280439
23.9635,0.0281634
23.9635,0.028143
23.9646,0.0282501
23.9646,0.0280939
23.9659,0.0280821
23.9659,0.0279469
23.967,0.0279535
23.967,0.0278343
23.9681,0.02798
23.9681,0.0279825
23.9692,0.0281097
23.9692,0.028096
23.9704,0.028209
23.9704,0.0281829
23.9721,0.02841
23.9721,0.0283588
23.9726,0.0283139
23.9726,0.0281497
23.9739,0.028131
23.9739,0.0279896
23.975,0.0279909
23.975,0.027867
23.9761,0.0280087
23.9761,0.0280076
23.9772,0.0281316
23.9772,0.0281152
23.9784,0.0282258
23.9784,0.0281976
23.9795,0.0282979
23.9795,0.0281356
23.9814,0.0282437
23.9814,0.0282132
23.9819,0.0281866
23.9819,0.0280382
23.983,0.0280335
23.983,0.0279043
23.9841,0.0280412
23.9841,0.0280361
23.9852,0.0281566
23.9852,0.028137
23.9864,0.0282449
23.9864,0.0282143
23.9881,0.0284375
23.9881,0.0283828
23.9887,0.0283349
23.9887,0.0281681
23.9899,0.0281471
23.9899,0.0280037
23.991,0.0280032
23.991,0.0278778
23.9921,0.0280181
23.9921,0.0280158
23.9932,0.0281389
23.9932,0.0281215
23.995,0.0282313
23.995,0.0282024
23.9962,0.0284271
23.9962,0.0283737
23.9967,0.028327
23.9967,0.0281611
23.9979,0.028141
23.9979,0.0279984
23.999,0.0279986
23.999,0.0277487
24.0001,0.0277801
24.0001,0.0278076
24.0012,0.0279567
24.0012,0.0279621
24.0024,0.0280918
24.0024,0.0280803
24.0036,0.0281953
24.0036,0.0280459
24.0047,0.0280402
24.0047,0.0279101
24.0059,0.0279214
24.0059,0.0278062
24.007,0.0278304
24.007,0.0277266
24.0081,0.0278858
24.0081,0.0277751
24.0092,0.0278032
24.0092,0.0278278
24.0111,0.0280993
24.0111,0.0282119
24.0116,0.0283104
24.0116,0.0281466
24.0127,0.0281283
24.0127,0.0279872
24.0139,0.0279888
24.0139,0.0278652
24.015,0.0278821
24.015,0.0276468
24.0161,0.027691
24.0161,0.0277296
24.0172,0.0278884
24.0172,0.0279023
24.0185,0.0280396
24.0185,0.0280346
24.0196,0.0281553
24.0196,0.0280109
24.0207,0.0280095
24.0207,0.0278833
24.0219,0.0278979
24.0219,0.0277857
24.023,0.0278125
24.023,0.0275859
24.0241,0.0276377
24.0241,0.027683
24.0254,0.0278476
24.0254,0.0278666
24.0265,0.0280083
24.0265,0.0280073
24.0276,0.0281314
24.0276,0.0279899
24.0287,0.0279912
24.0287,0.0278673
24.0299,0.0278839
24.0299,0.0277734
24.031,0.0278017
24.031,0.0277015
24.0322,0.0278638
24.0322,0.0278808
24.0334,0.0280207
24.0334,0.0280181
24.0345,0.0281409
24.0345,0.0282483
24.0356,0.0283422
24.0356,0.0284245
24.0367,0.0283714
24.0367,0.028325
24.0379,0.0282843
24.0379,0.0282488
24.039,0.0280927
24.039,0.0279561
24.0402,0.0280866
24.0402,0.0282008
24.042,0.0283007
24.042,0.0283881
24.0425,0.0284646
24.0425,0.0285315
24.0436,0.0285901
24.0436,0.0286413
24.0447,0.0285611
24.0447,0.028491
24.0459,0.0284296
24.0459,0.0283759
24.0471,0.0284539
24.0471,0.0285222
24.0482,0.0285819
24.0482,0.0286342
24.0494,0.0286799
24.0494,0.0287199
24.0505,0.0287549
24.0505,0.0287856
24.0516,0.0288124
24.0516,0.0288358
24.0527,0.0287313
24.0527,0.0286399
24.0539,0.0285599
24.0539,0.0284899
24.0551,0.0285537
24.0551,0.0286095
24.0562,0.0286583
24.0562,0.028701
24.0574,0.0287384
24.0574,0.0287711
24.0585,0.0287997
24.0585,0.0288247
24.0596,0.0288466
24.0596,0.0288658
24.0607,0.0287576
24.0607,0.0286629
24.062,0.02858
24.062,0.0285075
24.0631,0.0285691
24.0631,0.0286229
24.0642,0.0286701
24.0642,0.0287113
24.0654,0.0287474
24.0654,0.028779
24.0665,0.0288066
24.0665,0.0288308
24.0676,0.0288519
24.0676,0.0288704
24.0687,0.0287616
24.0687,0.0286664
24.07,0.0285831
24.07,0.0285102
24.0717,0.0285715
24.0717,0.028625
24.0722,0.0286719
24.0722,0.0287129
24.0734,0.0287488
24.0734,0.0287802
24.0745,0.0288077
24.0745,0.0288317
24.0756,0.0287277
24.0756,0.0286368
24.0769,0.0285572
24.0769,0.0284875
24.078,0.0284266
24.078,0.0283733
24.0791,0.0284516
24.0791,0.0285202
24.0802,0.0285801
24.0802,0.0286326
24.0814,0.0286785
24.0814,0.0287187
24.0825,0.0287539
24.0825,0.0287846
24.0836,0.0286866
24.0836,0.0286007
24.085,0.0285256
24.085,0.0284599
24.086,0.0284024
24.086,0.0283521
24.0871,0.0284331
24.0871,0.028504
24.0882,0.028566
24.0882,0.0286202
24.0894,0.0286677
24.0894,0.0287092
24.0905,0.0287456
24.0905,0.0287774
24.0917,0.0286802
24.0917,0.0285952
24.0929,0.0285208
24.0929,0.0284557
24.094,0.0283987
24.094,0.0283489
24.0951,0.0284303
24.0951,0.0285015
24.0962,0.0285638
24.0962,0.0286183
24.0974,0.028666
24.0974,0.0287078
24.0985,0.0287443
24.0985,0.0287763
24.0997,0.0286792
24.0997,0.0285943
24.1009,0.02852
24.1009,0.028455
24.102,0.0283982
24.102,0.0283484
24.1031,0.0284298
24.1031,0.0285011
24.1042,0.0285635
24.1042,0.028618
24.1054,0.0286658
24.1054,0.0287076
24.1066,0.0287441
24.1066,0.0287761
24.1077,0.0286791
24.1077,0.0285942
24.1089,0.0285199
24.1089,0.0284549
24.11,0.0283981
24.11,0.0283483
24.1111,0.0284298
24.1111,0.028501
24.1122,0.0285634
24.1122,0.028618
24.1135,0.0286657
24.1135,0.0287075
24.1146,0.0287441
24.1146,0.0287761
24.1157,0.0286791
24.1157,0.0285942
24.1169,0.0285199
24.1169,0.0284549
24.118,0.0283981
24.118,0.0283483
24.1191,0.0284298
24.1191,0.028501
24.1202,0.0285634
24.1202,0.028618
24.1215,0.0286657
24.1215,0.0287075
24.1226,0.0287441
24.1226,0.0287761
24.1237,0.0286791
24.1237,0.0285942
24.125,0.0285199
24.125,0.0284549
24.126,0.028398
24.126,0.0283483
24.1271,0.0284298
24.1271,0.028501
24.1284,0.0285634
24.1284,0.028618
24.1295,0.0287907
24.1295,0.0288169
24.1306,0.0289648
24.1306,0.0289692
24.1317,0.029098
24.1317,0.0289608
24.1329,0.0289657
24.1329,0.028845
24.134,0.0288643
24.134,0.0287563
24.1351,0.0289118
24.1351,0.0289228
24.1364,0.0290574
24.1364,0.0290503
24.1375,0.029169
24.1375,0.0291479
24.1386,0.0292544
24.1386,0.0292226
24.1397,0.0293198
24.1397,0.0291548
24.1409,0.0291354
24.1409,0.0289935
24.142,0.0289943
24.142,0.02887
24.1432,0.0290113
24.1432,0.0290099
24.1444,0.0291336
24.1444,0.0291169
24.1456,0.0292273
24.1456,0.0291989
24.1466,0.029299
24.1466,0.0292617
24.1477,0.0293539
24.1477,0.0291847
24.1489,0.0291616
24.1489,0.0290164
24.15,0.0290144
24.15,0.0288876
24.1512,0.0290266
24.1512,0.0290233
24.1524,0.0291454
24.1524,0.0291272
24.1535,0.0292363
24.1535,0.0292068
24.1546,0.0293059
24.1546,0.0292677
24.1557,0.0293592
24.1557,0.0291893
24.1569,0.0291657
24.1569,0.0290199
24.1587,0.0291425
24.1587,0.0291246
24.1592,0.0292341
24.1592,0.0292048
24.1604,0.0293042
24.1604,0.0292662
24.1615,0.0293579
24.1615,0.0293132
24.1626,0.029399
24.1626,0.0293491
24.1637,0.0294305
24.1637,0.0292517
24.165,0.0292202
24.165,0.0290677
24.1661,0.0291842
24.1661,0.0291612
24.1672,0.0292661
24.1672,0.0292328
24.1684,0.0293287
24.1684,0.0292876
24.1695,0.0293767
24.1695,0.0293296
24.1706,0.0294134
24.1706,0.0293617
24.1717,0.0294415
24.1717,0.0292613
24.173,0.0292286
24.173,0.0290751
24.1741,0.0291907
24.1741,0.0291668
24.1752,0.029271
24.1752,0.0292371
24.1764,0.0293325
24.1764,0.0292909
24.1781,0.0295045
24.1781,0.0295665
24.1786,0.0296207
24.1786,0.0295431
24.1799,0.0296002
24.1799,0.0294002
24.181,0.0293502
24.181,0.0291814
24.1821,0.0292837
24.1821,0.0292482
24.1832,0.0293422
24.1832,0.0292994
24.1844,0.029387
24.1844,0.0293386
24.1856,0.0294213
24.1856,0.0293686
24.1866,0.0294476
24.1866,0.0292666
24.1885,0.0293583
24.1885,0.0293135
24.189,0.0292743
24.189,0.029115
24.1901,0.0292256
24.1901,0.0291974
24.1912,0.0292978
24.1912,0.0292605
24.1924,0.029353
24.1924,0.0293089
24.1935,0.0293952
24.1935,0.0293458
24.1947,0.0294276
24.1947,0.0292492
24.1959,0.029218
24.1959,0.0290658
24.197,0.0290575
24.197,0.0289253
24.1981,0.0290597
24.1981,0.0290522
24.1992,0.0291707
24.1992,0.0291494
24.2004,0.0292557
24.2004,0.0292237
24.2015,0.0293208
24.2015,0.0292807
24.2027,0.0293706
24.2027,0.0291993
24.2039,0.0291743
24.2039,0.0290276
24.205,0.0290241
24.205,0.0288961
24.2061,0.0290341
24.2061,0.0289048
24.2072,0.0289167
24.2072,0.0289271
24.2084,0.0290612
24.2084,0.0290536
24.2096,0.0291719
24.2096,0.0291504
24.2107,0.0292566
24.2107,0.0290995
24.2119,0.0290871
24.2119,0.0289512
24.213,0.0289573
24.213,0.0288376
24.2141,0.0289829
24.2141,0.0289851
24.2152,0.0291119
24.2152,0.0290979
24.2164,0.0292107
24.2164,0.0290594
24.2176,0.0290519
24.2176,0.0290454
24.2187,0.0291648
24.2187,0.0290192
24.2199,0.0290168
24.2199,0.0288897
24.221,0.0289035
24.221,0.0287905
24.2221,0.0289417
24.2221,0.028949
24.2232,0.0290804
24.2232,0.0290703
24.2245,0.0291865
24.2245,0.0291632
24.2256,0.0292678
24.2256,0.0292343
24.2267,0.02933
24.2267,0.0294138
24.2279,0.0293621
24.2279,0.0293168
24.229,0.0292772
24.229,0.0292426
24.2301,0.0293372
24.2301,0.0294201
24.2312,0.0294926
24.2312,0.029556
24.2325,0.0296115
24.2325,0.0296601
24.2336,0.0297026
24.2336,0.0297397
24.2347,0.0297723
24.2347,0.0298007
24.2359,0.0297006
24.2359,0.0296131
24.237,0.0295364
24.237,0.0294694
24.2381,0.0295357
24.2381,0.0295937
24.2394,0.0296445
24.2394,0.029689
24.2405,0.0297278
24.2405,0.0297619
24.2416,0.0297916
24.2416,0.0298177
24.2427,0.0298405
24.2427,0.0298604
24.2439,0.0297529
24.2439,0.0296587
24.245,0.0295764
24.245,0.0295043
24.2461,0.0295663
24.2461,0.0296205
24.2474,0.029668
24.2474,0.0297095
24.2485,0.0297458
24.2485,0.0297776
24.2496,0.0298054
24.2496,0.0298297
24.2507,0.029851
24.2507,0.0298696
24.2519,0.0297609
24.2519,0.0296658
24.253,0.0295826
24.253,0.0295097
24.2542,0.029571
24.2542,0.0296246
24.2554,0.0296716
24.2554,0.0297126
24.2565,0.0297485
24.2565,0.02978
24.2576,0.0298075
24.2576,0.0298315
24.2587,0.0298526
24.2587,0.029871
24.2599,0.0297621
24.2599,0.0296669
24.2611,0.0297085
24.2611,0.029745
24.2622,0.0297768
24.2622,0.0298047
24.2634,0.0298291
24.2634,0.0298505
24.2645,0.0298692
24.2645,0.0298855
24.2656,0.0298998
24.2656,0.0299124
24.2667,0.0299233
24.2667,0.0299329
24.2679,0.0298163
24.2679,0.0297143
24.2691,0.02975
24.2691,0.0297812
24.2702,0.0298086
24.2702,0.0298325
24.2714,0.0298534
24.2714,0.0298718
24.2725,0.0298878
24.2725,0.0299018
24.2736,0.0299141
24.2736,0.0299248
24.2747,0.0299342
24.2747,0.0299424
24.276,0.0298246
24.276,0.0297216
24.2771,0.0297564
24.2771,0.0297868
24.2782,0.0298135
24.2782,0.0298368
24.2794,0.0298572
24.2794,0.029875
24.2805,0.0298907
24.2805,0.0299043
24.2816,0.0299163
24.2816,0.0299267
24.2827,0.0299359
24.2827,0.0299439
24.284,0.0298259
24.284,0.0297227
24.2851,0.0297573
24.2851,0.0297877
24.2862,0.0298142
24.2862,0.0298374
24.2874,0.0298578
24.2874,0.0298755
24.2885,0.0298911
24.2885,0.0299047
24.2896,0.0299166
24.2896,0.029927
24.2909,0.0298112
24.2909,0.0297098
24.292,0.029621
24.292,0.0295434
24.2931,0.0296005
24.2931,0.0296504
24.2942,0.0296941
24.2942,0.0297324
24.2954,0.0297658
24.2954,0.0297951
24.2965,0.0298207
24.2965,0.0298431
24.2976,0.0298627
24.2976,0.0298799
24.2989,0.0297699
24.2989,0.0296737
24.3,0.0295894
24.3,0.0295158
24.3011,0.0295763
24.3011,0.0296293
24.3022,0.0296756
24.3022,0.0297162
24.3034,0.0297516
24.3034,0.0297827
24.3045,0.0298098
24.3045,0.0298336
24.3057,0.0298544
24.3057,0.0298726
24.3069,0.0297635
24.3069,0.0296681
24.308,0.0295846
24.308,0.0295115
24.3091,0.0295726
24.3091,0.029626
24.3102,0.0296727
24.3102,0.0297137
24.3114,0.0297494
24.3114,0.0297808
24.3125,0.0298082
24.3125,0.0298321
24.3137,0.0298531
24.3137,0.0298715
24.315,0.0297625
24.315,0.0296672
24.316,0.0295838
24.316,0.0295108
24.3171,0.029572
24.3171,0.0296255
24.3182,0.0296723
24.3182,0.0297133
24.3194,0.0297491
24.3194,0.0297805
24.3206,0.0298079
24.3206,0.0298319
24.3217,0.0298529
24.3217,0.0298713
24.3229,0.0297624
24.3229,0.0296671
24.324,0.0295837
24.324,0.0295107
24.3251,0.0295719
24.3251,0.0296254
24.3262,0.0296722
24.3262,0.0297132
24.3275,0.0297491
24.3275,0.0297804
24.3286,0.0298079
24.3286,0.0298319
24.3297,0.0298529
24.3297,0.0298713
24.3309,0.0300124
24.3309,0.0298858
24.332,0.0299001
24.332,0.0297876
24.3331,0.0299391
24.3331,0.0299467
24.3342,0.0300784
24.3342,0.0300686
24.3356,0.030185
24.3356,0.0301619
24.3366,0.0302667
24.3366,0.0302333
24.3377,0.0303292
24.3377,0.030288
24.3389,0.030377
24.3389,0.0302049
24.34,0.0301793
24.34,0.0300319
24.3411,0.0301529
24.3411,0.0301338
24.3424,0.030242
24.3424,0.0302118
24.3435,0.0303103
24.3435,0.0302715
24.3446,0.0303626
24.3446,0.0303173
24.3457,0.0304026
24.3457,0.0303523
24.3469,0.0304332
24.3469,0.0302541
24.348,0.0302223
24.348,0.0300695
24.3491,0.0301858
24.3491,0.0301626
24.3504,0.0302673
24.3504,0.0302339
24.3515,0.0303296
24.3515,0.0302884
24.3526,0.0303774
24.3526,0.0303302
24.3537,0.0304139
24.3537,0.0303622
24.355,0.0304419
24.355,0.0302617
24.356,0.030229
24.356,0.0300753
24.3572,0.0301909
24.3572,0.0301671
24.3584,0.0302712
24.3584,0.0302373
24.3595,0.0303326
24.3595,0.030291
24.3606,0.0303797
24.3606,0.0303322
24.3617,0.0304157
24.3617,0.0303637
24.3629,0.0304433
24.3629,0.0302628
24.364,0.03023
24.364,0.0300762
24.3652,0.0301917
24.3652,0.0301677
24.3664,0.0302718
24.3664,0.0302378
24.3675,0.0303331
24.3675,0.0302914
24.3686,0.03038
24.3686,0.0303325
24.3697,0.0304159
24.3697,0.030364
24.3709,0.0304435
24.3709,0.030263
24.3721,0.0303551
24.3721,0.0303108
24.3732,0.0303969
24.3732,0.0303473
24.3744,0.0304289
24.3744,0.0303753
24.3756,0.0304534
24.3756,0.0303967
24.3766,0.0304721
24.3766,0.0304131
24.3777,0.0304865
24.3777,0.0304256
24.3789,0.0304974
24.3789,0.0303103
24.3801,0.0303965
24.3801,0.0303469
24.3812,0.0304286
24.3812,0.030375
24.3824,0.0304531
24.3824,0.0303965
24.3835,0.0304719
24.3835,0.0304129
24.3846,0.0304863
24.3846,0.0304255
24.3857,0.0304973
24.3857,0.0304352
24.387,0.0305058
24.387,0.0303175
24.3881,0.0304029
24.3881,0.0303525
24.3892,0.0304334
24.3892,0.0303793
24.3904,0.0304568
24.3904,0.0303997
24.3915,0.0304748
24.3915,0.0304154
24.3926,0.0304885
24.3926,0.0304274
24.3937,0.030499
24.3937,0.0304366
24.395,0.030507
24.395,0.0303187
24.3961,0.0304038
24.3961,0.0303534
24.3972,0.0304342
24.3972,0.0303799
24.3984,0.0304574
24.3984,0.0304002
24.3995,0.0304752
24.3995,0.0304158
24.4006,0.0304888
24.4006,0.0304277
24.4019,0.0304993
24.4019,0.0303119
24.403,0.0302729
24.403,0.0301138
24.4041,0.0302245
24.4041,0.0301965
24.4052,0.0302969
24.4052,0.0302598
24.4064,0.0303523
24.4064,0.0303083
24.4075,0.0303947
24.4075,0.0303454
24.4087,0.0304272
24.4087,0.0303738
24.4099,0.0304521
24.4099,0.0302706
24.411,0.0302368
24.411,0.0300822
24.4121,0.0301969
24.4121,0.0301723
24.4132,0.0302757
24.4132,0.0302413
24.4144,0.0303361
24.4144,0.0302941
24.4156,0.0303823
24.4156,0.0303345
24.4167,0.0304177
24.4167,0.0303655
24.4179,0.0304448
24.4179,0.0302642
24.419,0.0302312
24.419,0.0300773
24.4201,0.0301926
24.4201,0.0301686
24.4212,0.0302725
24.4212,0.0302384
24.4224,0.0303336
24.4224,0.0302919
24.4236,0.0303804
24.4236,0.0303329
24.4247,0.0304163
24.4247,0.0303642
24.4259,0.0304437
24.4259,0.0302632
24.427,0.0302303
24.427,0.0300765
24.4281,0.030192
24.4281,0.030168
24.4292,0.030272
24.4292,0.030238
24.4304,0.0303332
24.4304,0.0302916
24.4316,0.0303801
24.4316,0.0303326
24.4327,0.030416
24.4327,0.030364
24.4339,0.0304435
24.4339,0.0302631
24.435,0.0302302
24.435,0.0300764
24.4361,0.0301919
24.4361,0.0301679
24.4372,0.0302719
24.4372,0.0302379
24.4385,0.0303332
24.4385,0.0302915
24.4396,0.0303801
24.4396,0.0304576
24.4407,0.0305254
24.4407,0.0305847
24.4419,0.0306366
24.4419,0.030682
24.443,0.0305968
24.443,0.0305222
24.4441,0.0305819
24.4441,0.0306342
24.4452,0.0306799
24.4452,0.0307199
24.4465,0.0307549
24.4465,0.0307856
24.4476,0.0308124
24.4476,0.0308358
24.4487,0.0308563
24.4487,0.0308743
24.4499,0.03089
24.4499,0.0309038
24.451,0.0307908
24.451,0.0306919
24.4521,0.0307304
24.4521,0.0307641
24.4534,0.0307936
24.4534,0.0308194
24.4545,0.030842
24.4545,0.0308617
24.4556,0.030879
24.4556,0.0308941
24.4567,0.0309074
24.4567,0.030919
24.4579,0.0309291
24.4579,0.0309379
24.459,0.0308207
24.459,0.0307181
24.4601,0.0307534
24.4601,0.0307842
24.4614,0.0308112
24.4614,0.0308348
24.4625,0.0308554
24.4625,0.0308735
24.4636,0.0308893
24.4636,0.0309031
24.4647,0.0309152
24.4647,0.0309258
24.4659,0.0309351
24.4659,0.0309432
24.467,0.0308253
24.467,0.0307222
24.4682,0.0307569
24.4682,0.0307873
24.4694,0.0308139
24.4694,0.0308371
24.4705,0.0308575
24.4705,0.0308753
24.4716,0.0308909
24.4716,0.0309045
24.4727,0.0309165
24.4727,0.0309269
24.4739,0.030936
24.4739,0.030944
24.4751,0.030951
24.4751,0.0309572
24.4762,0.0309625
24.4762,0.0309672
24.4774,0.0309713
24.4774,0.0309749
24.4785,0.030978
24.4785,0.0309808
24.4796,0.0309832
24.4796,0.0309853
24.4807,0.0309871
24.4807,0.0309887
24.4819,0.0309901
24.4819,0.0309914
24.4831,0.0309924
24.4831,0.0309934
24.4842,0.0309942
24.4842,0.0309949
24.4854,0.0309956
24.4854,0.0309961
24.4865,0.0309966
24.4865,0.030997
24.4876,0.0309974
24.4876,0.0309977
24.4887,0.030998
24.4887,0.0309983
24.49,0.0309985
24.49,0.0309987
24.4911,0.0309988
24.4911,0.030999
24.4922,0.0309991
24.4922,0.0309992
24.4934,0.0309993
24.4934,0.0309994
24.4945,0.0309995
24.4945,0.0309995
24.4956,0.0309996
24.4956,0.0309996
24.4967,0.0309997
24.4967,0.0309997
24.498,0.0309998
24.498,0.0309998
24.4991,0.0309998
24.4991,0.0309998
24.5002,0.0309999
24.5002,0.0309999
24.5014,0.0309999
24.5014,0.0309999
24.5025,0.0309999
24.5025,0.0309999
24.5036,0.0309999
24.5036,0.0309999
24.505,0.0309999
24.505,0.031
24.506,0.030875
24.506,0.0307656
24.5071,0.0307949
24.5071,0.0308205
24.5082,0.030843
24.5082,0.0308626
24.5094,0.0308798
24.5094,0.0308948
24.5105,0.0309079
24.5105,0.0309195
24.5116,0.0309295
24.5116,0.0309383
24.5129,0.030946
24.5129,0.0309528
24.514,0.0308337
24.514,0.0307295
24.5151,0.0307633
24.5151,0.0307929
24.5162,0.0308188
24.5162,0.0308414
24.5174,0.0308612
24.5174,0.0308786
24.5185,0.0308938
24.5185,0.030907
24.5197,0.0309187
24.5197,0.0309288
24.5209,0.0309377
24.5209,0.0309455
24.522,0.0308273
24.522,0.0307239
24.5231,0.0307584
24.5231,0.0307886
24.5242,0.030815
24.5242,0.0308382
24.5254,0.0308584
24.5254,0.0308761
24.5265,0.0308916
24.5265,0.0309051
24.5277,0.030917
24.5277,0.0309274
24.5289,0.0309364
24.5289,0.0309444
24.53,0.0308263
24.53,0.030723
24.5311,0.0307577
24.5311,0.030788
24.5322,0.0308145
24.5322,0.0308377
24.5334,0.0308579
24.5334,0.0308757
24.5346,0.0308912
24.5346,0.0309048
24.5357,0.0309167
24.5357,0.0309271
24.5369,0.0309362
24.5369,0.0309442
24.538,0.0308262
24.538,0.0307229
24.5391,0.0307575
24.5391,0.0307879
24.5402,0.0308144
24.5402,0.0308376
24.5414,0.0308579
24.5414,0.0308756
24.5426,0.0308912
24.5426,0.0309048
24.5437,0.0309167
24.5437,0.0309271
24.545,0.0309362
24.545,0.0309442
24.546,0.0308262
24.546,0.0307229
24.5471,0.0307575
24.5471,0.0307878
24.5482,0.0308144
24.5482,0.0308376
24.5495,0.0308579
24.5495,0.0308756
24.5506,0.0308912
24.5506,0.0309048
24.5517,0.0309167
24.5517,0.0309271
24.5529,0.0309362
24.5529,0.0309442
24.554,0.0308262
24.554,0.0307229
24.5551,0.0307575
24.5551,0.0307878
24.5564,0.0309394
24.5564,0.0309469
24.5575,0.0310786
24.5575,0.0310687
24.5586,0.0311852
24.5586,0.031162
24.5597,0.0312668
24.5597,0.0312334
24.5609,0.0313292
24.5609,0.0312881
24.562,0.0313771
24.562,0.0312049
24.5631,0.0313043
24.5631,0.0312663
24.5644,0.031358
24.5644,0.0313132
24.5656,0.0313991
24.5656,0.0313492
24.5666,0.0314306
24.5666,0.0313767
24.5677,0.0314546
24.5677,0.0313978
24.5689,0.0314731
24.5689,0.0314139
24.57,0.0314872
24.57,0.0313013
24.5712,0.0313886
24.5712,0.0313401
24.5724,0.0314226
24.5724,0.0313697
24.5735,0.0314485
24.5735,0.0313925
24.5746,0.0314684
24.5746,0.0314098
24.5757,0.0314836
24.5757,0.0314232
24.5769,0.0314953
24.5769,0.0314334
24.578,0.0315042
24.578,0.0313162
24.5792,0.0314016
24.5792,0.0313514
24.5804,0.0314325
24.5804,0.0313784
24.5815,0.0314561
24.5815,0.0313991
24.5826,0.0314742
24.5826,0.0314149
24.5837,0.0314881
24.5837,0.0314271
24.585,0.0314987
24.585,0.0314364
24.5861,0.0316318
24.5861,0.0315528
24.5872,0.0316087
24.5872,0.0315326
24.5884,0.0315911
24.5884,0.0315172
24.5895,0.0315775
24.5895,0.0315053
24.5906,0.0315672
24.5906,0.0314963
24.5917,0.0315592
24.5917,0.0314893
24.5929,0.0315532
24.5929,0.031484
24.5941,0.0316735
24.5941,0.0315893
24.5952,0.0316407
24.5952,0.0315606
24.5964,0.0316155
24.5964,0.0315386
24.5975,0.0315962
24.5975,0.0315217
24.5986,0.0315815
24.5986,0.0315088
24.5997,0.0315702
24.5997,0.0314989
24.601,0.0315616
24.601,0.0314914
24.6021,0.0316799
24.6021,0.031595
24.6032,0.0316456
24.6032,0.0315649
24.6044,0.0316193
24.6044,0.0315419
24.6056,0.0315991
24.6056,0.0315242
24.6066,0.0315837
24.6066,0.0315107
24.6077,0.0315719
24.6077,0.0315004
24.609,0.0315629
24.609,0.0314925
24.6101,0.0316809
24.6101,0.0315958
24.6112,0.0316463
24.6112,0.0315656
24.6124,0.0316199
24.6124,0.0315424
24.6135,0.0315996
24.6135,0.0315246
24.6146,0.0315841
24.6146,0.031511
24.6159,0.0315722
24.6159,0.0315006
24.617,0.0315631
24.617,0.0313677
24.6181,0.0314467
24.6181,0.0313909
24.6192,0.031467
24.6192,0.0314086
24.6204,0.0314826
24.6204,0.0314222
24.6215,0.0314945
24.6215,0.0314327
24.6227,0.0315036
24.6227,0.0314406
24.6239,0.0315105
24.6239,0.0314467
24.625,0.0315159
24.625,0.0313264
24.6261,0.0314106
24.6261,0.0313593
24.6272,0.0314394
24.6272,0.0313844
24.6284,0.0314614
24.6284,0.0314037
24.6295,0.0314782
24.6295,0.0314185
24.6307,0.0314912
24.6307,0.0314298
24.6319,0.031501
24.6319,0.0314384
24.633,0.0315086
24.633,0.03132
24.6341,0.031405
24.6341,0.0313544
24.6352,0.0314351
24.6352,0.0313807
24.6364,0.0314581
24.6364,0.0314009
24.6376,0.0314757
24.6376,0.0314163
24.6387,0.0314892
24.6387,0.0314281
24.6399,0.0314996
24.6399,0.0314371
24.641,0.0315075
24.641,0.0313191
24.6421,0.0314042
24.6421,0.0313536
24.6432,0.0314344
24.6432,0.0313801
24.6444,0.0314576
24.6444,0.0314004
24.6456,0.0314754
24.6456,0.0314159
24.6467,0.0314889
24.6467,0.0314278
24.6479,0.0314994
24.6479,0.0314369
24.649,0.0315073
24.649,0.0313189
24.6501,0.031404
24.6501,0.0313535
24.6512,0.0314343
24.6512,0.03138
24.6525,0.0314575
24.6525,0.0314003
24.6536,0.0314753
24.6536,0.0314159
24.6547,0.0314889
24.6547,0.0314278
24.6559,0.0314993
24.6559,0.0314369
24.657,0.0315073
24.657,0.0313189
24.6581,0.031404
24.6581,0.0313535
24.6592,0.0314343
24.6592,0.03138
24.6605,0.0314575
24.6605,0.0314003
24.6616,0.0314753
24.6616,0.0314159
24.6627,0.0314889
24.6627,0.0314278
24.6639,0.0314993
24.6639,0.0314369
24.665,0.0315073
24.665,0.0313189
24.6661,0.031404
24.6661,0.0313535
24.6674,0.0314343
24.6674,0.03138
24.6685,0.0314575
24.6685,0.0314003
24.6696,0.0314753
24.6696,0.0314159
24.6707,0.0314889
24.6707,0.0314278
24.6719,0.0314993
24.6719,0.0314369
24.673,0.0315073
24.673,0.0313189
24.6741,0.031404
24.6741,0.0313535
24.6754,0.0314343
24.6754,0.03138
24.6765,0.0314575
24.6765,0.0314003
24.6776,0.0314753
24.6776,0.0314159
24.6787,0.0314889
24.6787,0.0314278
24.6799,0.0314993
24.6799,0.0315619
24.681,0.0316167
24.681,0.0316646
24.6822,0.0317065
24.6822,0.0317432
24.6834,0.0317753
24.6834,0.0318034
24.6845,0.031828
24.6845,0.0318495
24.6856,0.0318683
24.6856,0.0318847
24.6867,0.0318992
24.6867,0.0319118
24.6879,0.0319228
24.6879,0.0319324
24.689,0.0319409
24.689,0.0319483
24.6902,0.0319547
24.6902,0.0319604
24.6914,0.0319653
24.6914,0.0319697
24.6925,0.0319735
24.6925,0.0319768
24.6936,0.0319797
24.6936,0.0319822
24.6947,0.0319844
24.6947,0.0319864
24.6959,0.0319881
24.6959,0.0319896
24.6971,0.0321159
24.6971,0.0322264
24.6982,0.0321981
24.6982,0.0321733
24.6994,0.0321517
24.6994,0.0321327
24.7005,0.0321161
24.7005,0.0321016
24.7016,0.0320889
24.7016,0.0320778
24.7027,0.0320681
24.7027,0.0320596
24.704,0.0320521
24.704,0.0320456
24.7051,0.0321649
24.7051,0.0322693
24.7062,0.0322356
24.7062,0.0322062
24.7074,0.0321804
24.7074,0.0321578
24.7085,0.0321381
24.7085,0.0321209
24.7096,0.0321057
24.7096,0.0320925
24.7107,0.032081
24.7107,0.0320708
24.712,0.032062
24.712,0.0320542
24.7131,0.0321725
24.7131,0.0322759
24.7142,0.0322414
24.7142,0.0322112
24.7154,0.0321848
24.7154,0.0321617
24.7165,0.0321415
24.7165,0.0321238
24.7176,0.0321083
24.7176,0.0320948
24.7189,0.0320829
24.7189,0.0320726
24.72,0.0320635
24.72,0.0320556
24.7211,0.0321736
24.7211,0.0322769
24.7222,0.0322423
24.7222,0.032212
24.7234,0.0321855
24.7234,0.0321623
24.7245,0.032142
24.7245,0.0321243
24.7256,0.0321087
24.7256,0.0320952
24.7269,0.0320833
24.7269,0.0320728
24.728,0.0320637
24.728,0.0320558
24.7291,0.0320488
24.7291,0.0320427
24.7302,0.0320374
24.7302,0.0320327
24.7314,0.0320286
24.7314,0.032025
24.7325,0.0320219
24.7325,0.0320192
24.7337,0.0320168
24.7337,0.0320147
24.735,0.0320128
24.735,0.0320112
24.736,0.0320098
24.736,0.0320086
24.7371,0.0320075
24.7371,0.0320066
24.7382,0.0320058
24.7382,0.032005
24.7394,0.0320044
24.7394,0.0320039
24.7405,0.0320034
24.7405,0.032003
24.7417,0.0320026
24.7417,0.0320023
24.7429,0.032002
24.7429,0.0320017
24.744,0.0320015
24.744,0.0320013
24.7451,0.0320012
24.7451,0.032001
24.7462,0.0320009
24.7462,0.0320008
24.7474,0.0320007
24.7474,0.0320006
24.7486,0.0320005
24.7486,0.0320005
24.7497,0.0320004
24.7497,0.0320003
24.7509,0.0320003
24.7509,0.0320003
24.752,0.0320002
24.752,0.0320002
24.7531,0.0320002
24.7531,0.0320002
24.7542,0.0320001
24.7542,0.0320001
24.7554,0.0320001
24.7554,0.0320001
24.7566,0.0320001
24.7566,0.0320001
24.7577,0.0320001
24.7577,0.0320001
24.7589,0.032
24.7589,0.032
24.76,0.032
24.76,0.032
24.7611,0.032
24.7611,0.032
24.7622,0.032
24.7622,0.032
24.7635,0.032
24.7635,0.032
24.7646,0.032
24.7646,0.032
24.7657,0.032
24.7657,0.032
24.7669,0.032
24.7669,0.032
24.768,0.032
24.768,0.032
24.7691,0.032
24.8001,0.032125
24.8001,0.0322344
24.8012,0.0322051
24.8012,0.0321794
24.8024,0.032157
24.8024,0.0321374
24.8035,0.0321202
24.8035,0.0321052
24.8046,0.032092
24.8046,0.0320805
24.8057,0.0320705
24.8057,0.0320617
24.8069,0.0320539
24.8069,0.0320472
24.8081,0.0321663
24.8081,0.0322705
24.8092,0.0322367
24.8092,0.0322071
24.8104,0.0321812
24.8104,0.0321586
24.8115,0.0321387
24.8115,0.0321214
24.8126,0.0322312
24.8126,0.0322023
24.8137,0.032302
24.8137,0.0322643
24.815,0.0323562
24.815,0.0323117
24.8161,0.0325227
24.8161,0.0325824
24.8172,0.0327596
24.8172,0.0326647
24.8184,0.0327066
24.8184,0.0326182
24.8195,0.032666
24.8195,0.0325827
24.8206,0.0326349
24.8206,0.0325555
24.8217,0.0326111
24.8217,0.0325347
24.823,0.0325929
24.823,0.0325187
24.8241,0.0327039
24.8241,0.0327409
24.8252,0.0328983
24.8252,0.032786
24.8264,0.0328128
24.8264,0.0327112
24.8275,0.0327473
24.8275,0.0326539
24.8286,0.0326971
24.8286,0.03261
24.8299,0.0326587
24.8299,0.0325764
24.831,0.0326293
24.831,0.0325507
24.8321,0.0327318
24.8321,0.0326404
24.8332,0.0326853
24.8332,0.0325997
24.8344,0.0326497
24.8344,0.0325685
24.8356,0.0326224
24.8356,0.0325446
24.8366,0.0326015
24.8366,0.0325263
24.8379,0.0325856
24.8379,0.0325124
24.839,0.0325733
24.839,0.0325016
24.8401,0.0326889
24.8401,0.0326028
24.8412,0.0326525
24.8412,0.0325709
24.8424,0.0326245
24.8424,0.0325465
24.8435,0.0326032
24.8435,0.0325278
24.8447,0.0325868
24.8447,0.0325134
24.8459,0.0325743
24.8459,0.0325025
24.847,0.0325647
24.847,0.0324941
24.8481,0.0326823
24.8481,0.032597
24.8492,0.0326474
24.8492,0.0325665
24.8504,0.0326207
24.8504,0.0325431
24.8516,0.0326002
24.8516,0.0325252
24.8527,0.0325845
24.8527,0.0325115
24.8539,0.0325725
24.8539,0.032501
24.855,0.0325633
24.855,0.0324929
24.8561,0.0326813
24.8561,0.0325961
24.8572,0.0326466
24.8572,0.0325658
24.8584,0.0326201
24.8584,0.0325426
24.8596,0.0325997
24.8596,0.0325248
24.8607,0.0325842
24.8607,0.0325112
24.8619,0.0325723
24.8619,0.0325007
24.863,0.0325631
24.863,0.0324927
24.8641,0.0326811
24.8641,0.032596
24.8652,0.0326465
24.8652,0.0325657
24.8665,0.03262
24.8665,0.0325425
24.8676,0.0325997
24.8676,0.0325247
24.8687,0.0325841
24.8687,0.0325111
24.8699,0.0325722
24.8699,0.0325007
24.871,0.0325631
24.871,0.0324927
24.8721,0.0326811
24.8721,0.032596
24.8732,0.0326465
24.8732,0.0325657
24.8745,0.03262
24.8745,0.0325425
24.8756,0.0325997
24.8756,0.0325247
24.8767,0.0325841
24.8767,0.0325111
24.8779,0.0325722
24.8779,0.0325007
24.879,0.0325631
24.879,0.0324927
24.8801,0.0326811
24.8801,0.032596
24.8814,0.0326465
24.8814,0.0325657
24.8825,0.03262
24.8825,0.0325425
24.8836,0.0325997
24.8836,0.0325247
24.8847,0.0325841
24.8847,0.0325111
24.8859,0.0325722
24.8859,0.0325007
24.887,0.0325631
24.887,0.0324927
24.8881,0.0326811
24.8881,0.032596
24.8894,0.0326465
24.8894,0.0325657
24.8905,0.03262
24.8905,0.0325425
24.8916,0.0325997
24.8916,0.0325247
24.8927,0.0325841
24.8927,0.0325111
24.8939,0.0325722
24.8939,0.0325007
24.895,0.0325631
24.895,0.0324927
24.8962,0.0326811
24.8962,0.032596
24.8974,0.0326465
24.8974,0.0325657
24.8985,0.03262
24.8985,0.0325425
24.8996,0.0325997
24.8996,0.0325247
24.9007,0.0325841
24.9007,0.0325111
24.9019,0.0325722
24.9019,0.0325007
24.903,0.0325631
24.903,0.0324927
24.9042,0.0326811
24.9042,0.032596
24.9054,0.0326465
24.9054,0.0325657
24.9065,0.03262
24.9065,0.0325425
24.9076,0.0325997
24.9076,0.0325247
24.9087,0.0325841
24.9087,0.0325111
24.9099,0.0325722
24.9099,0.0325007
24.9111,0.0326881
24.9111,0.0327271
24.9122,0.0328862
24.9122,0.0327754
24.9134,0.0328035
24.9134,0.0327031
24.9145,0.0327402
24.9145,0.0326477
24.9156,0.0326917
24.9156,0.0326052
24.9167,0.0326546
24.9167,0.0325728
24.918,0.0326262
24.918,0.0325479
24.9191,0.0327294
24.9191,0.0327632
24.9202,0.0329178
24.9202,0.0328031
24.9214,0.0328277
24.9214,0.0327242
24.9225,0.0327587
24.9225,0.0326639
24.9236,0.0327059
24.9236,0.0326177
24.9247,0.0326654
24.9247,0.0325823
24.926,0.0326345
24.926,0.0325552
24.9271,0.0327358
24.9271,0.0327688
24.9282,0.0329227
24.9282,0.0328074
24.9294,0.0328314
24.9294,0.0327275
24.9305,0.0327616
24.9305,0.0326664
24.9316,0.0327081
24.9316,0.0326196
24.9329,0.0326671
24.9329,0.0325837
24.934,0.0326358
24.934,0.0325563
24.9351,0.0327368
24.9351,0.0327697
24.9362,0.0329235
24.9362,0.032808
24.9374,0.032832
24.9374,0.032728
24.9385,0.032762
24.9385,0.0326668
24.9396,0.0327084
24.9396,0.0326199
24.9409,0.0326674
24.9409,0.032584
24.942,0.032636
24.942,0.0325565
24.9431,0.0327369
24.9431,0.0326448
24.9442,0.0326892
24.9442,0.032603
24.9454,0.0326527
24.9454,0.0325711
24.9465,0.0326247
24.9465,0.0325466
24.9477,0.0326033
24.9477,0.0325279
24.9489,0.0325869
24.9489,0.0325135
24.95,0.0325743
24.95,0.0325025
24.9511,0.0326897
24.9511,0.0326035
24.9522,0.0326531
24.9522,0.0325714
24.9534,0.032625
24.9534,0.0325469
24.9545,0.0326035
24.9545,0.0326531
24.9557,0.0326964
24.9557,0.0327344
24.9569,0.0327676
24.9569,0.0327966
24.958,0.0328221
24.958,0.0328443
24.9591,0.0329888
24.9591,0.0331152
24.9602,0.0331008
24.9602,0.0330882
24.9614,0.0330772
24.9614,0.0330675
24.9626,0.0330591
24.9626,0.0330517
24.9637,0.0330452
24.9637,0.0330396
24.965,0.0330346
24.965,0.0330303
24.966,0.0330265
24.966,0.0330232
24.9671,0.0331453
24.9671,0.0332521
24.9682,0.0332206
24.9682,0.033193
24.9694,0.0331689
24.9694,0.0331478
24.9706,0.0331293
24.9706,0.0331132
24.9717,0.033099
24.9717,0.0330866
24.9729,0.0330758
24.9729,0.0330663
24.974,0.033058
24.974,0.0330508
24.9751,0.0331694
24.9751,0.0332733
24.9762,0.0332391
24.9762,0.0332092
24.9775,0.0331831
24.9775,0.0331602
24.9786,0.0331402
24.9786,0.0331226
24.9797,0.0331073
24.9797,0.0330939
24.9809,0.0330822
24.9809,0.0330719
24.982,0.0330629
24.982,0.033055
24.9831,0.0331732
24.9831,0.0332765
24.9842,0.0332419
24.9842,0.0332117
24.9856,0.0331852
24.9856,0.0331621
24.9866,0.0331418
24.9866,0.0331241
24.9877,0.0331086
24.9877,0.033095
24.9889,0.0330831
24.9889,0.0330727
24.99,0.0330636
24.99,0.0330557
24.9911,0.0331737
24.9911,0.033277
24.9924,0.0332424
24.9924,0.0332121
24.9935,0.0331856
24.9935,0.0331624
24.9946,0.0331421
24.9946,0.0331243
24.9957,0.0331088
24.9957,0.0330952
24.9969,0.0330833
24.9969,0.0330729
24.998,0.0330638
24.998,0.0330558
24.9992,0.0331738
24.9992,0.0332771
25.0004,0.0332425
25.0004,0.0332121
25.0015,0.0331856
25.0015,0.0331624
25.0026,0.0331421
25.0026,0.0331244
25.0037,0.0331088
25.0037,0.0330952
25.005,0.0330833
25.005,0.0330729
25.006,0.0330638
25.006,0.0330558
25.0072,0.0331738
25.0072,0.0332771
25.0084,0.0332425
25.0084,0.0332122
25.0095,0.0331856
25.0095,0.0331624
25.0106,0.0331421
25.0106,0.0331244
25.0117,0.0331088
25.0117,0.0330952
25.0129,0.0330833
25.0129,0.0330729
25.0141,0.0331888
25.0141,0.0332902
25.0152,0.0333789
25.0152,0.0334565
25.0164,0.0333995
25.0164,0.0333495
25.0175,0.0333059
25.0175,0.0332676
25.0186,0.0332342
25.0186,0.0332049
25.0197,0.0331793
25.0197,0.0331569
25.0209,0.0331373
25.0209,0.0331201
25.0221,0.0332301
25.0221,0.0333263
25.0232,0.0334105
25.0232,0.0334842
25.0244,0.0334237
25.0244,0.0333707
25.0256,0.0333244
25.0256,0.0332838
25.0266,0.0332484
25.0266,0.0332173
25.0277,0.0331901
25.0277,0.0331664
25.029,0.0331456
25.029,0.0331274
25.0301,0.0332365
25.0301,0.0333319
25.0312,0.0334154
25.0312,0.0334885
25.0324,0.0334274
25.0324,0.033374
25.0335,0.0333272
25.0335,0.0332863
25.0346,0.0332505
25.0346,0.0332192
25.0357,0.0331918
25.0357,0.0331678
25.037,0.0331469
25.037,0.0331285
25.0381,0.0332374
25.0381,0.0333328
25.0392,0.0334162
25.0392,0.0334891
25.0404,0.033428
25.0404,0.0333745
25.0415,0.0333277
25.0415,0.0332867
25.0426,0.0332509
25.0426,0.0332195
25.0439,0.0331921
25.0439,0.0331681
25.045,0.0331471
25.045,0.0331287
25.0461,0.0332376
25.0461,0.0333329
25.0472,0.0332913
25.0472,0.0332549
25.0484,0.033223
25.0484,0.0331951
25.0495,0.0331707
25.0495,0.0331494
25.0506,0.0331307
25.0506,0.0331144
25.0519,0.0331001
25.0519,0.0330876
25.053,0.0330766
25.053,0.033067
25.0541,0.0331837
25.0541,0.0332857
25.0552,0.03325
25.0552,0.0332187
25.0564,0.0331914
25.0564,0.0331675
25.0575,0.0331465
25.0575,0.0331282
25.0587,0.0331122
25.0587,0.0330982
25.0599,0.0330859
25.0599,0.0330752
25.061,0.0330658
25.061,0.0330575
25.0621,0.0331753
25.0621,0.0332784
25.0632,0.0332436
25.0632,0.0332132
25.0644,0.0331865
25.0644,0.0331632
25.0656,0.0331428
25.0656,0.033125
25.0667,0.0331093
25.0667,0.0330957
25.0679,0.0330837
25.0679,0.0330732
25.069,0.0330641
25.069,0.0330561
25.0701,0.0331741
25.0701,0.0332773
25.0712,0.0332426
25.0712,0.0332123
25.0724,0.0331858
25.0724,0.0331626
25.0736,0.0331422
25.0736,0.0331245
25.0747,0.0331089
25.0747,0.0330953
25.0759,0.0330834
25.0759,0.033073
25.077,0.0330638
25.077,0.0330559
25.0781,0.0331739
25.0781,0.0332771
25.0792,0.0332425
25.0792,0.0332122
25.0805,0.0331857
25.0805,0.0331625
25.0816,0.0331421
25.0816,0.0331244
25.0827,0.0331088
25.0827,0.0330952
25.0839,0.0330833
25.0839,0.0330729
25.085,0.0330638
25.085,0.0330558
25.0861,0.0331738
25.0861,0.0332771
25.0872,0.0332425
25.0872,0.0332122
25.0885,0.0331856
25.0885,0.0331624
25.0896,0.0331421
25.0896,0.0331244
25.0907,0.0331088
25.0907,0.0330952
25.0919,0.0330833
25.0919,0.0330729
25.093,0.0330638
25.093,0.0330558
25.0941,0.0331738
25.0941,0.0332771
25.0954,0.0332425
25.0954,0.0332122
25.0965,0.0331856
25.0965,0.0331624
25.0976,0.0331421
25.0976,0.0331244
25.0987,0.0331088
25.0987,0.0330952
25.0999,0.0330833
25.0999,0.0330729
25.101,0.0330638
25.101,0.0330558
25.1021,0.0331738
25.1021,0.0332771
25.1034,0.0332425
25.1034,0.0332122
25.1045,0.0331856
25.1045,0.0331624
25.1056,0.0331421
25.1056,0.0331244
25.1067,0.0331088
25.1067,0.0330952
25.1079,0.0330833
25.1079,0.0330729
25.109,0.0330638
25.109,0.0330558
25.1102,0.0331738
25.1102,0.0332771
25.1114,0.0332425
25.1114,0.0332122
25.1125,0.0333106
25.1125,0.0332718
25.1136,0.0333628
25.1136,0.0333175
25.1147,0.0334028
25.1147,0.0333524
25.1159,0.0334334
25.1159,0.0333792
25.117,0.0334568
25.117,0.0333997
25.1182,0.0335997
25.1182,0.0336498
25.1194,0.0338186
25.1194,0.0337162
25.1205,0.0337517
25.1205,0.0336577
25.1216,0.0337005
25.1216,0.033613
25.1227,0.0336613
25.1227,0.0335787
25.1239,0.0336313
25.1239,0.0335524
25.1251,0.0337334
25.1251,0.0337667
25.1262,0.0339209
25.1262,0.0339307
25.1274,0.0340644
25.1274,0.0339314
25.1285,0.0339399
25.1285,0.0338224
25.1296,0.0338446
25.1296,0.0337391
25.1307,0.0337717
25.1307,0.0336752
25.1319,0.0337158
25.1319,0.0336263
25.1331,0.033798
25.1331,0.0338233
25.1342,0.0339704
25.1342,0.0339741
25.1354,0.0341023
25.1354,0.0339645
25.1365,0.033969
25.1365,0.0338478
25.1376,0.0338669
25.1376,0.0337585
25.1389,0.0337887
25.1389,0.0336901
25.14,0.0337288
25.14,0.0336377
25.1411,0.033808
25.1411,0.033832
25.1422,0.033978
25.1422,0.0339808
25.1434,0.0341082
25.1434,0.0339696
25.1445,0.0339734
25.1445,0.0338518
25.1456,0.0338703
25.1456,0.0337615
25.1469,0.0337913
25.1469,0.0336924
25.148,0.0337308
25.148,0.0336395
25.1491,0.0338096
25.1491,0.0338334
25.1502,0.0339792
25.1502,0.0339818
25.1514,0.0341091
25.1514,0.0339704
25.1525,0.0339741
25.1525,0.0338524
25.1537,0.0338708
25.1537,0.033762
25.155,0.0337917
25.155,0.0336928
25.156,0.0337312
25.156,0.0336398
25.1571,0.0338098
25.1571,0.0338336
25.1582,0.0339794
25.1582,0.0338569
25.1594,0.0338748
25.1594,0.0337655
25.1605,0.0337948
25.1605,0.0336954
25.1617,0.0337335
25.1617,0.0336418
25.1629,0.0336866
25.1629,0.0336008
25.164,0.0336507
25.164,0.0335693
25.1651,0.0337482
25.1651,0.0337796
25.1662,0.0339322
25.1662,0.0338157
25.1674,0.0338387
25.1674,0.0337339
25.1686,0.0337671
25.1686,0.0336712
25.1697,0.0337123
25.1697,0.0336233
25.1709,0.0336704
25.1709,0.0335866
25.172,0.0336383
25.172,0.0335585
25.1731,0.0337387
25.1731,0.0337713
25.1742,0.0339249
25.1742,0.0338093
25.1754,0.0338331
25.1754,0.033729
25.1766,0.0337629
25.1766,0.0336675
25.1777,0.0337091
25.1777,0.0336204
25.1789,0.0336679
25.1789,0.0335844
25.18,0.0336363
25.18,0.0335568
25.1811,0.0337372
25.1811,0.0337701
25.1822,0.0339238
25.1822,0.0338083
25.1835,0.0338323
25.1835,0.0337282
25.1846,0.0337622
25.1846,0.0336669
25.1857,0.0337086
25.1857,0.03362
25.1869,0.0336675
25.1869,0.0335841
25.188,0.0336361
25.188,0.0335565
25.1891,0.033737
25.1891,0.0337699
25.1902,0.0339236
25.1902,0.0338082
25.1915,0.0338321
25.1915,0.0337281
25.1926,0.0337621
25.1926,0.0336668
25.1937,0.0337085
25.1937,0.0336199
25.195,0.0336674
25.195,0.033584
25.196,0.033636
25.196,0.0335565
25.1971,0.0337369
25.1971,0.0337698
25.1984,0.0339236
25.1984,0.0338081
25.1995,0.0338321
25.1995,0.0337281